cgpa,backlogs,college_tier,country,university_ranking_band,internship_count,aptitude_score,communication_score,specialization,industry,internship_quality_score,placement_status,salary,college_tier_score,univ_ranking_score
7.397371322,1,Tier 2,Canada,100-300,2,53.57415003,64.17706233,Data Science,Consulting,5.481449846,Placed,104124.3678,2,2
6.889388559,0,Tier 3,UK,300+,1,60.68775004,88.34605151,Data Science,Consulting,4.625099377,Placed,80586.83831,1,1
7.51815083,0,Tier 1,UK,100-300,2,64.56874987,69.49317116,Cybersecurity,Healthcare,5.227938628,Placed,114444.3181,3,2
8.218423885,0,Tier 2,UK,100-300,3,73.46150014,78.20485412,AI/ML,Tech,5.150673765,Placed,120000.0,2,2
6.8126773,1,Tier 2,USA,100-300,4,86.51812058,44.68088106,Data Science,Consulting,3.888824314,Placed,120000.0,2,2
8.263370252,1,Tier 3,India,300+,2,61.93859439,71.83706818,Core CS,Manufacturing,3.366859764,Placed,37961.5454,1,1
6.624420491,0,Tier 2,India,100-300,3,70.13397901,78.08772722,Cloud,Consulting,5.026075477,Placed,45794.4293,2,2
6.629265846,1,Tier 2,USA,Top 100,2,64.24278661,73.08297386,Cloud,Healthcare,4.778924892,Placed,99717.52926,2,3
6.189735104,1,Tier 1,USA,100-300,0,65.14670895,48.96862443,Data Science,Tech,6.973043921,Placed,120000.0,3,2
7.251397866,2,Tier 1,India,100-300,1,71.73040648,59.52219543,Core CS,Other,6.01086753,Placed,52572.37664,3,2
5.870157039,1,Tier 3,Canada,100-300,2,76.01966061,84.96776026,Core CS,Tech,9.320751544,Placed,80329.952,1,2
8.172519015,1,Tier 2,USA,300+,2,93.118756,46.48934922,Data Science,Tech,4.493543239,Placed,120000.0,2,1
6.81937896,0,Tier 3,Germany,Top 100,0,66.8122611,57.57184357,AI/ML,Tech,2.795812341,Placed,84909.08784,1,3
6.56449382,1,Tier 2,Germany,100-300,2,97.62886532,73.53209988,Cloud,Healthcare,5.457736568,Placed,84269.98553,2,2
7.300558415,1,Tier 1,India,100-300,1,79.11865762,78.05316174,Core CS,Manufacturing,5.710089959,Placed,56107.92842,3,2
6.519489048,0,Tier 2,USA,Top 100,2,60.51390149,49.51317165,Cybersecurity,Consulting,6.56862328,Placed,106322.7661,2,3
6.766645,0,Tier 2,USA,100-300,3,76.1813138,47.2791453,AI/ML,Tech,3.800984718,Placed,120000.0,2,2
6.51863471,1,Tier 3,UK,300+,2,85.83847679,87.49725503,AI/ML,Finance,3.460430331,Placed,98003.22848,1,1
6.98920222,1,Tier 3,UK,Top 100,2,58.27827893,53.91168634,Data Science,Finance,3.308396629,Placed,85923.09926,1,3
6.153831257,0,Tier 3,Canada,100-300,2,93.4577415,50.50551445,Cybersecurity,Other,6.01655359,Placed,66105.97584,1,2
7.65803593,1,Tier 2,Germany,300+,5,39.09104263,55.62814473,Cybersecurity,Finance,4.902389877,Placed,93810.3348,2,1
6.02332508,0,Tier 3,India,100-300,3,93.17753071,70.44522805,Cybersecurity,Finance,6.93588007,Placed,33094.82174,1,2
7.157488989,0,Tier 2,USA,100-300,2,77.54325721,50.56900886,Cybersecurity,Tech,4.030063931,Placed,117010.9539,2,2
7.137094625,2,Tier 1,USA,300+,2,65.44565645,60.41721453,Core CS,Consulting,4.041592784,Placed,118831.696,3,1
6.759117044,1,Tier 1,UK,100-300,1,46.47307758,100.0,Data Science,Healthcare,8.11427458,Placed,120000.0,3,2
6.631488983,2,Tier 2,Canada,100-300,1,57.83303254,58.89136305,Core CS,Manufacturing,7.749656313,Placed,88509.4799,2,2
7.845697781,1,Tier 1,Germany,300+,2,67.06943442,58.15975279,Cloud,Healthcare,4.469635203,Placed,96668.61722,3,1
7.274894632,1,Tier 2,UK,Top 100,0,47.39750245,67.51621767,Core CS,Other,4.954492459,Placed,104814.5058,2,3
6.4584624,1,Tier 2,UK,100-300,4,82.5990071,59.69499221,Cloud,Consulting,6.301608831,Placed,84686.91344,2,2
7.489341031,0,Tier 3,USA,100-300,0,72.47843035,46.15722994,Data Science,Consulting,6.226184152,Placed,106688.5036,1,2
6.328625981,0,Tier 2,UK,Top 100,4,45.53416149,92.79945361,Cybersecurity,Finance,2.918682969,Placed,90446.50048,2,3
6.752630099,0,Tier 2,Canada,Top 100,2,58.99524513,63.31545255,AI/ML,Finance,5.994621691,Placed,112291.3012,2,3
7.265010745,3,Tier 1,USA,Top 100,0,67.5813898,58.29368156,Cloud,Healthcare,8.546200458,Placed,120000.0,3,3
6.851472819,0,Tier 1,USA,100-300,2,60.92216122,63.90556096,Data Science,Tech,6.212715117,Placed,120000.0,3,2
7.650020658,1,Tier 1,USA,100-300,2,100.0,66.27279983,Data Science,Manufacturing,3.487942941,Placed,120000.0,3,2
8.084992023,0,Tier 3,UK,100-300,1,64.87974088,84.70728075,Cloud,Healthcare,5.506788787,Placed,82201.15646,1,2
7.802826318,0,Tier 3,India,300+,0,79.66985665,59.45113778,Core CS,Other,6.154024664,Placed,37311.75838,1,1
7.28930882,0,Tier 2,India,100-300,2,63.79031054,47.41884867,Cloud,Other,3.382561703,Placed,51152.8736,2,2
7.289116484,3,Tier 1,Germany,300+,2,91.21158374,46.55382472,Core CS,Consulting,4.255311429,Placed,94442.10848,3,1
8.230429253,0,Tier 1,USA,300+,3,67.78964579,63.08546058,Cloud,Manufacturing,5.553784828,Placed,120000.0,3,1
6.971339169,1,Tier 1,USA,100-300,3,65.18645068,76.38156556,Core CS,Consulting,4.027620399,Placed,120000.0,3,2
8.251714925,1,Tier 3,USA,300+,1,68.26994364,49.5077076,Cybersecurity,Tech,3.600965684,Placed,94815.16667,1,1
7.657522004,1,Tier 3,UK,300+,0,76.3817045,89.24038465,Data Science,Finance,6.263580544,Placed,94893.48141,1,1
7.073408621,0,Tier 3,Germany,100-300,0,70.08102218,47.57817308,Core CS,Other,4.090864948,Placed,68570.525,1,2
5.409944868,3,Tier 3,USA,Top 100,2,58.06825711,64.98401668,AI/ML,Finance,6.657852011,Placed,97423.62788,1,3
6.82426249,0,Tier 2,Canada,300+,2,51.83368833,84.49519232,Data Science,Manufacturing,6.269912821,Placed,101744.3369,2,1
7.285690057,0,Tier 1,USA,Top 100,3,56.31676401,90.0341325,Core CS,Consulting,6.006305183,Placed,120000.0,3,3
8.182315236,1,Tier 1,USA,Top 100,0,61.96962207,84.63808776,Cloud,Tech,8.51995225,Placed,120000.0,3,3
6.585383825,0,Tier 2,USA,300+,1,56.85588622,93.92340347,Cloud,Consulting,7.129919004,Placed,101892.3611,2,1
6.353205118,1,Tier 2,UK,100-300,2,80.69108022,81.80780329,AI/ML,Other,4.860143367,Placed,101613.226,2,2
6.598594365,2,Tier 3,Canada,300+,0,93.62962904,53.79360939,AI/ML,Tech,4.065425041,Placed,84286.81238,1,1
7.732321694,1,Tier 2,India,100-300,3,72.37882067,87.12744978,Data Science,Consulting,9.097383012,Placed,56419.91603,2,2
7.263000888,2,Tier 2,UK,300+,2,66.08895912,47.26843434,Data Science,Consulting,6.887604571,Placed,110024.3556,2,1
7.774915992,2,Tier 3,Canada,300+,3,86.7782591,50.03894862,Core CS,Finance,3.31313338,Placed,70786.97027,1,1
6.438357525,1,Tier 2,India,Top 100,2,55.67692554,70.0907902,Cybersecurity,Other,4.109703274,Placed,42694.02281,2,3
6.737870283,1,Tier 3,UK,300+,4,86.39397163,79.3302227,Cloud,Healthcare,6.929868483,Placed,68654.34834,1,1
6.686313477,0,Tier 2,Canada,300+,3,57.29316077,70.33486719,AI/ML,Consulting,6.390393257,Placed,99970.77741,2,1
5.829188041,3,Tier 2,Germany,100-300,1,84.08207709,74.6944014,Core CS,Tech,5.05144038,Placed,83959.42153,2,2
7.236896222,2,Tier 3,Canada,100-300,1,53.97031211,73.43507183,Data Science,Other,5.994124089,Placed,88351.32374,1,2
7.208844218,2,Tier 3,Canada,300+,1,80.23811697,63.88990833,Data Science,Healthcare,3.890712105,Placed,86522.23324,1,1
5.867703406,1,Tier 1,USA,Top 100,3,74.60307541,77.2733056,AI/ML,Other,6.141682725,Placed,120000.0,3,3
6.725828387,1,Tier 1,Canada,300+,0,69.20461174,59.42483249,Cybersecurity,Tech,5.981661269,Placed,110946.8047,3,1
7.323240685,2,Tier 2,UK,100-300,1,73.32080014,42.5150154,AI/ML,Healthcare,5.52877471,Placed,107667.8096,2,2
8.508948721,2,Tier 2,UK,100-300,3,51.76507956,62.73903607,Cloud,Manufacturing,4.876423499,Placed,110830.5582,2,2
7.13966225,1,Tier 2,Germany,300+,1,66.94318202,80.73728661,Cloud,Finance,6.668655959,Placed,82321.86741,2,1
7.206040313,0,Tier 1,UK,100-300,2,46.67115876,70.49461062,AI/ML,Other,2.690957391,Placed,119651.8187,3,2
6.940443267,3,Tier 3,UK,300+,4,65.95549118,48.53284832,Data Science,Healthcare,7.280589067,Placed,71138.25859,1,1
6.9787889,2,Tier 2,USA,Top 100,0,73.52217928,64.94508067,Data Science,Other,4.568958112,Placed,120000.0,2,3
8.97059369,1,Tier 1,India,Top 100,3,64.81286832,54.10635005,Cloud,Healthcare,7.112879879,Placed,64521.39779,3,3
7.241237874,1,Tier 2,USA,100-300,1,96.17442487,60.99409872,AI/ML,Consulting,4.256412122,Placed,120000.0,2,2
6.972230584,2,Tier 1,Canada,300+,2,53.6151223,61.26354616,Data Science,Healthcare,6.550078862,Placed,112915.814,3,1
7.914258252,1,Tier 3,India,100-300,1,54.10945411,92.68922655,Data Science,Tech,5.157898794,Placed,55363.65681,1,2
7.601546426,2,Tier 1,India,Top 100,1,88.96795361,83.674424,Cybersecurity,Finance,6.056811159,Placed,65815.0779,3,3
6.272490036,0,Tier 2,Canada,Top 100,0,54.94310568,77.7853203,Cloud,Healthcare,5.102689697,Placed,86903.65343,2,3
8.122235449,0,Tier 2,USA,Top 100,1,73.33160766,56.39063315,Core CS,Other,4.460345285,Placed,117180.6464,2,3
5.87851915,2,Tier 3,USA,100-300,3,87.85037323,47.22893002,Cloud,Manufacturing,4.073713282,Placed,79951.35982,1,2
7.469485675,1,Tier 3,UK,300+,0,85.2252874,93.15650877,Cloud,Finance,5.79382844,Placed,81024.35548,1,1
8.752364501,0,Tier 2,USA,300+,1,83.17612227,63.51708546,Core CS,Manufacturing,5.09631926,Placed,117375.4784,2,1
6.20757094,0,Tier 3,Germany,100-300,1,73.76816181,74.82097609,AI/ML,Tech,5.14462859,Placed,87594.95427,1,2
7.079721092,2,Tier 2,Canada,100-300,4,89.37120705,79.73304522,Cloud,Tech,4.982938528,Placed,101307.7062,2,2
6.597219477,0,Tier 3,India,100-300,0,89.81661572,99.40301183,Data Science,Consulting,5.679172593,Placed,38553.46107,1,2
7.378873945,0,Tier 3,India,Top 100,2,73.5525391,65.09075153,Core CS,Manufacturing,4.208016003,Placed,40739.92334,1,3
6.264460613,1,Tier 2,Germany,Top 100,1,73.96600899,47.46578757,AI/ML,Finance,6.900217383,Placed,104086.7898,2,3
8.239947524,0,Tier 3,Germany,100-300,5,51.89728396,62.04755372,Core CS,Consulting,4.860859638,Placed,71727.74547,1,2
6.373397366,0,Tier 2,USA,Top 100,3,77.94269195,57.47813701,Cloud,Tech,6.724905549,Placed,118646.2338,2,3
6.742350787,2,Tier 2,India,100-300,1,54.67692069,83.35676705,Cloud,Manufacturing,4.757658313,Placed,42242.7865,2,2
7.181967948,2,Tier 2,UK,100-300,2,90.0446722,80.5595148,Cloud,Healthcare,3.558239843,Placed,89160.17564,2,2
8.045714203,0,Tier 3,Germany,300+,1,54.1265098,77.19074635,Core CS,Finance,4.903513187,Placed,68812.39676,1,1
7.147707087,1,Tier 1,USA,300+,5,84.22173655,79.73643842,Data Science,Healthcare,4.702071,Placed,120000.0,3,1
7.207906235,1,Tier 2,India,100-300,3,78.6878249,71.59412207,AI/ML,Manufacturing,6.537837972,Placed,51834.38151,2,2
7.625458297,2,Tier 2,UK,100-300,1,80.1464912,63.59200787,Core CS,Consulting,7.334968538,Placed,92738.98209,2,2
6.010439431,1,Tier 3,Canada,Top 100,3,30.0,62.12447445,AI/ML,Consulting,3.781782327,Placed,85993.21472,1,3
7.417553252,2,Tier 2,Germany,100-300,1,77.82429811,51.20882782,Cloud,Finance,7.404460431,Placed,87503.91387,2,2
7.237587739,0,Tier 1,India,300+,1,92.80793847,59.16685803,Core CS,Finance,3.325928131,Placed,55682.77903,3,1
7.185802958,2,Tier 1,India,Top 100,1,93.60853909,33.265449,Cloud,Consulting,1.792997518,Placed,58383.86112,3,3
7.234457979,3,Tier 2,India,300+,3,54.22866567,44.64924275,Core CS,Tech,6.791952203,Placed,45818.46035,2,1
6.428518866,0,Tier 2,Canada,Top 100,3,83.03479885,60.33361553,Cybersecurity,Manufacturing,1.478011999,Placed,87031.38449,2,3
8.492619609,1,Tier 3,India,100-300,0,55.15058701,62.63307927,Cybersecurity,Tech,5.433393062,Placed,31719.83987,1,2
7.379066337,0,Tier 3,Canada,300+,2,34.75829329,50.93927213,Data Science,Manufacturing,5.594512925,Placed,88095.22645,1,1
7.525242887,2,Tier 3,UK,100-300,2,68.58660589,48.48683777,Core CS,Tech,6.851374385,Placed,87278.65406,1,2
6.220254664,4,Tier 3,USA,100-300,2,78.81896221,68.33876851,AI/ML,Finance,7.22724802,Placed,115696.3009,1,2
7.629667683,0,Tier 3,India,100-300,3,73.03829995,60.25019164,AI/ML,Finance,5.77780409,Placed,46706.37533,1,2
7.926876463,0,Tier 3,Germany,100-300,2,54.40912752,67.36439797,Cloud,Consulting,4.387359681,Placed,76353.67645,1,2
7.770700903,0,Tier 2,Germany,300+,1,87.1731805,58.26607235,Cloud,Tech,5.826287471,Placed,99411.083,2,1
7.330224742,1,Tier 2,Germany,300+,1,81.19320979,66.95657213,Cloud,Finance,5.459974187,Placed,88983.10866,2,1
7.657648128,1,Tier 2,Canada,300+,3,78.40048579,69.17032976,Data Science,Finance,4.480956637,Placed,100430.3785,2,1
8.517434386,0,Tier 2,USA,100-300,5,100.0,83.35600369,Data Science,Other,7.267166698,Placed,120000.0,2,2
6.803689507,2,Tier 3,Germany,100-300,0,78.45586251,74.49684786,AI/ML,Tech,4.358345407,Placed,85642.52258,1,2
6.397011069,2,Tier 3,UK,100-300,2,84.37559369,89.21010169,AI/ML,Other,4.640670446,Placed,82131.16928,1,2
6.347351772,1,Tier 2,UK,100-300,5,84.84482249,49.25365606,Cybersecurity,Tech,6.195360059,Placed,98537.61053,2,2
6.938318632,2,Tier 3,Germany,100-300,0,75.54560315,57.50502674,Data Science,Tech,8.273312207,Placed,95756.05685,1,2
7.27292158,3,Tier 1,USA,100-300,2,80.90946042,75.52032175,Cybersecurity,Consulting,6.882579532,Placed,120000.0,3,2
7.221352639,0,Tier 1,India,300+,1,73.36046772,55.35406352,Cloud,Healthcare,3.456111205,Placed,58227.85723,3,1
7.661746599,1,Tier 3,Germany,Top 100,1,82.64914335,82.34533617,Cybersecurity,Consulting,3.986454155,Placed,73760.01721,1,3
7.010401514,0,Tier 1,Germany,100-300,2,73.75631114,46.72039772,Cybersecurity,Tech,2.661802722,Placed,117823.5525,3,2
8.162827262,0,Tier 2,Canada,300+,1,72.92986466,48.24627007,Cloud,Tech,5.80669047,Placed,99951.03687,2,1
6.788274533,1,Tier 1,UK,Top 100,1,96.7571289,65.99757804,Data Science,Other,5.658501212,Placed,120000.0,3,3
9.176135333,0,Tier 1,India,300+,2,75.18042578,94.25046992,AI/ML,Finance,4.640184177,Placed,71906.88324,3,1
7.500533878,2,Tier 2,USA,100-300,1,94.73337245,73.39129004,Data Science,Finance,4.320595445,Placed,120000.0,2,2
7.571200395,0,Tier 2,UK,Top 100,0,61.67467024,38.86789548,Core CS,Healthcare,8.604471742,Placed,94359.19093,2,3
6.94173687,0,Tier 1,India,300+,3,39.87243059,85.7085793,Cybersecurity,Consulting,4.939906497,Placed,49882.74554,3,1
5.78812222,2,Tier 2,Canada,100-300,0,85.90806815,97.25771365,Core CS,Healthcare,3.880821902,Placed,78784.57945,2,2
7.685119035,0,Tier 3,India,300+,1,75.72736936,43.43645176,Data Science,Finance,4.795511945,Placed,52414.6867,1,1
6.003408977,0,Tier 2,USA,100-300,1,60.02411565,67.13573086,Cybersecurity,Healthcare,7.14707895,Placed,99386.82648,2,2
7.138544741,1,Tier 1,UK,Top 100,0,77.07588937,77.79837383,Core CS,Tech,3.860916547,Placed,120000.0,3,3
7.308253904,0,Tier 2,India,100-300,0,80.93827037,68.23712846,AI/ML,Finance,8.169935859,Placed,60565.90497,2,2
6.292914051,1,Tier 1,UK,Top 100,5,66.61949277,72.23278526,Core CS,Other,6.148925884,Placed,113352.6666,3,3
7.122980085,3,Tier 3,India,100-300,3,63.51345939,59.35423721,AI/ML,Finance,6.056660146,Placed,49303.90868,1,2
6.085623762,0,Tier 3,Canada,100-300,3,63.41768412,54.17700339,AI/ML,Healthcare,6.931614286,Placed,80457.45877,1,2
7.286229888,1,Tier 3,Germany,100-300,0,100.0,45.52032489,Cybersecurity,Manufacturing,8.67297788,Placed,58536.30642,1,2
7.448627621,1,Tier 2,UK,100-300,3,68.55214282,58.17927112,AI/ML,Manufacturing,3.613474505,Placed,100174.8886,2,2
7.866440995,1,Tier 2,USA,100-300,1,77.87920718,70.61421345,Data Science,Consulting,5.13741074,Placed,120000.0,2,2
5.897864506,2,Tier 1,Canada,100-300,1,99.4872481,70.67484302,Cybersecurity,Consulting,4.152394887,Placed,94963.10249,3,2
7.411028761,0,Tier 1,UK,100-300,2,57.38179649,87.63841263,Data Science,Tech,2.987059337,Placed,120000.0,3,2
7.412038149,0,Tier 3,USA,300+,1,83.54304747,67.48848372,Data Science,Manufacturing,6.203146835,Placed,101705.3151,1,1
10.0,1,Tier 1,India,100-300,0,72.87911277,62.21719535,Core CS,Other,7.038852333,Placed,64978.31155,3,2
7.456712409,1,Tier 1,India,100-300,4,84.73574894,76.44670816,Data Science,Consulting,3.762179851,Placed,57075.36983,3,2
7.908452512,1,Tier 2,Canada,300+,0,86.10297423,88.15292204,Data Science,Healthcare,5.308411092,Placed,108446.9887,2,1
7.521113001,1,Tier 2,USA,100-300,4,69.95635583,77.23159819,Cloud,Tech,5.339706428,Placed,120000.0,2,2
6.747784604,1,Tier 2,India,100-300,3,65.02880367,60.31602574,Cybersecurity,Manufacturing,7.699035515,Placed,44105.85438,2,2
7.607175376,1,Tier 1,Germany,100-300,0,77.27191953,89.75479041,Cloud,Finance,3.873963514,Placed,108988.222,3,2
6.381739828,0,Tier 2,UK,100-300,1,49.20668801,85.94579662,Cybersecurity,Finance,5.260098567,Placed,99424.33501,2,2
8.851726853,0,Tier 1,Canada,300+,0,65.47033196,66.09821171,AI/ML,Healthcare,6.448243554,Placed,120000.0,3,1
5.506187846,2,Tier 3,USA,100-300,2,77.12189333,94.23562718,AI/ML,Tech,3.759994322,Placed,104692.7365,1,2
7.549008152,0,Tier 3,Germany,100-300,4,88.85558465,86.04273811,AI/ML,Healthcare,3.453095278,Placed,75569.14066,1,2
6.622454507,0,Tier 1,USA,300+,2,65.51612197,62.29327811,Core CS,Consulting,4.900875233,Placed,120000.0,3,1
7.871160478,1,Tier 2,Canada,100-300,0,86.23042012,47.76835892,Core CS,Other,6.067040727,Placed,90866.31727,2,2
6.137804178,0,Tier 3,India,100-300,1,78.8867909,75.46894917,Data Science,Tech,5.845411381,Placed,42610.40759,1,2
7.543678199,1,Tier 1,USA,300+,1,86.07887466,58.27845932,Cloud,Healthcare,5.019793064,Placed,120000.0,3,1
7.173166872,1,Tier 1,UK,300+,0,80.73768767,68.46410134,AI/ML,Healthcare,4.847206047,Placed,120000.0,3,1
7.036457472,1,Tier 2,UK,300+,2,65.35672974,57.80644885,Data Science,Other,7.622015715,Placed,104485.1918,2,1
8.715155271,0,Tier 3,India,300+,0,71.0185961,85.41720055,Data Science,Consulting,8.517215846,Placed,48139.06281,1,1
7.507135218,1,Tier 2,UK,100-300,0,67.75856592,69.40843974,AI/ML,Finance,5.804438849,Placed,102929.9924,2,2
5.379885931,1,Tier 3,Canada,100-300,2,70.82520413,69.10405884,Data Science,Finance,6.011108653,Placed,80859.56257,1,2
7.149163452,0,Tier 1,UK,300+,2,73.54973578,59.76079171,Cybersecurity,Healthcare,6.11334094,Placed,109861.932,3,1
6.470570828,0,Tier 1,UK,100-300,4,87.4938611,64.62012241,Cloud,Consulting,6.091580221,Placed,100039.9552,3,2
7.681946668,2,Tier 2,UK,Top 100,3,59.6842456,72.98803698,Data Science,Other,5.69645853,Placed,117950.6943,2,3
6.908210847,0,Tier 1,USA,Top 100,0,70.38190964,68.15956008,Cybersecurity,Manufacturing,4.210485711,Placed,120000.0,3,3
7.403989823,2,Tier 2,UK,Top 100,1,69.26338436,58.24740666,Cybersecurity,Other,7.133041694,Placed,99167.02801,2,3
7.692604155,2,Tier 3,USA,300+,2,72.54291952,69.32793966,Data Science,Other,7.545829954,Placed,101393.0228,1,1
6.039762874,0,Tier 3,India,100-300,2,75.15223113,66.72314408,AI/ML,Manufacturing,5.304287998,Placed,41018.33865,1,2
6.732399011,0,Tier 2,USA,100-300,1,71.01204764,100.0,Cloud,Consulting,4.379761741,Placed,101234.7155,2,2
6.620043751,1,Tier 1,India,Top 100,1,58.33628696,61.79660757,Data Science,Consulting,3.076518501,Placed,61724.60306,3,3
8.412363392,0,Tier 2,India,100-300,2,93.03537074,76.70806221,Cybersecurity,Manufacturing,5.394784713,Placed,51627.5576,2,2
7.323985369,2,Tier 1,India,300+,1,70.45417731,69.29530704,Core CS,Other,4.128195223,Placed,61149.17587,3,1
5.991292837,1,Tier 1,Canada,Top 100,3,73.66639507,81.31999863,Cybersecurity,Finance,3.221377547,Placed,111503.0576,3,3
8.697724958,0,Tier 2,UK,100-300,0,56.65971581,60.0781745,Cybersecurity,Manufacturing,5.602101036,Placed,92285.96912,2,2
7.825972208,2,Tier 1,Germany,100-300,4,68.85954719,72.6362287,AI/ML,Other,5.972718568,Placed,115837.4903,3,2
6.612612742,1,Tier 3,India,100-300,2,82.49392615,76.18686142,Data Science,Finance,9.696876119,Placed,41839.55475,1,2
8.013528919,0,Tier 2,Germany,300+,3,81.8902478,58.66012745,AI/ML,Consulting,6.396389206,Placed,102549.6347,2,1
7.619707243,0,Tier 2,India,300+,1,48.60142301,40.50167985,Cybersecurity,Manufacturing,3.099822121,Placed,46795.31227,2,1
6.258455623,2,Tier 1,Germany,100-300,5,91.76775608,66.0888846,AI/ML,Finance,4.144691389,Placed,120000.0,3,2
6.952379715,2,Tier 2,Germany,100-300,1,77.94487887,53.73037533,AI/ML,Other,7.670874499,Placed,100457.3192,2,2
6.180489887,0,Tier 2,Germany,Top 100,2,59.30164849,66.58249199,Data Science,Tech,4.878481046,Placed,108298.5855,2,3
6.797945479,0,Tier 2,India,100-300,2,65.27457578,55.86796282,Cybersecurity,Other,5.01262626,Placed,48538.78621,2,2
8.305929043,0,Tier 3,India,100-300,2,70.53874364,91.59867759,Data Science,Healthcare,6.210142436,Placed,47793.00734,1,2
7.104592462,0,Tier 1,Germany,100-300,4,97.97113381,71.38260626,Core CS,Other,1.677836479,Placed,106656.0704,3,2
8.153018631,0,Tier 2,India,300+,0,70.19207112,50.76410374,Cloud,Other,4.758530885,Placed,46791.75008,2,1
7.930531002,0,Tier 1,India,Top 100,1,50.44657861,48.0097595,Data Science,Healthcare,5.538139681,Placed,63245.44692,3,3
7.008186449,1,Tier 2,UK,100-300,1,56.68801773,76.64586682,Cybersecurity,Tech,3.98153387,Placed,104010.8689,2,2
6.214793079,0,Tier 1,UK,Top 100,2,88.36695744,55.62299983,AI/ML,Finance,2.65366346,Placed,120000.0,3,3
7.369682779,1,Tier 3,Germany,100-300,2,46.62968546,64.90853812,Data Science,Other,6.261883798,Placed,82324.63022,1,2
7.159247756,2,Tier 3,Germany,300+,1,51.54531687,81.23991139,Cybersecurity,Healthcare,4.568538017,Placed,66259.98418,1,1
7.52970454,2,Tier 3,Canada,100-300,2,62.0058372,48.50008829,Core CS,Tech,5.632643051,Placed,95139.54073,1,2
8.268813453,1,Tier 2,UK,300+,4,61.02888347,57.65285823,AI/ML,Consulting,4.764816473,Placed,104827.8167,2,1
6.009747601,1,Tier 2,Germany,300+,3,69.04375359,69.59144538,Data Science,Tech,3.896092978,Placed,98038.61173,2,1
8.7064267,2,Tier 1,USA,300+,2,57.85250748,94.84556281,Data Science,Finance,5.233575278,Placed,120000.0,3,1
5.43832976,1,Tier 3,Germany,100-300,0,74.46718025,68.78003345,Cloud,Finance,5.074081641,Placed,65584.01167,1,2
6.878571924,0,Tier 2,UK,300+,5,89.44853833,62.93632886,Cybersecurity,Consulting,5.491815768,Placed,89584.49986,2,1
7.224793494,1,Tier 3,UK,300+,4,46.50045723,95.25418962,Cybersecurity,Manufacturing,6.299599071,Placed,72979.06997,1,1
6.501840384,1,Tier 2,USA,300+,1,55.01430888,78.79954071,Cybersecurity,Healthcare,5.020957959,Placed,104682.1992,2,1
6.8335022,2,Tier 1,India,100-300,1,77.843273,48.72760083,Data Science,Consulting,7.539188287,Placed,63270.77145,3,2
6.528508194,1,Tier 1,USA,100-300,2,73.82241303,47.09745941,Cybersecurity,Tech,3.74332692,Placed,120000.0,3,2
7.679681678,2,Tier 3,Germany,100-300,0,93.02579014,67.48998734,Cybersecurity,Tech,5.706072069,Placed,75979.50463,1,2
7.285612389,3,Tier 1,India,Top 100,5,100.0,66.22491181,Core CS,Consulting,5.888462532,Placed,60133.29917,3,3
6.445672324,1,Tier 2,Germany,300+,2,82.1406158,68.26675474,AI/ML,Tech,5.973461405,Placed,92354.014,2,1
7.503703074,2,Tier 3,India,300+,0,96.92233735,62.08008329,AI/ML,Consulting,5.002916156,Placed,46511.05504,1,1
6.336803991,1,Tier 3,USA,Top 100,0,67.18484359,70.22798791,Cybersecurity,Finance,1.654736031,Placed,105650.2449,1,3
6.551855168,1,Tier 3,India,Top 100,1,78.04045517,74.92888561,AI/ML,Healthcare,4.451672872,Placed,46393.06381,1,3
7.597834884,1,Tier 1,USA,100-300,3,80.95304626,65.80554524,Data Science,Other,6.292144891,Placed,120000.0,3,2
7.488296212,1,Tier 1,Germany,300+,2,83.51684099,47.38516712,Core CS,Finance,3.541332687,Placed,108126.3551,3,1
6.983278725,2,Tier 1,UK,300+,2,87.40562563,50.11114793,Cybersecurity,Finance,3.369893227,Placed,111627.3333,3,1
8.022131917,1,Tier 3,USA,300+,2,80.97681207,51.922962,Core CS,Manufacturing,5.465575843,Placed,99225.88708,1,1
6.838245878,1,Tier 2,Germany,Top 100,1,56.09399113,79.04069855,AI/ML,Consulting,6.168786302,Placed,106435.022,2,3
6.825855037,1,Tier 1,Canada,Top 100,3,58.07173322,56.42161599,Cybersecurity,Healthcare,4.969364791,Placed,106706.0535,3,3
7.660333079,1,Tier 1,USA,300+,3,79.27082167,74.96807097,AI/ML,Consulting,6.978592625,Placed,120000.0,3,1
7.650807709,1,Tier 2,India,100-300,0,49.11670105,43.9223096,Core CS,Tech,4.918077044,Placed,53897.65205,2,2
8.044383046,0,Tier 2,Germany,100-300,2,71.15426806,47.48415722,Cloud,Consulting,3.950584648,Placed,91045.7905,2,2
7.016803073,2,Tier 2,Germany,100-300,3,95.03964944,77.07786685,Cloud,Tech,4.723219956,Placed,95365.94921,2,2
7.545562377,1,Tier 1,UK,300+,1,100.0,55.81362773,Cloud,Healthcare,3.176903722,Placed,114945.6252,3,1
6.751786595,2,Tier 1,India,100-300,3,71.79379082,91.99421326,Data Science,Consulting,4.939996879,Placed,71061.63611,3,2
7.259333082,0,Tier 3,Canada,300+,1,65.49054746,44.36943995,Core CS,Tech,5.900436828,Placed,76796.33472,1,1
7.077596772,1,Tier 2,Germany,100-300,0,80.22858439,49.89741123,Cloud,Other,4.562260125,Placed,78276.73476,2,2
7.47612562,1,Tier 2,USA,100-300,1,79.72040544,59.81832053,Cybersecurity,Healthcare,4.254773547,Placed,105748.638,2,2
8.673909821,0,Tier 3,Germany,300+,2,58.6353785,81.0383844,Cybersecurity,Tech,5.135789305,Placed,77941.84194,1,1
6.195186095,0,Tier 3,Germany,100-300,2,52.91664696,87.91153307,Cybersecurity,Consulting,3.883827697,Placed,71392.5231,1,2
6.02864911,1,Tier 2,India,300+,2,67.81422354,58.8174469,AI/ML,Manufacturing,4.925648971,Placed,39595.79729,2,1
7.633330155,0,Tier 1,UK,300+,3,58.78428822,42.14460548,Cybersecurity,Consulting,4.980339441,Placed,110769.7517,3,1
7.499295854,0,Tier 2,India,Top 100,2,62.64312351,82.43181405,Core CS,Healthcare,3.942712485,Placed,43365.24427,2,3
7.502676407,2,Tier 3,Germany,300+,4,68.00977379,50.35857394,Core CS,Tech,6.082339273,Placed,75325.0818,1,1
6.282196503,0,Tier 1,India,300+,2,100.0,64.82804532,AI/ML,Finance,4.341845812,Placed,58953.10199,3,1
7.060643647,1,Tier 3,USA,Top 100,2,78.29227538,57.60391585,Core CS,Healthcare,5.29891584,Placed,83254.23643,1,3
6.458270631,0,Tier 1,Canada,100-300,0,82.26140418,53.85681667,Data Science,Consulting,7.779778102,Placed,119553.195,3,2
7.780095787,1,Tier 3,India,300+,0,53.10334899,62.48128822,Data Science,Tech,6.485964908,Placed,43812.33553,1,1
6.882354095,1,Tier 1,USA,100-300,1,66.50499629,54.77593047,Cloud,Consulting,3.958329617,Placed,120000.0,3,2
6.339602243,0,Tier 2,Germany,100-300,2,81.48022204,67.34925855,Cloud,Healthcare,2.921202775,Placed,90810.51115,2,2
6.742891327,1,Tier 2,UK,100-300,4,74.82016746,83.43123215,Cybersecurity,Tech,5.407928065,Placed,95369.8689,2,2
7.330345163,0,Tier 1,Germany,Top 100,3,100.0,30.0,Core CS,Other,4.219902255,Placed,108944.8081,3,3
6.549020358,0,Tier 3,Germany,100-300,1,81.35257978,70.0142296,Data Science,Manufacturing,4.519621693,Placed,73919.35977,1,2
7.194949769,1,Tier 2,India,Top 100,2,70.83740788,70.11156224,Cybersecurity,Consulting,4.891848732,Placed,40766.96696,2,3
6.59444546,1,Tier 3,Canada,100-300,3,85.99418068,75.60554723,Data Science,Consulting,4.161019816,Placed,89449.13888,1,2
5.841532527,1,Tier 2,UK,Top 100,1,75.19291945,42.96199455,Cloud,Other,5.581039932,Placed,90386.38463,2,3
6.425244623,2,Tier 3,UK,300+,2,88.4584992,80.48055362,Core CS,Manufacturing,5.908148562,Placed,72855.30654,1,1
6.829242279,4,Tier 3,India,Top 100,0,72.07446785,61.85734372,Cloud,Healthcare,5.409814022,Placed,31858.91224,1,3
8.180284974,0,Tier 2,India,100-300,2,48.90768557,69.71927912,Data Science,Tech,5.629652086,Placed,59022.50595,2,2
6.984787034,1,Tier 3,Germany,100-300,2,87.42792776,81.47799517,Cybersecurity,Consulting,2.626975548,Placed,66922.2631,1,2
6.197976508,2,Tier 3,Germany,100-300,1,100.0,58.27312447,AI/ML,Healthcare,6.702258588,Placed,75663.42135,1,2
6.985189491,2,Tier 2,UK,100-300,5,96.78194061,69.29951844,Core CS,Healthcare,5.827617039,Placed,96674.79054,2,2
7.415477211,3,Tier 2,Canada,100-300,2,68.95155586,65.05982713,Data Science,Consulting,6.996578112,Placed,106791.4308,2,2
8.22619113,1,Tier 2,USA,300+,3,75.13340226,56.08449464,AI/ML,Tech,5.200320589,Placed,120000.0,2,1
7.321369378,1,Tier 1,USA,Top 100,2,83.50788668,84.48953267,Data Science,Other,8.139612204,Placed,120000.0,3,3
7.552115193,1,Tier 1,USA,100-300,1,60.36143014,100.0,Core CS,Consulting,3.434052533,Placed,120000.0,3,2
6.679023622,1,Tier 1,USA,Top 100,1,91.36337152,69.33633706,Data Science,Finance,3.112646908,Placed,120000.0,3,3
7.078140879,1,Tier 2,India,100-300,0,66.98159616,59.87547625,Cloud,Consulting,6.173190119,Placed,44067.51213,2,2
6.381592173,1,Tier 3,Canada,100-300,3,61.39543581,74.36529743,Cloud,Consulting,3.421676529,Placed,68735.7142,1,2
7.398398633,0,Tier 1,Germany,Top 100,1,71.73731391,73.55573711,Core CS,Other,7.191045682,Placed,112208.0333,3,3
8.160914886,0,Tier 3,India,100-300,1,61.03142187,48.4831064,AI/ML,Tech,5.95601446,Placed,48395.15545,1,2
7.767416661,1,Tier 2,UK,300+,0,59.11725332,61.77505526,Cybersecurity,Tech,5.701676713,Placed,98823.12632,2,1
8.722545966,1,Tier 1,USA,300+,0,66.54157574,51.81934817,Core CS,Tech,4.849601794,Placed,120000.0,3,1
7.146673605,0,Tier 3,USA,100-300,5,61.05771824,43.10736012,Cybersecurity,Other,4.998914489,Placed,85225.98379,1,2
8.751842347,1,Tier 2,Germany,Top 100,0,73.72730371,76.09960562,Cloud,Manufacturing,3.028594674,Placed,95990.72972,2,3
6.353361372,0,Tier 1,USA,Top 100,0,75.950062,67.886884,AI/ML,Finance,6.215870683,Placed,120000.0,3,3
6.520485884,1,Tier 2,Canada,100-300,0,100.0,74.70158923,Data Science,Tech,4.992609739,Placed,109364.8911,2,2
5.300883421,2,Tier 3,Germany,100-300,0,35.67991168,65.0736379,AI/ML,Tech,6.246199579,Placed,77609.49557,1,2
6.579395983,0,Tier 2,India,100-300,0,42.45771508,49.59780348,Core CS,Other,5.556616209,Placed,40577.33427,2,2
6.392693871,1,Tier 1,Germany,300+,2,68.50934805,100.0,Cybersecurity,Consulting,4.370482194,Placed,90942.07688,3,1
7.120315029,0,Tier 1,Germany,Top 100,2,52.69085826,50.65303861,Core CS,Healthcare,6.53763024,Placed,103221.528,3,3
7.273404781,0,Tier 1,USA,300+,4,57.29381491,85.23877812,Data Science,Other,5.412178516,Placed,120000.0,3,1
8.500936671,2,Tier 1,UK,300+,0,47.96198763,47.30186258,Cybersecurity,Finance,6.83275006,Placed,118822.0859,3,1
6.281268263,1,Tier 2,India,300+,2,87.03642125,56.87357474,Core CS,Manufacturing,7.00192184,Placed,52261.21546,2,1
7.393535337,1,Tier 2,USA,100-300,1,67.22215947,38.02833685,AI/ML,Tech,7.213580869,Placed,120000.0,2,2
5.943813434,1,Tier 2,Germany,100-300,3,71.7329966,56.1673123,Cybersecurity,Manufacturing,3.881746005,Placed,73678.10048,2,2
8.465167013,0,Tier 3,USA,300+,1,94.16995162,69.79937297,AI/ML,Other,6.832156147,Placed,108089.6272,1,1
7.943552097,0,Tier 3,Canada,300+,4,73.95248419,59.88345676,Cybersecurity,Tech,4.369271995,Placed,83130.00557,1,1
5.629492377,2,Tier 2,UK,100-300,0,52.40815224,65.43512036,Data Science,Healthcare,4.390001027,Placed,103391.5924,2,2
8.083097899,1,Tier 1,USA,Top 100,1,71.9232618,71.6160942,Cybersecurity,Healthcare,3.062347603,Placed,120000.0,3,3
6.908368124,1,Tier 1,Germany,100-300,2,61.23363208,65.26206165,Cybersecurity,Consulting,5.406846387,Placed,104988.7118,3,2
7.99025305,0,Tier 2,India,Top 100,0,71.32110375,54.59834494,Data Science,Healthcare,6.872961862,Placed,63202.66156,2,3
6.520499982,1,Tier 3,Canada,100-300,0,66.24813586,70.39615452,Data Science,Finance,3.56138511,Placed,79370.97288,1,2
7.00419496,2,Tier 2,UK,100-300,1,52.60057613,63.68878602,Data Science,Tech,5.405308238,Placed,111462.8507,2,2
7.498279946,1,Tier 1,UK,Top 100,3,70.55383749,62.01750127,Core CS,Other,6.700729725,Placed,108264.2466,3,3
6.886096412,1,Tier 1,India,100-300,4,69.89005142,64.95108172,Cloud,Healthcare,5.112821273,Placed,58861.37363,3,2
7.569291902,1,Tier 2,Canada,100-300,2,100.0,60.51416868,Cloud,Healthcare,3.09078434,Placed,85068.65234,2,2
8.022141458,0,Tier 3,Germany,100-300,0,73.06603164,56.21390565,Cybersecurity,Other,1.874875757,Placed,79323.22323,1,2
8.24092158,1,Tier 3,USA,300+,1,55.60166216,48.56920137,AI/ML,Finance,6.617383756,Placed,117858.4657,1,1
7.054014785,0,Tier 3,India,Top 100,2,76.7782574,100.0,Cloud,Manufacturing,6.987163699,Placed,50240.59269,1,3
8.64859834,0,Tier 2,UK,Top 100,3,83.75803061,54.9493427,Cloud,Tech,3.924707554,Placed,119025.5692,2,3
8.404272674,0,Tier 2,Germany,300+,0,98.3148683,93.83221967,Core CS,Consulting,4.320234968,Placed,92909.42848,2,1
6.800828681,0,Tier 3,Germany,300+,2,97.42314503,53.0232912,AI/ML,Manufacturing,4.827596041,Placed,76332.87294,1,1
7.777256761,1,Tier 2,Canada,Top 100,0,51.88106337,68.77751428,Cloud,Healthcare,5.312785651,Placed,88833.12629,2,3
8.094905246,0,Tier 2,India,Top 100,0,58.12122753,82.98765816,AI/ML,Healthcare,4.935702189,Placed,52991.70754,2,3
6.228061232,0,Tier 2,USA,100-300,1,72.68950663,80.96287318,Core CS,Consulting,5.808872001,Placed,100250.8041,2,2
7.548841168,3,Tier 1,USA,100-300,2,57.81086499,92.24887513,Cybersecurity,Consulting,8.391623866,Placed,120000.0,3,2
7.846739589,1,Tier 2,Germany,Top 100,2,68.03534288,68.35455258,Cloud,Tech,4.111217768,Placed,99406.84217,2,3
6.784474532,0,Tier 3,India,300+,0,81.69429578,76.0870526,Data Science,Consulting,7.158038015,Placed,38943.82479,1,1
8.201885642,0,Tier 1,Canada,100-300,0,84.22173005,85.94773633,Core CS,Manufacturing,5.691014311,Placed,120000.0,3,2
7.059275824,0,Tier 3,UK,300+,1,42.44643016,64.04958096,AI/ML,Consulting,5.822384837,Placed,81115.1366,1,1
8.302892436,0,Tier 2,USA,300+,0,64.00908811,66.68877223,Cybersecurity,Consulting,2.824137248,Placed,106840.6939,2,1
6.955561841,1,Tier 1,Germany,100-300,3,44.35465988,63.70641319,AI/ML,Consulting,3.680419399,Placed,119727.1143,3,2
5.34604632,2,Tier 2,UK,300+,2,54.58705654,83.9438053,Cybersecurity,Other,4.50239678,Placed,86041.05442,2,1
6.928703968,0,Tier 3,USA,300+,0,70.20475582,63.69281178,Data Science,Healthcare,7.28323075,Placed,103248.1681,1,1
5.9564244,2,Tier 1,Canada,300+,4,52.84526967,66.4583474,Data Science,Finance,4.333822676,Placed,112255.1663,3,1
7.293278597,1,Tier 1,UK,Top 100,4,58.80512995,81.95299394,Cybersecurity,Healthcare,3.340177622,Placed,112623.2843,3,3
6.248096171,0,Tier 1,Germany,300+,2,54.52542305,67.95357343,Cloud,Consulting,7.062848492,Placed,100464.9615,3,1
6.152629182,0,Tier 2,India,Top 100,2,68.43802803,79.76243876,Core CS,Tech,5.290209614,Placed,48536.3299,2,3
6.211419163,1,Tier 1,USA,Top 100,4,56.43801922,63.58241888,Core CS,Consulting,4.69872738,Placed,120000.0,3,3
7.403237212,2,Tier 3,India,100-300,1,76.75063015,100.0,Data Science,Manufacturing,5.14237995,Placed,52153.87476,1,2
6.365701734,2,Tier 2,Canada,100-300,0,40.69201216,47.98812768,Core CS,Finance,5.32442586,Placed,86116.07308,2,2
6.171806142,0,Tier 2,USA,100-300,4,100.0,76.99061779,Cloud,Consulting,3.059546098,Placed,99356.43017,2,2
6.557080556,0,Tier 1,UK,100-300,3,96.05058392,43.34365077,Cloud,Consulting,5.682573672,Placed,105004.0608,3,2
8.571780106,0,Tier 3,India,100-300,0,95.48243077,51.25633609,Cybersecurity,Tech,5.350630215,Placed,47103.09034,1,2
7.028210842,0,Tier 2,Germany,100-300,1,70.68724282,54.81400025,AI/ML,Other,5.033684298,Placed,91892.21259,2,2
6.440219594,1,Tier 2,UK,100-300,2,77.39261111,67.56544944,AI/ML,Consulting,4.019264421,Placed,96846.7054,2,2
6.91013756,2,Tier 1,USA,100-300,1,56.81965963,38.54809053,Core CS,Consulting,6.007712909,Placed,120000.0,3,2
7.49133336,0,Tier 2,UK,300+,1,80.56403165,74.80539746,Cybersecurity,Finance,7.20498181,Placed,100407.8122,2,1
7.606006168,0,Tier 1,USA,100-300,1,47.24299214,71.17247793,Cloud,Consulting,7.525839927,Placed,120000.0,3,2
6.575599082,0,Tier 1,Canada,300+,1,62.19194308,85.14068322,Core CS,Tech,3.604804076,Placed,107313.8026,3,1
8.093499414,1,Tier 1,India,100-300,1,72.01101728,70.87260617,AI/ML,Other,2.124783873,Placed,69589.38179,3,2
8.315974171,1,Tier 2,India,100-300,0,59.0450139,57.01941905,Cloud,Tech,6.561402792,Placed,48881.74394,2,2
6.800771168,1,Tier 3,USA,100-300,2,69.59703813,55.30538606,Cloud,Other,6.24159751,Placed,87543.64991,1,2
7.46124557,1,Tier 3,India,300+,0,85.6968471,53.70407115,AI/ML,Tech,5.482692206,Placed,47631.49364,1,1
9.463104647,0,Tier 2,India,100-300,3,66.68069719,66.04783491,Cloud,Tech,4.690976528,Placed,64832.05563,2,2
6.235567648,1,Tier 1,USA,100-300,0,71.37146976,62.82960073,Cybersecurity,Finance,2.944784426,Placed,120000.0,3,2
7.162770909,3,Tier 1,USA,100-300,1,41.82553304,87.16391895,Cloud,Tech,7.209128231,Placed,120000.0,3,2
6.394919404,1,Tier 3,Canada,100-300,2,59.07866769,30.64309176,Core CS,Other,5.261555189,Placed,63604.21925,1,2
6.482741693,0,Tier 1,USA,300+,2,100.0,58.98384164,Cloud,Healthcare,6.511305547,Placed,120000.0,3,1
6.134761597,2,Tier 3,Canada,100-300,1,66.97120983,86.14424516,Cybersecurity,Other,7.278567331,Placed,59102.70707,1,2
8.349713308,0,Tier 2,USA,Top 100,1,85.29364878,30.0,Cybersecurity,Finance,6.070892111,Placed,120000.0,2,3
7.061894646,0,Tier 2,Canada,100-300,1,73.6265998,53.93382345,Core CS,Other,4.735542063,Placed,86240.89093,2,2
6.847729058,0,Tier 1,India,100-300,1,59.90647501,40.37436134,Data Science,Consulting,4.15338859,Placed,62034.73129,3,2
7.740942038,1,Tier 2,Canada,Top 100,1,51.44822089,75.23481688,Cloud,Consulting,5.220302424,Placed,92752.97346,2,3
8.527533312,0,Tier 1,USA,300+,3,70.89410701,94.49408634,Core CS,Finance,5.190601697,Placed,120000.0,3,1
7.450375389,0,Tier 1,Germany,100-300,2,62.67650012,76.4974967,Core CS,Finance,4.634380022,Placed,106013.415,3,2
6.526084861,1,Tier 1,USA,300+,1,62.19126503,77.73120365,Cybersecurity,Finance,3.27605176,Placed,120000.0,3,1
6.335239907,1,Tier 3,Germany,300+,1,64.78239849,88.44081367,Cloud,Tech,4.204002299,Placed,73344.81549,1,1
7.216365461,3,Tier 1,Canada,100-300,5,73.18433513,100.0,Cloud,Finance,3.670382419,Placed,105233.6896,3,2
7.40073375,0,Tier 3,USA,300+,3,86.67580192,30.0,AI/ML,Tech,5.681876674,Placed,112360.1452,1,1
6.217955804,0,Tier 2,India,300+,4,77.17047132,75.5165305,Cloud,Consulting,6.366552814,Placed,39963.18841,2,1
7.079465844,1,Tier 1,UK,100-300,4,82.61892076,84.92192183,Core CS,Finance,7.370798422,Placed,117229.4847,3,2
7.434688154,5,Tier 2,India,100-300,1,54.44033208,76.00348913,Cybersecurity,Healthcare,4.668667943,Placed,41957.82354,2,2
7.456478935,3,Tier 1,Canada,Top 100,1,90.51726986,45.61546662,Core CS,Other,9.101905949,Placed,110136.0757,3,3
7.038467957,1,Tier 1,USA,100-300,2,69.09282101,65.7440121,Data Science,Other,6.384329241,Placed,120000.0,3,2
7.207778001,1,Tier 2,Canada,100-300,2,68.48949106,58.75706499,Core CS,Other,4.136214472,Placed,91304.42659,2,2
6.2765467,1,Tier 2,UK,300+,3,69.94252603,44.30062819,Cybersecurity,Tech,2.484464369,Placed,89942.67213,2,1
7.510873967,0,Tier 2,USA,Top 100,1,64.60164879,60.06923505,Cybersecurity,Finance,2.066637959,Placed,120000.0,2,3
6.03118704,0,Tier 1,Canada,100-300,0,60.75228599,69.84560735,AI/ML,Healthcare,5.49081897,Placed,115602.2349,3,2
7.037918937,0,Tier 1,Canada,300+,1,56.85267306,64.76891879,Cybersecurity,Tech,5.471122294,Placed,105011.2494,3,1
6.311669308,1,Tier 1,USA,Top 100,1,92.33836012,47.21617319,Core CS,Other,5.487376698,Placed,118644.6127,3,3
6.692355565,0,Tier 2,UK,300+,2,45.77467837,69.44657702,AI/ML,Tech,3.658207506,Placed,114493.7855,2,1
6.538486504,0,Tier 1,UK,100-300,2,64.17896806,67.71953367,AI/ML,Healthcare,5.624170589,Placed,116334.9081,3,2
7.66855369,2,Tier 2,Germany,100-300,3,74.27097617,52.42229551,AI/ML,Other,3.770413649,Placed,101784.509,2,2
7.423843342,1,Tier 1,India,100-300,1,73.92911626,74.08362946,Core CS,Tech,5.648390694,Placed,60777.16912,3,2
8.153254897,0,Tier 2,Canada,300+,1,70.06614095,78.30072192,Data Science,Tech,5.0700075,Placed,113582.6818,2,1
5.0226844,1,Tier 1,Germany,Top 100,2,85.17625958,67.56147151,AI/ML,Healthcare,6.414997055,Placed,113548.747,3,3
6.362483796,1,Tier 2,Germany,300+,1,68.56870722,74.20715815,Cloud,Tech,5.796041305,Placed,81951.46021,2,1
7.461657702,2,Tier 3,Canada,100-300,0,67.61594287,65.33449013,Data Science,Healthcare,4.662437045,Placed,81529.2466,1,2
6.837563691,0,Tier 3,USA,300+,1,76.17000532,70.7959455,Cybersecurity,Healthcare,2.924887083,Placed,88123.82186,1,1
7.296916699,0,Tier 1,Canada,100-300,1,74.65998163,59.21349687,Core CS,Finance,7.108510121,Placed,113440.6292,3,2
7.06927183,0,Tier 3,India,100-300,0,50.41399986,63.35303204,Cybersecurity,Healthcare,6.952584681,Placed,38649.92302,1,2
6.875458212,1,Tier 3,USA,100-300,1,74.94740715,75.41179103,Data Science,Tech,6.408418851,Placed,112215.3151,1,2
7.27008213,1,Tier 3,Canada,100-300,0,54.13038275,46.96906937,Core CS,Manufacturing,6.510746732,Placed,70769.4477,1,2
7.315561714,2,Tier 1,USA,Top 100,3,53.23954941,78.54598849,Data Science,Manufacturing,3.948243115,Placed,120000.0,3,3
6.663212415,0,Tier 1,India,100-300,1,71.07474823,52.59977,Cybersecurity,Consulting,4.739049595,Placed,61366.86859,3,2
7.960971138,2,Tier 3,UK,300+,0,46.60121449,62.72629816,Data Science,Other,8.645253728,Placed,83546.07051,1,1
6.673539702,0,Tier 2,USA,100-300,4,78.15693513,79.30538062,Core CS,Tech,6.948459463,Placed,106426.3115,2,2
6.193530951,3,Tier 1,India,Top 100,0,67.97602094,79.58458841,Cloud,Consulting,4.712619094,Placed,50415.06541,3,3
5.503366463,1,Tier 3,Germany,300+,0,75.66289109,63.67089759,Cybersecurity,Finance,6.128631973,Placed,68499.92327,1,1
6.718789213,1,Tier 2,USA,Top 100,1,74.11825584,52.9242768,Data Science,Healthcare,4.894742634,Placed,116640.9093,2,3
7.014734703,0,Tier 2,USA,Top 100,2,76.3995535,75.5497317,Cybersecurity,Manufacturing,4.721807515,Placed,107922.5993,2,3
8.34114985,2,Tier 3,UK,100-300,2,54.86065095,73.80733032,AI/ML,Finance,5.022602953,Placed,103088.6983,1,2
7.663524465,1,Tier 3,UK,300+,0,79.33517071,77.73685634,AI/ML,Healthcare,6.919608901,Placed,81449.83804,1,1
7.616692155,0,Tier 3,USA,Top 100,3,74.12507878,75.56021457,Data Science,Manufacturing,6.805293235,Placed,110156.8793,1,3
5.817131003,1,Tier 2,Canada,300+,2,87.49810776,69.58595661,Cybersecurity,Healthcare,5.350552806,Placed,80052.64701,2,1
7.915003235,0,Tier 1,Germany,300+,1,82.05661406,53.54782938,AI/ML,Healthcare,7.124957564,Placed,118146.0787,3,1
7.270797126,0,Tier 2,Canada,100-300,3,68.86498519,52.79172444,AI/ML,Finance,4.770761698,Placed,111775.4824,2,2
6.667769669,1,Tier 2,Germany,Top 100,0,47.10498647,46.77447707,Core CS,Healthcare,4.066429354,Placed,80008.10904,2,3
8.816554286,0,Tier 3,UK,300+,1,86.2192373,56.76188471,AI/ML,Healthcare,5.652445735,Placed,98042.26618,1,1
7.145493004,2,Tier 3,Germany,Top 100,1,70.6278028,53.18266469,AI/ML,Finance,6.089644338,Placed,81725.81887,1,3
7.664268653,1,Tier 1,Germany,300+,1,69.33998059,64.1979008,Data Science,Consulting,4.373478334,Placed,113783.82,3,1
6.315132939,0,Tier 1,UK,100-300,3,84.84585004,73.74466529,Data Science,Tech,5.036555275,Placed,120000.0,3,2
6.617874043,0,Tier 2,USA,100-300,3,77.90342903,67.08595319,Core CS,Finance,4.175499769,Placed,112817.4578,2,2
7.383183861,0,Tier 3,USA,100-300,0,77.40167415,67.3608514,Cybersecurity,Finance,4.165640208,Placed,86879.34967,1,2
7.266929684,1,Tier 1,UK,300+,1,72.67935534,71.43862818,Core CS,Consulting,6.802073104,Placed,115837.5861,3,1
7.830031955,1,Tier 3,USA,100-300,3,88.41800861,66.26133677,Cybersecurity,Consulting,6.411724946,Placed,91148.50623,1,2
6.216989027,1,Tier 2,USA,300+,3,58.41379702,75.2772084,AI/ML,Healthcare,4.333060917,Placed,118834.7829,2,1
6.644565392,2,Tier 2,USA,300+,2,62.60333132,66.34796072,Cloud,Manufacturing,5.339149923,Placed,96377.40686,2,1
7.301840394,5,Tier 2,Germany,100-300,5,77.48076979,60.47252955,Data Science,Tech,6.189249691,Placed,106453.082,2,2
6.262267741,3,Tier 2,Canada,100-300,3,61.71651163,72.53142451,AI/ML,Finance,5.04092796,Placed,91027.75185,2,2
7.695684736,0,Tier 1,Canada,100-300,1,90.81275076,71.64255775,Cloud,Other,3.399386198,Placed,113176.4607,3,2
8.084510287,0,Tier 1,Germany,100-300,1,66.33354912,67.58382159,Cloud,Other,7.49628023,Placed,101429.1645,3,2
7.330747923,0,Tier 2,Germany,Top 100,2,74.10722329,58.26053245,Data Science,Manufacturing,6.872892596,Placed,97408.13413,2,3
8.50143665,0,Tier 2,Germany,100-300,0,67.30903963,75.91958639,Cybersecurity,Manufacturing,6.913892949,Placed,94936.31757,2,2
6.004276237,1,Tier 1,UK,Top 100,2,76.20140135,74.51845252,AI/ML,Consulting,5.93440586,Placed,107228.0963,3,3
5.577023801,1,Tier 3,Canada,100-300,2,79.87702694,46.83527961,Core CS,Healthcare,4.747193235,Placed,65305.56371,1,2
8.196835449,1,Tier 1,India,Top 100,2,62.83349876,76.35617686,Core CS,Healthcare,3.713858378,Placed,69659.96494,3,3
7.523492525,0,Tier 2,Germany,Top 100,2,93.60892542,67.29434029,Cloud,Consulting,3.990578608,Placed,85719.13961,2,3
6.955532263,0,Tier 2,USA,Top 100,2,79.8529612,69.89550238,AI/ML,Manufacturing,4.407271154,Placed,120000.0,2,3
7.223974901,0,Tier 1,Canada,300+,1,56.47217846,86.15671383,Core CS,Manufacturing,6.236006955,Placed,107646.9942,3,1
6.099608762,0,Tier 3,Germany,100-300,1,72.47476137,63.57472817,Core CS,Manufacturing,7.112624643,Placed,59714.22124,1,2
8.956601584,0,Tier 2,USA,300+,1,94.7605243,66.05295365,AI/ML,Finance,7.663705975,Placed,120000.0,2,1
7.580613299,1,Tier 3,India,300+,1,66.28886184,52.70004878,Cybersecurity,Tech,3.146677385,Placed,47232.52575,1,1
7.384807385,0,Tier 2,India,100-300,1,67.39948945,61.75129112,Data Science,Other,7.617473099,Placed,56960.45278,2,2
8.505619597,0,Tier 1,Germany,100-300,1,60.26593328,58.63891911,Cybersecurity,Tech,6.041072153,Placed,115095.6649,3,2
8.076336037,0,Tier 3,Canada,Top 100,3,89.36903962,61.64331532,Cybersecurity,Consulting,6.172316348,Placed,79583.55138,1,3
8.274549301,0,Tier 2,Germany,100-300,1,65.032457,63.21185253,Cybersecurity,Finance,5.754023343,Placed,94287.36152,2,2
6.591027459,1,Tier 3,India,100-300,3,42.95649133,71.82354908,Cloud,Finance,2.276022155,Placed,39198.39912,1,2
7.04457993,1,Tier 3,India,Top 100,5,83.32549977,62.15354013,Core CS,Healthcare,4.16908168,Placed,40943.66468,1,3
7.875353215,1,Tier 1,India,300+,1,47.65861912,84.19297402,Cloud,Manufacturing,6.382635199,Placed,53115.13738,3,1
8.223640256,0,Tier 3,Canada,Top 100,0,43.69016162,56.97179033,Cybersecurity,Other,7.429537595,Placed,78031.92432,1,3
6.658495144,2,Tier 3,Germany,100-300,1,92.53779397,76.19224331,AI/ML,Tech,5.747010827,Placed,89574.96435,1,2
6.1903165,1,Tier 3,Canada,100-300,3,44.57094826,39.10577354,Cybersecurity,Manufacturing,5.202784305,Placed,80650.25359,1,2
5.676114663,1,Tier 2,USA,100-300,1,56.03215547,55.33869148,Data Science,Consulting,5.687444664,Placed,108276.3478,2,2
7.058654374,0,Tier 3,USA,100-300,3,92.2286878,75.85218371,AI/ML,Manufacturing,6.093826326,Placed,105592.489,1,2
5.96803128,2,Tier 3,India,100-300,3,73.69228047,88.67616858,Data Science,Healthcare,5.753359393,Placed,43498.72436,1,2
6.731372241,1,Tier 1,USA,300+,3,76.56473268,67.60219339,Data Science,Tech,5.8999358,Placed,120000.0,3,1
8.33521722,0,Tier 2,Germany,100-300,2,69.33664079,57.28675609,Core CS,Tech,4.720383032,Placed,101733.2677,2,2
6.792326919,1,Tier 2,Canada,Top 100,1,80.26720145,92.93494673,Data Science,Consulting,4.702142488,Placed,101811.9691,2,3
5.797485638,2,Tier 1,Canada,Top 100,4,69.26897464,72.99186976,Cloud,Tech,4.264141411,Placed,111912.0541,3,3
6.781821144,3,Tier 2,UK,100-300,3,53.72546707,89.03261596,Cloud,Other,7.025212294,Placed,89793.73471,2,2
6.815252376,1,Tier 1,UK,Top 100,1,54.86004783,79.70497833,Cloud,Finance,4.105538576,Placed,120000.0,3,3
7.556965092,1,Tier 2,India,Top 100,3,83.86389717,57.30751592,Cloud,Manufacturing,4.882495209,Placed,51889.02326,2,3
8.479164876,1,Tier 2,India,100-300,4,54.84448489,45.99741865,Cybersecurity,Consulting,4.231149458,Placed,38197.50069,2,2
7.901252024,2,Tier 2,India,Top 100,3,66.54503126,74.42061049,Cybersecurity,Consulting,3.84625341,Placed,51484.88321,2,3
6.784889048,1,Tier 1,Germany,100-300,3,30.83865978,73.43595736,Cybersecurity,Other,5.97541089,Placed,100049.6786,3,2
6.114779273,0,Tier 2,UK,100-300,2,69.58348123,55.66510153,Core CS,Tech,4.904006882,Placed,101673.8508,2,2
9.058687843,1,Tier 2,Canada,300+,1,76.46664997,66.71580078,Cloud,Consulting,9.404567048,Placed,96485.61348,2,1
7.047374747,0,Tier 3,India,300+,3,80.82030208,66.53324167,AI/ML,Healthcare,3.830954877,Placed,40280.2182,1,1
7.011143434,2,Tier 3,Canada,100-300,5,72.15169213,60.18787548,Core CS,Healthcare,5.578706946,Placed,77220.00612,1,2
6.98069993,0,Tier 3,Germany,300+,1,70.66105397,67.74762976,Data Science,Healthcare,5.828116799,Placed,73602.85238,1,1
7.158467809,2,Tier 2,USA,100-300,2,69.79740599,89.18204031,AI/ML,Manufacturing,4.614774667,Placed,117568.5684,2,2
6.88451167,2,Tier 2,Germany,Top 100,4,60.35770143,64.97002798,Data Science,Finance,3.356778758,Placed,108703.7804,2,3
6.541070394,3,Tier 1,Germany,Top 100,2,73.90571926,98.75724689,Core CS,Finance,4.720231008,Placed,112827.7921,3,3
6.562512847,3,Tier 3,UK,Top 100,1,96.00864359,66.02295478,Cybersecurity,Other,5.699181866,Placed,74776.04963,1,3
6.973797384,1,Tier 2,India,300+,1,83.38227225,55.04927605,Core CS,Finance,3.994898497,Placed,43304.48125,2,1
6.565260183,0,Tier 3,Germany,100-300,0,75.56843026,95.96159957,Data Science,Manufacturing,4.505463765,Placed,83735.81889,1,2
6.796018226,2,Tier 1,USA,100-300,2,85.77172678,77.6527858,Cybersecurity,Tech,6.876676372,Placed,120000.0,3,2
8.203194391,0,Tier 3,USA,100-300,1,83.34720392,100.0,Core CS,Other,5.602045341,Placed,93130.70747,1,2
7.996868154,1,Tier 3,Canada,Top 100,2,79.73659627,53.51877705,Cloud,Other,5.528540974,Placed,80984.92024,1,3
5.341287814,2,Tier 2,Canada,Top 100,5,95.75514993,63.931216,Data Science,Tech,6.306592343,Placed,100130.3611,2,3
6.725849925,1,Tier 1,UK,300+,2,100.0,52.70686293,Cloud,Other,3.60215986,Placed,106018.746,3,1
6.37774665,0,Tier 2,India,100-300,0,58.25288662,45.67552078,Data Science,Consulting,6.828309903,Placed,41339.38896,2,2
6.111539324,1,Tier 3,USA,100-300,1,69.12334703,84.21980779,Data Science,Finance,6.18287643,Placed,96687.39575,1,2
8.401816355,1,Tier 1,UK,300+,1,98.41422056,52.16716225,Core CS,Tech,5.855727521,Placed,120000.0,3,1
7.748542715,1,Tier 3,UK,100-300,1,93.0116168,70.37471677,Cloud,Manufacturing,5.673647963,Placed,79767.66108,1,2
8.017244076,1,Tier 1,Germany,300+,1,74.96580461,79.2107966,Core CS,Finance,5.181096683,Placed,106223.9775,3,1
7.577337651,2,Tier 1,Germany,300+,2,76.28770221,62.37150997,Cybersecurity,Manufacturing,6.872672638,Placed,105398.109,3,1
6.580383787,0,Tier 1,UK,300+,0,88.81917198,51.2488111,Cybersecurity,Tech,4.783941972,Placed,114697.0715,3,1
7.391499649,0,Tier 3,UK,Top 100,1,61.66803534,79.05250442,Data Science,Other,6.067869471,Placed,90073.49025,1,3
6.022297753,0,Tier 3,Germany,100-300,4,79.89210509,81.65281233,AI/ML,Finance,3.595030635,Placed,77865.64742,1,2
6.807739681,0,Tier 2,India,100-300,0,60.33306083,87.25512023,Data Science,Consulting,6.304494967,Placed,55771.06627,2,2
7.568767975,0,Tier 3,USA,300+,3,65.0731827,57.22388566,Data Science,Consulting,6.566656056,Placed,103764.5921,1,1
7.355410649,0,Tier 2,USA,100-300,0,73.87775721,71.83520181,Core CS,Consulting,4.602166661,Placed,108552.1697,2,2
6.711227067,0,Tier 2,Germany,Top 100,2,64.36864756,32.83877811,Cloud,Healthcare,3.096668669,Placed,93830.35253,2,3
7.927463843,1,Tier 1,USA,300+,0,74.9291395,69.29311821,Cloud,Manufacturing,7.326564045,Placed,120000.0,3,1
7.492748486,1,Tier 1,Canada,100-300,1,73.41203031,74.19910604,Data Science,Finance,6.824662119,Placed,120000.0,3,2
7.474481006,0,Tier 1,Germany,100-300,1,74.88232916,63.47079555,Cybersecurity,Consulting,9.474218118,Placed,95775.27462,3,2
6.752362849,1,Tier 3,UK,300+,1,91.68686364,81.00129663,Data Science,Other,7.480975335,Placed,77019.60258,1,1
7.260906418,0,Tier 1,USA,Top 100,3,61.3890619,52.67086003,Cloud,Finance,4.615982677,Placed,120000.0,3,3
5.999109139,5,Tier 1,UK,100-300,2,100.0,74.35782412,Cybersecurity,Tech,7.004758257,Placed,119090.7968,3,2
7.739221615,1,Tier 2,USA,300+,3,63.67306132,61.03524164,Cybersecurity,Finance,6.929342565,Placed,111820.4095,2,1
6.852078291,0,Tier 3,USA,100-300,2,59.96453479,39.57412991,Cybersecurity,Tech,3.718035924,Placed,94752.55194,1,2
6.581821584,0,Tier 1,Germany,300+,2,67.38817295,55.17197612,Core CS,Consulting,3.412127798,Placed,87891.75778,3,1
7.839207381,1,Tier 1,India,300+,2,78.93819536,66.92605849,AI/ML,Manufacturing,5.626227764,Placed,61427.74231,3,1
7.484807961,1,Tier 2,UK,300+,1,35.17721193,65.69627655,Core CS,Other,5.478999239,Placed,91107.60046,2,1
8.403835346,1,Tier 2,Germany,Top 100,3,64.87975924,63.02012213,Data Science,Finance,6.787812671,Placed,118028.9377,2,3
8.357165095,0,Tier 2,India,100-300,3,81.28616659,100.0,Cybersecurity,Manufacturing,5.618079822,Placed,51663.80501,2,2
7.168813974,3,Tier 3,USA,100-300,3,68.49924405,31.80752429,AI/ML,Consulting,4.766770855,Placed,99170.56835,1,2
7.319308891,0,Tier 2,Canada,100-300,0,50.68375908,60.8320067,AI/ML,Tech,4.008790811,Placed,107426.0228,2,2
7.882641506,2,Tier 3,Germany,100-300,1,81.65295676,61.85981254,Data Science,Manufacturing,5.326357016,Placed,82612.65723,1,2
7.091382119,0,Tier 1,USA,300+,0,97.45354372,62.6323606,Cybersecurity,Finance,4.137202772,Placed,120000.0,3,1
7.120241409,0,Tier 2,UK,300+,5,47.22030208,92.01158459,Cybersecurity,Manufacturing,4.996329482,Placed,91945.871,2,1
6.70911023,0,Tier 3,Canada,300+,1,73.84786834,47.98487578,AI/ML,Tech,4.362771939,Placed,81951.51558,1,1
6.954443501,3,Tier 3,USA,100-300,0,64.15524625,62.48576107,Cloud,Healthcare,5.646114997,Placed,80271.1687,1,2
7.594611275,0,Tier 3,India,300+,2,63.82100877,62.04196239,Cybersecurity,Finance,3.703322159,Placed,34938.79259,1,1
7.136692351,0,Tier 2,Canada,300+,5,74.50250294,51.76392489,Data Science,Other,5.505250876,Placed,98179.28884,2,1
6.852813331,0,Tier 3,Germany,Top 100,1,65.96114652,95.41160648,Core CS,Finance,4.731956993,Placed,81023.4895,1,3
7.014747146,1,Tier 1,Canada,300+,1,42.68180968,56.30019355,Core CS,Tech,5.879354671,Placed,98655.96062,3,1
6.568192256,1,Tier 2,India,300+,1,80.28944158,54.41709785,Core CS,Tech,6.976162132,Placed,49523.75291,2,1
7.326602205,3,Tier 1,Canada,100-300,4,61.41553317,58.11241785,Data Science,Other,5.218471808,Placed,117875.6989,3,2
7.82332451,1,Tier 1,UK,100-300,1,67.63692588,86.89433992,Core CS,Healthcare,4.588782256,Placed,118024.5715,3,2
7.378077986,1,Tier 1,USA,100-300,5,49.56003393,52.92148298,Core CS,Manufacturing,4.148102642,Placed,120000.0,3,2
7.204823787,0,Tier 3,USA,300+,1,55.26210102,75.56444025,Cloud,Tech,4.401350283,Placed,106009.0142,1,1
7.786152787,2,Tier 2,UK,Top 100,1,79.11540568,45.92796391,Cybersecurity,Consulting,3.858862437,Placed,101137.3604,2,3
6.500145138,0,Tier 1,Canada,300+,2,42.28889942,77.92955032,Core CS,Healthcare,7.209598428,Placed,106627.2053,3,1
7.02087284,1,Tier 2,UK,300+,2,68.90650971,79.19341266,Core CS,Other,6.437383594,Placed,85602.28285,2,1
7.414127216,0,Tier 2,Germany,100-300,4,76.98290118,95.60501893,Cloud,Finance,6.892419351,Placed,89673.26685,2,2
6.510785758,2,Tier 3,Canada,300+,3,78.1616016,66.93599157,AI/ML,Consulting,6.111113985,Placed,68769.89865,1,1
6.219301398,0,Tier 3,Germany,300+,1,70.76913687,61.99314121,AI/ML,Finance,8.717414406,Placed,78342.3097,1,1
7.842913437,3,Tier 1,India,100-300,1,55.65980173,56.63053691,AI/ML,Tech,5.310797794,Placed,71245.40496,3,2
6.240480889,2,Tier 1,Canada,300+,3,78.45719608,81.65834895,Data Science,Manufacturing,6.433080469,Placed,113732.5107,3,1
9.105905652,0,Tier 3,Germany,300+,2,84.61421687,65.30766446,Core CS,Tech,5.397168443,Placed,82390.86573,1,1
7.394654321,0,Tier 3,India,Top 100,0,71.27312661,81.77438864,Data Science,Tech,6.566986883,Placed,57942.82223,1,3
7.147868899,2,Tier 1,India,Top 100,1,67.11371956,50.87679339,Cloud,Other,5.19559409,Placed,56018.10858,3,3
6.313313776,0,Tier 3,USA,100-300,4,94.82246331,66.25338352,Cybersecurity,Manufacturing,6.154079468,Placed,87364.06074,1,2
7.560247904,0,Tier 2,USA,Top 100,3,56.86259659,55.24035373,Cloud,Tech,6.099997511,Placed,120000.0,2,3
6.539489739,0,Tier 3,Canada,100-300,2,62.99004477,61.41317916,AI/ML,Consulting,3.898751774,Placed,89918.72053,1,2
7.097607852,0,Tier 2,Germany,300+,0,76.70155226,79.67496574,Data Science,Finance,2.952525218,Placed,101923.0751,2,1
9.048067631,0,Tier 3,USA,100-300,2,66.17014522,87.25129741,Data Science,Finance,2.234369505,Placed,120000.0,1,2
6.92315208,2,Tier 3,Canada,300+,2,74.64762934,85.3727747,Cybersecurity,Finance,5.598891635,Placed,75637.37142,1,1
7.919418661,0,Tier 1,USA,300+,2,84.82417655,51.76665515,Cybersecurity,Finance,7.301762738,Placed,120000.0,3,1
6.43745886,0,Tier 1,Germany,Top 100,3,52.52866124,76.300991,Cybersecurity,Consulting,5.714294741,Placed,101102.3441,3,3
8.416640509,0,Tier 1,Germany,Top 100,1,94.49450573,76.75722893,Cloud,Manufacturing,7.931510135,Placed,113467.4043,3,3
6.498426354,0,Tier 2,USA,100-300,1,73.6765444,48.04034604,Cloud,Tech,5.615320909,Placed,110965.0053,2,2
8.449958846,3,Tier 3,Germany,300+,5,68.7935905,69.8855053,Cybersecurity,Tech,2.089760502,Placed,76477.52715,1,1
6.550026579,0,Tier 2,UK,300+,2,81.90243372,80.00742906,Cloud,Healthcare,3.848415629,Placed,90240.68455,2,1
7.505926191,0,Tier 2,India,100-300,3,57.23715252,50.32008785,Data Science,Manufacturing,3.073798285,Placed,50234.6546,2,2
7.49744797,0,Tier 1,India,100-300,1,62.65633881,74.82328659,Core CS,Consulting,5.092943574,Placed,57837.17902,3,2
6.418290259,1,Tier 3,Germany,100-300,0,52.13213361,58.54023382,Data Science,Other,3.633084594,Placed,75589.20092,1,2
6.801985092,2,Tier 3,UK,100-300,1,68.86724851,69.69880956,Core CS,Manufacturing,5.353084635,Placed,71578.59105,1,2
6.940453257,1,Tier 3,UK,300+,2,70.29759754,78.45422935,Core CS,Consulting,3.6767793,Placed,68965.23178,1,1
7.496537678,0,Tier 3,Germany,300+,0,56.0934532,89.79391566,Cloud,Manufacturing,5.247514275,Placed,81337.35146,1,1
7.142160801,0,Tier 2,Germany,300+,3,59.48564158,78.94330656,Cybersecurity,Consulting,4.62974416,Placed,85684.63347,2,1
7.304158281,0,Tier 2,India,300+,3,64.22134033,72.62878662,Cybersecurity,Other,4.121509179,Placed,38818.97131,2,1
7.447832358,1,Tier 2,USA,300+,0,37.60226312,72.20717852,Cybersecurity,Healthcare,4.65983445,Placed,119949.1809,2,1
7.86462458,1,Tier 1,Germany,100-300,1,75.07074793,65.12752371,Core CS,Manufacturing,8.484896183,Placed,105995.0997,3,2
7.21726307,0,Tier 3,UK,Top 100,2,33.14300151,81.76072898,Data Science,Consulting,3.028770195,Placed,87926.3033,1,3
6.968355877,1,Tier 3,India,100-300,0,87.28599795,54.81033285,Cloud,Tech,5.639478082,Placed,40522.34568,1,2
7.023804912,1,Tier 1,Canada,300+,1,75.34423421,69.7921307,Data Science,Finance,6.157554143,Placed,120000.0,3,1
7.750627045,1,Tier 1,India,Top 100,2,56.0018758,77.51703086,Core CS,Other,6.173587256,Placed,55704.00382,3,3
6.587164217,0,Tier 2,USA,100-300,3,77.30879445,62.62827114,AI/ML,Consulting,3.97661743,Placed,118946.365,2,2
7.076896622,1,Tier 3,UK,100-300,2,95.87201937,55.05811837,Data Science,Tech,4.89161333,Placed,98932.17287,1,2
6.752662301,2,Tier 1,UK,300+,1,75.82205371,61.74403101,Cloud,Manufacturing,3.999623825,Placed,103386.2985,3,1
7.177707017,2,Tier 1,USA,300+,3,65.99949528,56.94027389,Cloud,Finance,5.580432597,Placed,120000.0,3,1
6.617001103,0,Tier 3,India,100-300,0,68.6029334,31.13470102,AI/ML,Other,5.759676759,Placed,38681.44804,1,2
8.0046049,1,Tier 3,Germany,300+,3,73.09326581,85.29744368,Cybersecurity,Manufacturing,4.821492828,Placed,67871.1869,1,1
8.157582307,0,Tier 1,India,300+,2,61.421296,79.59632394,Data Science,Finance,3.419874648,Placed,66561.41455,3,1
7.157243821,1,Tier 2,India,Top 100,0,48.74131069,70.82037683,Core CS,Tech,3.257853246,Placed,51976.40448,2,3
7.825475632,2,Tier 3,Canada,100-300,2,62.29995008,54.72116273,Core CS,Healthcare,4.598712787,Placed,77744.35778,1,2
7.213640213,2,Tier 1,India,100-300,1,94.96384374,65.31194769,AI/ML,Other,2.107168785,Placed,62620.08507,3,2
7.711704636,1,Tier 1,India,300+,2,64.61011515,86.52160365,Data Science,Tech,4.706341488,Placed,66312.09135,3,1
7.065827191,1,Tier 3,Canada,300+,2,72.14399525,66.73213734,Data Science,Finance,2.829284548,Placed,87827.49568,1,1
7.8523843,1,Tier 1,UK,100-300,2,53.11443716,65.26576234,AI/ML,Tech,8.444837188,Placed,120000.0,3,2
6.58616924,2,Tier 2,Germany,100-300,1,38.87717462,51.93186546,Data Science,Finance,2.670250039,Placed,104048.005,2,2
8.127477952,2,Tier 3,USA,Top 100,3,53.12185685,84.44904994,Data Science,Finance,5.198263061,Placed,108432.7413,1,3
6.643597983,0,Tier 1,USA,300+,1,59.44311093,85.28499507,Core CS,Healthcare,1.472225978,Placed,120000.0,3,1
8.162707582,3,Tier 2,India,300+,0,68.7165362,65.86213659,Core CS,Tech,7.473227509,Placed,52410.13801,2,1
8.263657717,0,Tier 1,India,Top 100,2,75.90261616,69.4211958,AI/ML,Tech,9.038239648,Placed,79040.76375,3,3
6.663850546,2,Tier 3,USA,Top 100,3,81.89075165,44.94018979,Cybersecurity,Finance,5.079199407,Placed,96889.86206,1,3
6.97225209,1,Tier 3,Germany,300+,3,76.15101356,63.53809595,Cybersecurity,Finance,4.193877528,Placed,70741.33621,1,1
8.240400394,0,Tier 2,UK,Top 100,0,55.87677788,60.27514045,Cybersecurity,Other,5.764580245,Placed,113466.2611,2,3
7.787457919,1,Tier 1,UK,100-300,0,69.87551826,33.11359079,Data Science,Tech,8.048488621,Placed,120000.0,3,2
6.828808925,1,Tier 2,India,Top 100,3,91.37052383,88.05554679,AI/ML,Manufacturing,2.510962228,Placed,63863.53591,2,3
6.960429032,0,Tier 2,Canada,300+,1,61.83213763,71.94692315,Cloud,Manufacturing,7.94580271,Placed,87283.33537,2,1
7.539855594,1,Tier 1,Canada,100-300,0,84.23929867,47.11984619,AI/ML,Manufacturing,7.220530885,Placed,120000.0,3,2
6.101822383,2,Tier 1,Germany,100-300,2,70.12168722,76.89994796,Core CS,Tech,5.905277896,Placed,94000.32088,3,2
7.133161767,1,Tier 2,USA,100-300,2,87.62701105,61.79200662,Cybersecurity,Manufacturing,4.389681272,Placed,110563.6964,2,2
7.393961011,2,Tier 2,India,300+,2,65.33689209,86.39569586,Data Science,Other,6.700660112,Placed,56014.15395,2,1
8.964240112,0,Tier 2,India,100-300,2,57.10742778,63.69502663,Cybersecurity,Finance,2.647148081,Placed,47868.45293,2,2
6.575202436,1,Tier 2,India,300+,3,74.86053396,53.79333694,Data Science,Tech,3.956221789,Placed,55562.68384,2,1
6.555618305,0,Tier 1,USA,Top 100,1,72.60853862,50.96031362,AI/ML,Other,2.802521865,Placed,120000.0,3,3
6.490090298,1,Tier 2,USA,300+,3,70.94926503,72.11043294,Data Science,Healthcare,8.512614216,Placed,120000.0,2,1
7.951213225,1,Tier 3,India,100-300,2,81.53708986,31.94833885,Cloud,Manufacturing,5.185396643,Placed,43302.58412,1,2
8.136403398,1,Tier 2,India,300+,0,88.3158357,35.21959287,Cloud,Consulting,2.774180694,Placed,38699.305,2,1
6.543402965,1,Tier 1,Canada,100-300,2,58.63452816,70.93993195,Core CS,Tech,4.916009501,Placed,104748.9279,3,2
7.377132445,1,Tier 1,USA,100-300,1,86.44173965,79.97067131,Cybersecurity,Healthcare,6.980852222,Placed,120000.0,3,2
6.558221565,1,Tier 2,India,Top 100,0,71.16225857,72.93751328,Data Science,Other,4.970693793,Placed,55635.47901,2,3
7.506345454,1,Tier 2,Canada,Top 100,2,77.40676299,59.37627373,Cloud,Manufacturing,5.390075587,Placed,96686.17268,2,3
7.162338417,0,Tier 2,UK,300+,1,64.95610328,76.28486648,Core CS,Healthcare,5.16641449,Placed,94968.70494,2,1
5.787404708,1,Tier 3,Germany,100-300,1,65.06743562,66.73653333,Core CS,Consulting,2.827371483,Placed,58912.36695,1,2
8.238004161,0,Tier 2,USA,100-300,0,52.92782884,64.24448941,Core CS,Tech,5.416163608,Placed,120000.0,2,2
6.689838752,0,Tier 3,India,300+,2,81.55561587,70.16230136,Data Science,Finance,2.067205246,Placed,39678.28694,1,1
7.228692313,2,Tier 3,India,300+,1,78.0609801,45.08360445,Cybersecurity,Healthcare,4.491243927,Placed,32614.52381,1,1
7.267565432,1,Tier 1,UK,100-300,1,63.5433502,98.7388855,Cybersecurity,Consulting,5.990433466,Placed,106271.6195,3,2
7.526835418,2,Tier 2,India,300+,2,81.82137773,81.30271939,Core CS,Finance,7.365917318,Placed,42143.82415,2,1
8.608163631,0,Tier 2,Germany,300+,1,76.55331082,71.05137334,Cybersecurity,Tech,5.171459358,Placed,100998.1222,2,1
6.858442218,2,Tier 1,Canada,100-300,1,78.1033038,82.13453947,Core CS,Manufacturing,4.740096904,Placed,111125.7396,3,2
6.361362204,0,Tier 1,UK,300+,4,47.59338558,82.54746414,Cloud,Healthcare,4.384311225,Placed,106505.2034,3,1
8.435646291,1,Tier 2,India,100-300,2,62.31387756,77.18267087,Cybersecurity,Finance,1.979433554,Placed,50599.42098,2,2
7.179030361,0,Tier 3,UK,100-300,5,92.50106067,57.1576183,Cybersecurity,Consulting,4.388868212,Placed,75894.31766,1,2
6.986861683,1,Tier 2,Germany,300+,0,77.15387796,70.30515559,Cloud,Manufacturing,4.812281065,Placed,84189.12528,2,1
7.950714619,1,Tier 2,USA,300+,3,56.94502482,82.26840869,Cybersecurity,Consulting,2.879232634,Placed,111332.065,2,1
9.021545941,0,Tier 1,India,100-300,1,43.55576784,76.27902216,Cybersecurity,Other,5.560259883,Placed,56611.90022,3,2
6.575304982,1,Tier 2,Germany,100-300,4,71.36189759,73.94362898,Data Science,Healthcare,5.659541119,Placed,97275.87045,2,2
6.608448446,1,Tier 2,Canada,Top 100,4,61.2841461,100.0,Cybersecurity,Healthcare,6.577335882,Placed,92498.69102,2,3
7.835328702,4,Tier 2,India,100-300,4,79.75445654,59.55357996,Cloud,Consulting,5.267360124,Placed,43788.40825,2,2
7.545513192,5,Tier 2,Canada,Top 100,4,87.89637471,64.24087718,Cybersecurity,Finance,5.649664218,Placed,100359.7487,2,3
8.477365861,0,Tier 2,UK,300+,2,82.91767713,52.27255719,Data Science,Finance,6.372243341,Placed,116692.0985,2,1
7.467142548,0,Tier 2,USA,Top 100,2,62.99319361,48.51559348,Data Science,Finance,4.004628039,Placed,120000.0,2,3
6.712566327,0,Tier 2,Germany,Top 100,0,68.5246052,68.68917158,Cybersecurity,Other,6.847685879,Placed,83259.31746,2,3
7.886962864,1,Tier 2,Germany,100-300,2,61.26144114,31.41058315,Data Science,Finance,6.48387605,Placed,117316.4273,2,2
7.656385745,3,Tier 3,Germany,100-300,2,67.35226492,58.02119025,Data Science,Other,3.498847527,Placed,75845.27629,1,2
7.405819225,1,Tier 3,India,300+,1,100.0,61.21486294,Data Science,Tech,3.042404777,Placed,56629.13159,1,1
7.853339752,1,Tier 3,USA,100-300,1,55.88429676,82.57884498,Cybersecurity,Manufacturing,3.997472295,Placed,88505.8991,1,2
7.935436472,2,Tier 1,USA,300+,1,80.52617037,41.10071266,Data Science,Consulting,6.173022851,Placed,120000.0,3,1
8.105727193,1,Tier 1,UK,300+,2,70.72740095,45.35927005,Cybersecurity,Healthcare,3.768461591,Placed,107554.9422,3,1
7.51896791,1,Tier 2,India,300+,3,67.99496753,55.47073553,Cybersecurity,Healthcare,6.445769808,Placed,42482.29385,2,1
6.866305536,0,Tier 1,India,Top 100,3,69.4812731,59.02326666,Cybersecurity,Other,5.010830791,Placed,51810.38232,3,3
7.965207173,2,Tier 2,Canada,Top 100,2,79.48340869,66.35967203,Cloud,Other,4.912598623,Placed,94669.33141,2,3
7.294938647,0,Tier 1,USA,100-300,1,71.03525215,42.93111946,Cloud,Tech,7.025576765,Placed,120000.0,3,2
6.68532895,1,Tier 3,UK,100-300,3,61.20260878,73.3609422,Cybersecurity,Healthcare,6.009946122,Placed,85054.76133,1,2
7.022995858,2,Tier 1,UK,100-300,1,65.0364692,74.87716767,AI/ML,Healthcare,6.443569333,Placed,120000.0,3,2
5.912115087,2,Tier 3,India,Top 100,2,100.0,55.335086,Cybersecurity,Consulting,6.813748034,Placed,35332.68487,1,3
7.597002853,2,Tier 1,Germany,100-300,2,66.27308577,53.00624901,Core CS,Consulting,3.902972282,Placed,108638.6033,3,2
7.516387345,2,Tier 1,USA,100-300,0,95.77959998,41.06703926,Cybersecurity,Healthcare,5.232628097,Placed,120000.0,3,2
8.730603779,2,Tier 3,UK,Top 100,3,64.22711615,43.42581974,Cybersecurity,Finance,6.104500268,Placed,96186.51324,1,3
6.753777412,1,Tier 1,India,100-300,5,66.43425773,56.96815523,Cybersecurity,Tech,4.580782503,Placed,66810.60317,3,2
7.175320262,1,Tier 3,Canada,300+,0,55.25390789,62.31111727,AI/ML,Consulting,7.02877709,Placed,88050.08906,1,1
7.199506947,2,Tier 2,USA,300+,1,82.90285717,70.89016096,Core CS,Tech,5.614523526,Placed,120000.0,2,1
8.261962624,1,Tier 1,USA,300+,0,55.8876267,78.073585,Core CS,Manufacturing,5.683476931,Placed,120000.0,3,1
6.923763574,1,Tier 3,UK,300+,1,54.97990914,48.32895845,Data Science,Healthcare,5.28873148,Placed,78912.53271,1,1
7.223217221,0,Tier 2,India,300+,1,70.60694646,64.52051029,Cybersecurity,Healthcare,6.779054148,Placed,53144.9474,2,1
7.486317208,0,Tier 1,Canada,100-300,1,70.02057726,72.77013723,Cybersecurity,Finance,4.55676643,Placed,113374.8158,3,2
6.642853108,1,Tier 3,Canada,100-300,1,75.78398478,56.02064578,Cloud,Healthcare,5.597517403,Placed,72571.53533,1,2
7.155271994,1,Tier 1,Canada,300+,0,37.74800486,72.10456277,Cybersecurity,Finance,5.953476462,Placed,97391.06409,3,1
6.17878776,1,Tier 1,UK,Top 100,4,48.84075945,87.0714524,AI/ML,Finance,1.264687289,Placed,120000.0,3,3
7.106375739,2,Tier 3,India,300+,1,66.89096293,63.75636749,Cybersecurity,Manufacturing,5.007191163,Placed,43176.95485,1,1
5.781450476,2,Tier 2,Canada,300+,3,76.06608005,50.59124111,Data Science,Tech,3.009432042,Placed,105993.7564,2,1
6.552862522,1,Tier 3,India,Top 100,0,63.44009369,58.4793404,Data Science,Manufacturing,5.788058384,Placed,48014.89911,1,3
7.3017695,2,Tier 3,Canada,300+,4,59.9079288,45.83497243,Cloud,Other,4.166745492,Placed,64441.64218,1,1
8.252419223,1,Tier 2,UK,100-300,0,81.89158382,57.6454677,AI/ML,Manufacturing,5.273031834,Placed,115352.7352,2,2
6.947399791,1,Tier 3,India,300+,1,39.5537487,44.96782505,Cybersecurity,Consulting,7.074717937,Placed,36360.04717,1,1
8.504925656,0,Tier 1,Germany,300+,1,52.30506212,50.9010518,Cybersecurity,Healthcare,5.749092479,Placed,109493.5937,3,1
5.84158888,2,Tier 3,USA,300+,3,43.66398605,71.28911054,AI/ML,Manufacturing,5.517979409,Placed,91147.36463,1,1
5.240955235,2,Tier 2,USA,Top 100,3,75.82355429,74.07638443,AI/ML,Finance,5.530498994,Placed,117480.8951,2,3
6.598356621,2,Tier 3,USA,100-300,1,76.7555193,65.7599376,Data Science,Finance,6.179973875,Placed,100922.0052,1,2
6.183013746,1,Tier 2,Germany,Top 100,2,78.80727526,73.6092026,Cybersecurity,Other,6.645222516,Placed,71086.98126,2,3
7.566685158,0,Tier 1,Germany,100-300,0,85.02357458,59.0359058,AI/ML,Finance,5.361054025,Placed,120000.0,3,2
7.195040571,1,Tier 3,Canada,100-300,1,75.23016389,67.99643465,AI/ML,Healthcare,2.344137822,Placed,83509.49882,1,2
6.548737095,3,Tier 1,Germany,300+,4,63.23221993,50.37584728,Core CS,Healthcare,3.80187372,Placed,87698.3147,3,1
7.697965863,0,Tier 1,Canada,100-300,0,65.64072546,62.49990932,Core CS,Other,5.291407134,Placed,106495.4865,3,2
7.520160942,2,Tier 1,USA,Top 100,2,84.4867362,69.34249387,AI/ML,Finance,5.362201937,Placed,120000.0,3,3
6.920659309,0,Tier 2,Germany,300+,1,84.79795303,59.80063105,Cloud,Finance,6.675902266,Placed,81891.98234,2,1
8.477309597,1,Tier 2,Germany,100-300,0,56.92677702,85.25557564,Cybersecurity,Healthcare,7.550406538,Placed,97182.1415,2,2
7.194671559,1,Tier 3,USA,100-300,2,44.24128563,89.85598186,Cybersecurity,Tech,4.046959295,Placed,98366.48069,1,2
6.807011154,0,Tier 3,UK,100-300,1,85.25924766,65.79956951,AI/ML,Other,5.360981824,Placed,87078.88003,1,2
7.281644317,1,Tier 2,Canada,300+,2,58.31214771,69.44422749,Cybersecurity,Consulting,6.202744803,Placed,91933.7869,2,1
8.155011683,1,Tier 2,UK,300+,3,88.64516673,97.3765593,Data Science,Healthcare,6.291637793,Placed,98498.20967,2,1
6.934279057,2,Tier 2,USA,100-300,4,75.60884154,75.58187049,Cybersecurity,Finance,3.365451895,Placed,115714.6144,2,2
7.893836665,2,Tier 2,India,100-300,3,85.68518047,80.52181349,AI/ML,Consulting,3.266270086,Placed,50861.38463,2,2
7.365402575,0,Tier 1,UK,100-300,1,86.76077698,74.68081053,Cloud,Healthcare,6.121224874,Placed,115020.3339,3,2
6.928211445,2,Tier 3,India,300+,0,80.9399473,94.22085946,Data Science,Tech,5.395331143,Placed,48128.17003,1,1
8.152093772,1,Tier 1,Canada,300+,1,63.17028142,65.81447778,AI/ML,Tech,6.631600887,Placed,120000.0,3,1
8.440752346,0,Tier 3,India,100-300,1,72.82703721,86.00495667,Cybersecurity,Consulting,6.986121745,Placed,48729.26941,1,2
6.967873639,1,Tier 1,Germany,100-300,1,82.23286972,74.37083768,Cloud,Consulting,7.651773287,Placed,103635.7176,3,2
7.102483532,0,Tier 1,USA,100-300,1,70.8784447,77.24262451,Cloud,Other,5.673716776,Placed,120000.0,3,2
6.455158674,1,Tier 3,Canada,300+,1,65.69265351,100.0,Cybersecurity,Consulting,3.516674443,Placed,79451.47361,1,1
7.672514839,3,Tier 1,India,100-300,1,59.37127895,81.31088801,Data Science,Tech,7.788270507,Placed,67890.04798,3,2
6.643053253,0,Tier 2,USA,100-300,1,65.4188482,53.031223,Data Science,Consulting,5.728231944,Placed,120000.0,2,2
6.638154945,1,Tier 1,Germany,100-300,0,64.13342612,89.96157736,AI/ML,Consulting,3.352890217,Placed,118060.8972,3,2
7.608331725,0,Tier 3,Germany,100-300,2,68.29199259,71.53691573,Cybersecurity,Finance,3.561030328,Placed,79897.49763,1,2
7.628640127,1,Tier 2,Germany,300+,3,64.05377005,66.02282623,Core CS,Tech,5.921392206,Placed,96367.9193,2,1
7.340366049,1,Tier 2,UK,100-300,4,67.81508065,60.51122544,AI/ML,Finance,4.887353515,Placed,109561.5382,2,2
6.226419085,2,Tier 1,India,Top 100,1,71.31853787,73.8172696,Data Science,Healthcare,3.007263957,Placed,64082.48423,3,3
6.073308249,1,Tier 2,Germany,300+,3,94.64665653,58.6299952,Data Science,Healthcare,5.103808942,Placed,104193.273,2,1
8.202718641,0,Tier 3,Canada,300+,3,67.93351835,56.62707543,Core CS,Consulting,8.389464344,Placed,81236.09861,1,1
7.701889832,1,Tier 1,Germany,100-300,3,71.83169851,51.66389077,Core CS,Healthcare,6.752951089,Placed,107922.8192,3,2
6.454412602,3,Tier 2,India,Top 100,3,66.09832692,98.46352995,Cloud,Healthcare,6.26292326,Placed,63425.96481,2,3
6.775119766,2,Tier 1,India,300+,0,78.65323415,62.46468847,Cybersecurity,Consulting,4.495457807,Placed,58016.4579,3,1
8.438149221,0,Tier 2,UK,100-300,4,37.46912222,65.2165558,Data Science,Other,3.431871677,Placed,118390.3905,2,2
7.512674289,0,Tier 3,India,100-300,0,63.52023349,80.05993077,Core CS,Healthcare,6.202772083,Placed,37568.03329,1,2
6.543056808,1,Tier 1,India,300+,3,68.45948979,66.48188239,Cybersecurity,Manufacturing,5.464870244,Placed,49280.99125,3,1
7.458066225,1,Tier 1,Germany,Top 100,2,34.64114227,75.20456444,Core CS,Healthcare,2.993375602,Placed,100884.4433,3,3
8.119484349,2,Tier 2,USA,100-300,3,63.99040857,59.79172556,Data Science,Consulting,6.241122897,Placed,120000.0,2,2
7.739706946,2,Tier 1,India,300+,2,65.28021209,88.2647817,Cloud,Other,6.540001814,Placed,52528.98385,3,1
7.047704296,1,Tier 2,USA,300+,2,45.00512074,66.16286009,Core CS,Healthcare,6.157130931,Placed,104238.4479,2,1
6.482450578,1,Tier 1,USA,300+,1,100.0,67.3050741,Core CS,Healthcare,4.486539811,Placed,120000.0,3,1
7.314788308,0,Tier 2,USA,300+,1,100.0,60.99873691,Cloud,Healthcare,6.538415809,Placed,103893.5181,2,1
7.716154576,3,Tier 3,UK,100-300,2,45.67545713,64.06495396,Cloud,Tech,2.010704885,Placed,91442.11537,1,2
7.839642172,1,Tier 3,UK,100-300,1,45.35256555,58.53297435,Core CS,Healthcare,2.446973368,Placed,78470.6047,1,2
6.571811831,0,Tier 1,India,100-300,2,78.61863015,58.35641049,AI/ML,Manufacturing,4.125402227,Placed,58860.91904,3,2
8.053915253,0,Tier 3,UK,300+,1,77.74816002,59.93430952,Data Science,Finance,4.963158223,Placed,97910.34727,1,1
7.158079684,0,Tier 2,Canada,300+,1,78.38408861,63.24187622,Cybersecurity,Consulting,5.913017549,Placed,87351.96103,2,1
8.660208698,0,Tier 3,UK,100-300,2,51.33577595,56.46445388,Cloud,Finance,5.361358034,Placed,81706.28952,1,2
8.388771043,0,Tier 1,India,300+,2,94.6051917,76.18282429,Data Science,Consulting,4.66925794,Placed,58527.93826,3,1
7.158328627,0,Tier 1,USA,100-300,2,90.63005037,91.77803608,AI/ML,Finance,6.06222978,Placed,120000.0,3,2
6.478865597,2,Tier 2,USA,Top 100,1,54.624469,67.11805265,AI/ML,Tech,5.581358523,Placed,120000.0,2,3
6.612891333,1,Tier 1,India,100-300,1,93.0198281,61.86331308,Core CS,Other,5.234531581,Placed,55922.24798,3,2
7.339332757,0,Tier 1,Germany,Top 100,2,67.52143317,72.01940234,Core CS,Consulting,4.787968036,Placed,109177.797,3,3
7.41826839,2,Tier 2,Canada,300+,1,54.54358703,68.95156385,Core CS,Other,5.050134049,Placed,87129.72889,2,1
6.980516326,1,Tier 1,USA,100-300,0,88.32832661,63.1068086,AI/ML,Consulting,4.89552987,Placed,120000.0,3,2
8.713816287,1,Tier 2,India,100-300,2,79.57177987,60.50594023,Core CS,Consulting,5.957454729,Placed,55001.58537,2,2
7.349058936,0,Tier 3,UK,100-300,3,70.65936162,61.47230217,AI/ML,Manufacturing,3.53677449,Placed,87940.1593,1,2
7.096025061,1,Tier 3,USA,Top 100,0,70.55448486,36.30884379,Core CS,Healthcare,5.131575599,Placed,85235.10958,1,3
7.319378498,0,Tier 2,India,100-300,3,64.3674556,31.80888599,AI/ML,Healthcare,6.101820027,Placed,50160.06756,2,2
7.517756752,1,Tier 2,India,Top 100,1,79.13351992,75.29189765,Data Science,Tech,4.62937409,Placed,58601.99499,2,3
6.61345083,1,Tier 1,USA,300+,2,100.0,61.07140721,Data Science,Consulting,5.441334104,Placed,120000.0,3,1
8.259189411,0,Tier 2,Germany,100-300,3,100.0,53.98857898,Cloud,Healthcare,7.166221565,Placed,92593.53622,2,2
6.01938747,0,Tier 1,Germany,100-300,3,64.14288149,57.18355495,Cybersecurity,Healthcare,4.459187455,Placed,93162.69315,3,2
7.837678642,4,Tier 3,India,Top 100,1,100.0,82.15195052,AI/ML,Manufacturing,5.627139981,Placed,40665.19059,1,3
8.347142153,0,Tier 3,Canada,Top 100,2,54.19871496,54.48833033,AI/ML,Finance,4.895380183,Placed,102188.5845,1,3
7.862944667,1,Tier 2,Canada,100-300,0,79.73753287,87.43281904,Cloud,Finance,7.452443924,Placed,100083.3486,2,2
6.969193224,1,Tier 2,India,100-300,2,73.31287787,66.35332593,Cloud,Tech,4.453594412,Placed,51443.8345,2,2
6.86189816,1,Tier 3,Germany,100-300,4,73.40139691,62.90498488,Data Science,Other,5.678432052,Placed,81383.04328,1,2
7.521858303,0,Tier 3,USA,100-300,5,67.95870444,50.73765919,AI/ML,Other,3.579712349,Placed,98902.28647,1,2
8.18123228,1,Tier 3,India,300+,0,76.74504198,77.66553655,Cybersecurity,Tech,6.351367631,Placed,43190.45351,1,1
8.104073083,1,Tier 3,India,300+,1,70.57264925,94.50860821,Data Science,Manufacturing,4.040777904,Placed,45518.43152,1,1
6.499549839,2,Tier 2,India,300+,1,100.0,100.0,Cloud,Consulting,6.090353055,Placed,47416.45242,2,1
7.316642827,2,Tier 3,India,300+,1,65.99143697,43.65686804,Data Science,Other,7.513592336,Placed,47954.03652,1,1
7.208539013,0,Tier 1,USA,Top 100,0,46.30121418,74.5457652,Data Science,Finance,6.494674824,Placed,120000.0,3,3
6.559755877,2,Tier 1,Canada,100-300,3,52.30180154,62.28812034,Cybersecurity,Healthcare,6.885695494,Placed,100864.1521,3,2
6.979556743,0,Tier 3,India,100-300,1,100.0,56.34413883,Cybersecurity,Consulting,5.892434257,Placed,42257.87027,1,2
7.938183215,1,Tier 2,Germany,100-300,2,74.39771915,86.29719204,Core CS,Healthcare,3.235023373,Placed,97868.8616,2,2
7.434880124,2,Tier 1,USA,Top 100,2,65.91707199,78.67745179,Data Science,Consulting,5.010472815,Placed,120000.0,3,3
6.703508534,0,Tier 3,Germany,Top 100,0,43.54418252,76.01551904,Core CS,Finance,4.150080408,Placed,74025.42283,1,3
7.617358969,0,Tier 1,USA,100-300,0,72.44608905,63.21232271,Core CS,Consulting,4.497389003,Placed,120000.0,3,2
7.91901256,0,Tier 3,Canada,100-300,1,60.15318093,73.06306688,Core CS,Finance,3.954878701,Placed,83294.47477,1,2
5.608228977,2,Tier 3,UK,100-300,2,60.18931806,66.98135974,AI/ML,Other,2.89889109,Placed,73696.96857,1,2
6.710047247,0,Tier 1,USA,300+,1,54.45509821,46.94446873,Cloud,Healthcare,2.426203616,Placed,116128.4951,3,1
6.104264084,0,Tier 3,UK,Top 100,1,84.75919217,71.7562955,Data Science,Healthcare,4.134592381,Placed,74954.39267,1,3
5.964254819,1,Tier 2,USA,300+,2,70.55213413,80.90883662,AI/ML,Healthcare,2.569254169,Placed,110820.4271,2,1
7.277203105,1,Tier 2,Canada,Top 100,0,59.5317855,84.2869128,AI/ML,Tech,2.910730696,Placed,114156.4816,2,3
7.061457513,1,Tier 3,USA,100-300,3,66.75365133,43.80677005,AI/ML,Finance,5.384547218,Placed,96235.21168,1,2
7.797013456,2,Tier 2,UK,100-300,3,92.14576214,54.67484792,Core CS,Healthcare,6.176215642,Placed,98974.76598,2,2
8.200607833,0,Tier 3,Canada,100-300,1,63.90167911,64.04879325,Core CS,Healthcare,3.129349708,Placed,76264.14417,1,2
6.721078292,0,Tier 3,UK,100-300,5,51.91612013,59.75491391,Cloud,Manufacturing,2.111809929,Placed,77308.9758,1,2
6.720593837,1,Tier 2,Germany,100-300,1,64.63041521,52.73982737,Cybersecurity,Finance,4.225902367,Placed,89367.71848,2,2
8.661398387,2,Tier 2,USA,100-300,2,63.7293035,79.13741654,Core CS,Other,6.933600015,Placed,120000.0,2,2
7.305548362,1,Tier 2,UK,100-300,2,70.23766164,80.49441774,Cloud,Other,4.645983828,Placed,92522.85341,2,2
7.344033318,1,Tier 3,India,300+,1,64.99062915,70.32132253,Data Science,Consulting,7.411787902,Placed,43033.95503,1,1
6.792766283,0,Tier 1,Canada,300+,5,60.80538928,70.72458608,Cloud,Other,6.264499133,Placed,99514.34576,3,1
6.842920121,0,Tier 1,UK,300+,0,79.75644605,72.34791723,AI/ML,Tech,4.371589423,Placed,120000.0,3,1
6.942718992,1,Tier 2,Canada,Top 100,0,74.83253969,53.03647785,AI/ML,Consulting,7.499837222,Placed,109073.819,2,3
7.582103635,2,Tier 3,India,Top 100,2,73.85011197,57.8243779,Cloud,Manufacturing,7.67208302,Placed,43077.50315,1,3
7.041556709,1,Tier 2,USA,300+,1,71.36412521,57.42850384,Core CS,Finance,6.56253434,Placed,103479.5307,2,1
7.73306214,0,Tier 1,UK,100-300,0,78.61992065,48.38757619,Core CS,Tech,3.508932022,Placed,120000.0,3,2
7.798408088,0,Tier 2,India,100-300,2,65.65549993,64.67276901,AI/ML,Tech,4.644868166,Placed,58862.09586,2,2
4.682995697,2,Tier 3,Canada,300+,1,67.70359345,93.28762908,Data Science,Finance,3.808055551,Placed,71915.45632,1,1
8.670699764,0,Tier 3,UK,300+,0,62.22160219,56.4528041,AI/ML,Healthcare,6.278229836,Placed,101120.8057,1,1
6.888328297,0,Tier 1,UK,300+,1,96.55732348,84.94530521,Cloud,Healthcare,6.990160998,Placed,105863.5143,3,1
7.886546253,1,Tier 1,UK,300+,3,73.40504024,33.33106176,Data Science,Other,5.245411632,Placed,120000.0,3,1
7.490219124,1,Tier 3,India,100-300,3,49.93628004,80.24038354,Cloud,Tech,5.160001175,Placed,46433.99417,1,2
6.500984831,1,Tier 2,USA,300+,0,77.60895097,61.33505059,Data Science,Consulting,4.514952307,Placed,111831.688,2,1
8.531225083,0,Tier 1,Germany,100-300,2,59.43101548,57.77618309,Data Science,Consulting,4.090418476,Placed,117085.2004,3,2
7.173946299,1,Tier 2,India,300+,2,61.16147472,78.19001391,AI/ML,Healthcare,6.238913922,Placed,48480.33046,2,1
7.696054185,0,Tier 1,Germany,300+,0,73.8976561,92.35269368,Data Science,Manufacturing,6.151827221,Placed,120000.0,3,1
7.120335124,0,Tier 1,UK,Top 100,3,53.6196595,78.61308643,Cybersecurity,Consulting,3.201177984,Placed,109930.4644,3,3
7.291968802,3,Tier 2,Canada,300+,4,98.37470572,45.112447,Cloud,Manufacturing,2.788519629,Placed,85715.68472,2,1
8.922732468,1,Tier 1,India,100-300,1,73.24508149,48.58565448,Cloud,Consulting,5.142092002,Placed,61669.45121,3,2
6.953904962,2,Tier 2,India,300+,0,50.82870516,72.1816081,Cybersecurity,Consulting,6.748044562,Placed,47612.23597,2,1
7.160879237,0,Tier 3,USA,300+,1,50.9487993,77.86482284,Core CS,Other,4.751724862,Placed,88321.0476,1,1
7.840523517,1,Tier 1,Germany,300+,1,81.02084975,85.43917336,Cloud,Tech,4.764587301,Placed,107708.0434,3,1
7.949624244,0,Tier 3,India,100-300,2,59.98622766,58.13719006,Core CS,Consulting,5.737225961,Placed,47737.06751,1,2
8.306745226,0,Tier 1,USA,300+,0,80.92077029,38.65234063,AI/ML,Consulting,4.20748822,Placed,120000.0,3,1
7.242108372,0,Tier 2,USA,100-300,2,60.42837238,37.58558386,Cloud,Finance,4.183624355,Placed,120000.0,2,2
6.948689323,5,Tier 3,USA,Top 100,0,52.03327877,76.95510083,Core CS,Consulting,6.039579349,Placed,85634.38751,1,3
7.257085772,2,Tier 1,India,100-300,3,70.27161525,70.908951,Cybersecurity,Tech,4.791199049,Placed,63282.87805,3,2
7.337536603,1,Tier 3,USA,100-300,0,76.97766811,70.85306536,Data Science,Other,5.030939272,Placed,106487.8624,1,2
8.290969015,0,Tier 1,Canada,100-300,2,51.91376807,42.20145149,Cybersecurity,Healthcare,6.310169562,Placed,108763.1858,3,2
7.362827441,1,Tier 2,India,100-300,1,75.79045808,50.64054692,AI/ML,Other,4.530996827,Placed,57918.11096,2,2
6.804674692,1,Tier 1,USA,300+,1,74.1568725,60.51977246,AI/ML,Tech,6.501969374,Placed,120000.0,3,1
7.951576391,0,Tier 1,USA,100-300,1,39.89388094,45.71475833,Cloud,Other,5.976237789,Placed,120000.0,3,2
7.477920056,2,Tier 1,Germany,300+,1,64.50550833,65.00778178,Cybersecurity,Manufacturing,6.594257437,Placed,103496.1032,3,1
7.560938194,0,Tier 3,USA,100-300,1,66.74201302,75.76494931,Cloud,Manufacturing,3.618271288,Placed,83790.43691,1,2
6.761949197,1,Tier 1,Canada,100-300,1,96.2547092,40.27079178,Cloud,Consulting,7.465931152,Placed,106814.463,3,2
8.100565451,1,Tier 1,Germany,300+,4,44.99135727,70.4365406,Data Science,Finance,7.376546625,Placed,119638.2948,3,1
6.87995553,0,Tier 1,Canada,Top 100,3,99.60743194,52.97580692,Cloud,Healthcare,4.267691815,Placed,111801.3905,3,3
7.100461163,1,Tier 1,Canada,100-300,0,32.07917477,67.21521517,Core CS,Other,5.670622493,Placed,96495.47133,3,2
6.861542541,0,Tier 3,UK,100-300,3,65.25590001,80.8008829,Cloud,Consulting,3.309684973,Placed,73493.40543,1,2
7.012463238,0,Tier 3,Canada,300+,2,78.0739981,58.80841091,Cloud,Finance,5.931075746,Placed,76585.39879,1,1
8.275604051,0,Tier 1,Germany,Top 100,0,58.79790204,68.7334426,Cybersecurity,Other,3.880778069,Placed,120000.0,3,3
6.322430921,2,Tier 1,Germany,Top 100,0,73.51358036,70.88953011,Core CS,Consulting,6.564026735,Placed,95970.16986,3,3
6.488830602,0,Tier 2,Canada,300+,1,92.32164747,42.29582396,AI/ML,Manufacturing,5.109949937,Placed,86860.94594,2,1
8.313612128,0,Tier 1,USA,100-300,5,60.95522857,64.35937572,Cybersecurity,Tech,5.816381902,Placed,120000.0,3,2
6.449479724,1,Tier 2,USA,100-300,2,72.48389624,71.99699509,Core CS,Manufacturing,4.480486992,Placed,107451.7114,2,2
7.78541239,2,Tier 1,UK,100-300,2,64.62454772,56.23784697,Cybersecurity,Healthcare,6.184981288,Placed,120000.0,3,2
6.740134893,0,Tier 3,Germany,300+,1,83.29902859,72.77122856,AI/ML,Manufacturing,3.032032908,Placed,72887.37063,1,1
8.832754058,0,Tier 3,UK,300+,4,64.25064576,67.83504302,Cloud,Consulting,6.607440997,Placed,86142.22685,1,1
5.683681002,1,Tier 1,Canada,100-300,2,84.74684862,66.98774404,Data Science,Healthcare,4.006817508,Placed,111532.6574,3,2
8.951801925,0,Tier 2,India,300+,2,58.96084129,44.18731609,Cybersecurity,Healthcare,4.471186003,Placed,52277.28059,2,1
8.107418255,0,Tier 3,Germany,100-300,0,77.51052173,74.22095456,Cybersecurity,Consulting,4.961883235,Placed,72703.10051,1,2
7.475803473,1,Tier 2,UK,300+,2,53.69861211,52.29812014,Core CS,Manufacturing,3.139134702,Placed,86882.07373,2,1
7.682732447,2,Tier 1,India,100-300,3,90.00622663,90.62381387,Data Science,Manufacturing,6.782072018,Placed,71803.2781,3,2
7.607142872,0,Tier 1,India,100-300,1,88.84512235,93.77390225,Data Science,Other,6.497588161,Placed,62815.06076,3,2
7.224953139,1,Tier 3,Canada,Top 100,3,58.50882839,83.43489461,Cybersecurity,Finance,8.812384576,Placed,76232.37407,1,3
7.083360883,1,Tier 3,India,Top 100,2,49.98785758,48.42588312,AI/ML,Finance,5.474724,Placed,48646.2203,1,3
6.949925498,0,Tier 2,Germany,100-300,2,50.45789724,76.14413648,Core CS,Other,4.712394937,Placed,83853.28925,2,2
6.209127114,1,Tier 2,USA,Top 100,3,64.79315326,56.43175072,Cloud,Other,4.03801151,Placed,117092.3081,2,3
6.117128546,0,Tier 2,UK,Top 100,1,81.66543761,75.26470121,Cloud,Tech,3.604961874,Placed,100665.7824,2,3
7.143915321,1,Tier 3,India,100-300,3,57.01104666,52.23317537,Core CS,Other,6.701217204,Placed,38176.61574,1,2
8.113601829,3,Tier 2,UK,Top 100,4,68.98848852,78.36085806,Data Science,Other,6.129830884,Placed,120000.0,2,3
7.734653285,3,Tier 2,USA,300+,0,100.0,69.75738168,AI/ML,Healthcare,6.184666066,Placed,120000.0,2,1
7.75261695,0,Tier 3,Canada,Top 100,3,65.1343706,66.98621945,Core CS,Tech,2.759253851,Placed,89761.70155,1,3
6.82029348,0,Tier 2,Canada,Top 100,1,70.10201102,49.56176925,Data Science,Other,3.84511906,Placed,106496.0277,2,3
7.440041679,0,Tier 1,UK,300+,2,75.66153765,49.38408721,Cybersecurity,Other,3.139755941,Placed,113757.3879,3,1
6.518905885,1,Tier 2,Germany,100-300,1,93.77149291,71.05851942,Core CS,Healthcare,4.034870006,Placed,87687.59783,2,2
7.179131307,2,Tier 2,India,Top 100,1,52.4224461,72.33166617,Cloud,Healthcare,5.835889637,Placed,44175.90783,2,3
7.097838002,2,Tier 2,UK,100-300,0,100.0,49.29816317,Cloud,Tech,4.827292594,Placed,96830.34228,2,2
7.434638423,0,Tier 2,USA,100-300,0,45.66893621,66.95418779,Core CS,Other,4.282286711,Placed,104832.9559,2,2
7.039088056,0,Tier 2,India,Top 100,2,71.34801746,55.65713045,Core CS,Healthcare,5.142825398,Placed,50061.32286,2,3
7.032473353,1,Tier 2,USA,Top 100,1,80.70635234,69.3551308,Data Science,Other,5.181903054,Placed,120000.0,2,3
5.877915783,1,Tier 1,UK,Top 100,3,79.51571864,68.82514861,Cloud,Other,4.446841473,Placed,97187.86381,3,3
8.399661395,0,Tier 3,USA,Top 100,2,71.34195637,46.94275359,Core CS,Healthcare,7.437758088,Placed,108520.2002,1,3
6.004909412,2,Tier 2,Germany,300+,2,83.77140749,57.4094995,Cloud,Healthcare,2.538459584,Placed,81928.42087,2,1
6.445675842,2,Tier 3,India,Top 100,2,68.86701466,73.64704799,Data Science,Manufacturing,3.955587118,Placed,37755.78895,1,3
6.425274188,3,Tier 1,USA,100-300,2,86.49830868,77.30752419,Cloud,Finance,6.782132156,Placed,120000.0,3,2
7.715939502,1,Tier 1,India,Top 100,0,74.09342375,50.47274383,Cybersecurity,Other,5.515561047,Placed,54540.11461,3,3
7.998193658,1,Tier 2,India,300+,2,94.38584101,33.42352018,Cybersecurity,Manufacturing,5.202294447,Placed,53681.7215,2,1
7.22319533,0,Tier 3,USA,300+,1,60.35745392,58.64042828,Data Science,Consulting,6.011504279,Placed,103550.1136,1,1
7.507021505,2,Tier 2,Germany,Top 100,3,82.68325807,87.55119235,Core CS,Healthcare,1.293476149,Placed,88990.3303,2,3
7.331039278,1,Tier 3,UK,300+,2,61.3225774,74.71687796,Data Science,Other,4.624786377,Placed,86004.53908,1,1
6.89614344,1,Tier 1,UK,100-300,1,61.4990748,56.35983911,Cybersecurity,Consulting,7.315139371,Placed,112574.6003,3,2
6.882398399,0,Tier 1,USA,Top 100,2,53.62087439,63.16035135,Data Science,Other,3.602384881,Placed,120000.0,3,3
8.768418401,0,Tier 2,India,300+,1,86.26905953,72.65258322,Data Science,Other,6.413527263,Placed,52883.03404,2,1
6.554006572,2,Tier 2,India,100-300,0,76.65116925,73.33482719,Cloud,Manufacturing,5.499237609,Placed,44444.89917,2,2
5.904157616,2,Tier 1,India,Top 100,1,65.62181568,70.04916572,Data Science,Consulting,4.379585923,Placed,62591.90212,3,3
6.929374361,2,Tier 3,Germany,Top 100,2,74.67019455,59.02128084,Cybersecurity,Finance,4.876728186,Placed,70093.16256,1,3
9.06376747,0,Tier 3,Canada,Top 100,0,80.18843376,77.73630853,AI/ML,Other,4.36784517,Placed,95599.48169,1,3
8.311293444,0,Tier 1,Germany,100-300,0,75.66482801,71.12056119,Data Science,Finance,7.211909554,Placed,120000.0,3,2
7.455186463,0,Tier 2,Germany,Top 100,1,67.68239779,52.18514926,Cybersecurity,Healthcare,4.544921237,Placed,90491.16489,2,3
8.302717299,1,Tier 2,UK,300+,1,76.01584119,65.11146819,Cloud,Finance,5.107015662,Placed,107798.1849,2,1
6.837135712,3,Tier 2,USA,300+,1,80.39686598,40.76515289,Core CS,Finance,6.984675532,Placed,111715.7365,2,1
6.534655269,2,Tier 3,USA,100-300,1,85.42556273,88.05478852,Cybersecurity,Tech,5.905586547,Placed,96852.98928,1,2
6.480577964,1,Tier 2,USA,Top 100,1,84.35725617,67.53473649,Cloud,Healthcare,6.034124676,Placed,103079.3333,2,3
6.020847787,1,Tier 3,India,300+,5,85.42514,80.42229919,AI/ML,Manufacturing,2.047188304,Placed,37336.87323,1,1
7.027266775,1,Tier 2,Canada,100-300,0,84.00383882,50.27343645,Cloud,Finance,4.896838275,Placed,94532.61357,2,2
6.384021415,1,Tier 2,Canada,100-300,4,68.80031863,93.35033158,Cloud,Finance,3.689442118,Placed,89310.19892,2,2
7.187028729,3,Tier 3,Germany,100-300,1,79.10505699,62.47105601,Core CS,Other,6.09862319,Placed,74396.87696,1,2
7.264704186,1,Tier 2,India,300+,3,71.47320594,56.66827162,Cybersecurity,Other,6.812255614,Placed,48867.35702,2,1
7.666823169,1,Tier 2,UK,Top 100,0,63.18517501,100.0,Cybersecurity,Consulting,5.092586008,Placed,89511.57311,2,3
5.405011486,2,Tier 3,UK,300+,4,48.89737531,95.19028834,Cloud,Manufacturing,4.387457322,Placed,67763.91486,1,1
7.982135194,0,Tier 2,India,100-300,0,59.03025593,68.21922587,Cybersecurity,Finance,7.203707512,Placed,53753.56382,2,2
6.032287185,1,Tier 3,UK,300+,3,79.0562717,42.00889347,Cybersecurity,Healthcare,2.570217379,Placed,58925.94262,1,1
7.44666153,1,Tier 1,India,300+,0,64.1405869,63.42548953,Data Science,Other,5.756329418,Placed,64339.76306,3,1
7.060804313,2,Tier 2,UK,100-300,5,64.36956361,69.96169902,Core CS,Healthcare,3.00490511,Placed,106558.6793,2,2
7.431004794,1,Tier 1,UK,100-300,1,65.96377117,52.79659343,Cybersecurity,Finance,5.00055331,Placed,115084.8503,3,2
7.135488659,1,Tier 1,UK,100-300,4,67.1225465,53.56129503,Cybersecurity,Healthcare,3.882498033,Placed,107765.1716,3,2
5.869028402,1,Tier 2,UK,100-300,2,100.0,37.1015163,Cybersecurity,Other,6.107878003,Placed,87424.88891,2,2
6.276873887,2,Tier 2,India,100-300,2,89.09299432,42.84956979,Core CS,Healthcare,6.569838164,Placed,49441.14523,2,2
6.411576046,2,Tier 2,India,100-300,4,68.29620145,72.77035151,AI/ML,Other,7.176555861,Placed,55903.9002,2,2
7.98887454,2,Tier 1,Canada,300+,2,64.91682781,69.34676496,Core CS,Finance,4.513655193,Placed,108903.906,3,1
7.873048096,3,Tier 2,Germany,Top 100,2,79.63234682,58.14831154,Cybersecurity,Healthcare,7.803218992,Placed,94201.4294,2,3
6.126149788,2,Tier 1,India,300+,1,59.2858531,77.48208271,Cybersecurity,Finance,8.139899547,Placed,50973.94512,3,1
6.74687324,1,Tier 3,India,Top 100,1,93.82943298,80.89678117,Cybersecurity,Healthcare,7.625235756,Placed,35796.63785,1,3
7.97047816,3,Tier 3,Canada,300+,2,54.50586489,69.51942621,Data Science,Healthcare,5.579313479,Placed,89860.07184,1,1
7.113373531,1,Tier 1,India,Top 100,4,74.79414452,73.60452334,Data Science,Healthcare,6.630274815,Placed,77813.02839,3,3
8.855463632,2,Tier 1,India,100-300,2,57.43932123,70.17746214,Cloud,Manufacturing,5.209881747,Placed,59523.36497,3,2
7.314654272,1,Tier 1,Germany,300+,1,57.68379491,55.94022022,Core CS,Manufacturing,7.115080675,Placed,96042.98654,3,1
6.752706829,1,Tier 1,India,300+,0,67.17442121,58.16156231,Core CS,Other,4.277851406,Placed,46801.30526,3,1
7.566486941,0,Tier 3,Germany,Top 100,0,44.54753789,90.09723545,Data Science,Consulting,4.676697812,Placed,91243.48605,1,3
7.765361853,0,Tier 2,USA,300+,1,78.12923777,83.68402088,Data Science,Other,5.228710886,Placed,120000.0,2,1
7.406393062,0,Tier 1,USA,Top 100,2,64.2723327,49.08301674,Cloud,Other,3.651276028,Placed,120000.0,3,3
5.277687526,1,Tier 2,Germany,100-300,2,87.35188552,59.95002048,Cloud,Consulting,3.821412356,Placed,74494.66126,2,2
7.310862884,0,Tier 2,India,100-300,1,62.36764671,49.23018978,Core CS,Manufacturing,4.94304478,Placed,36066.70307,2,2
8.994399614,0,Tier 2,India,100-300,1,68.97127299,62.23240935,Core CS,Other,7.464243901,Placed,54825.31938,2,2
7.67079262,3,Tier 2,UK,300+,3,76.72895794,64.78752108,AI/ML,Manufacturing,4.089819754,Placed,103999.566,2,1
7.065463487,0,Tier 2,Canada,300+,0,74.13933933,42.62904731,Data Science,Tech,5.940685367,Placed,104364.1351,2,1
7.735261186,1,Tier 2,Canada,100-300,2,92.0923006,81.93615034,Data Science,Healthcare,4.862085763,Placed,103198.3525,2,2
7.213913851,0,Tier 2,Germany,Top 100,3,84.68123524,71.90439891,AI/ML,Finance,6.242667141,Placed,100924.0785,2,3
7.257358245,1,Tier 3,USA,300+,4,70.33057104,62.86226714,Core CS,Other,4.99502137,Placed,93043.19091,1,1
6.860032195,0,Tier 3,Germany,100-300,2,85.33218115,74.36302408,Cybersecurity,Manufacturing,2.888577525,Placed,72747.92339,1,2
7.429207875,0,Tier 3,Canada,Top 100,0,46.23216352,79.95780655,Core CS,Manufacturing,5.137999871,Placed,83979.90607,1,3
6.281225615,0,Tier 2,Germany,100-300,4,77.99843878,48.1681982,AI/ML,Finance,2.7973813,Placed,95373.97342,2,2
7.022544926,2,Tier 2,UK,100-300,1,84.01165841,60.27667367,Cloud,Consulting,3.35439116,Placed,94477.5176,2,2
6.992704803,0,Tier 1,UK,100-300,1,72.92975777,66.41036161,Cybersecurity,Consulting,8.488149449,Placed,111433.4975,3,2
7.868716453,0,Tier 3,India,300+,0,98.49380822,56.94739378,AI/ML,Other,7.69740369,Placed,46896.94101,1,1
8.112166039,0,Tier 3,Canada,100-300,1,72.90270688,75.96938877,Cybersecurity,Healthcare,4.710504322,Placed,74843.23256,1,2
7.446248245,0,Tier 2,Canada,300+,0,85.97534742,65.4531668,AI/ML,Manufacturing,5.263003597,Placed,104482.1809,2,1
7.008282096,1,Tier 1,Germany,Top 100,2,90.94095332,57.32461123,Cloud,Other,4.933647669,Placed,108443.7472,3,3
6.755820237,1,Tier 2,India,300+,4,71.03816004,70.1236701,Cloud,Consulting,3.684514528,Placed,45442.55436,2,1
6.512390238,0,Tier 3,Canada,300+,1,82.37867678,50.22733783,Cloud,Manufacturing,4.267975379,Placed,69578.98732,1,1
7.04531994,4,Tier 1,USA,300+,2,82.09326271,80.64120069,Cloud,Consulting,3.132543596,Placed,120000.0,3,1
7.423754203,0,Tier 2,India,100-300,1,100.0,73.81247333,Cybersecurity,Manufacturing,7.623422426,Placed,51284.85273,2,2
5.419626747,2,Tier 2,Germany,100-300,2,92.64911903,88.43433478,Cloud,Finance,4.133564958,Placed,76697.78774,2,2
6.248531685,0,Tier 3,India,100-300,0,61.98275961,61.77372074,Cloud,Manufacturing,8.326595462,Placed,34554.6692,1,2
6.032244206,1,Tier 2,Germany,100-300,0,60.3374002,92.41600623,AI/ML,Manufacturing,7.251492249,Placed,100171.6963,2,2
8.224600666,0,Tier 3,USA,100-300,2,87.36299484,53.15523313,Core CS,Healthcare,4.799404726,Placed,107930.1339,1,2
6.829245703,2,Tier 1,Germany,100-300,3,84.81779123,53.04184969,Core CS,Healthcare,6.948970381,Placed,96295.58188,3,2
8.192580909,0,Tier 1,Canada,300+,2,67.25776249,73.54185469,Data Science,Other,4.614098441,Placed,120000.0,3,1
7.118933966,0,Tier 2,UK,300+,3,69.02777069,59.83180593,Core CS,Manufacturing,5.072036609,Placed,92360.45836,2,1
6.509277869,2,Tier 1,India,Top 100,2,91.37334922,68.96310991,Cybersecurity,Manufacturing,5.737104601,Placed,57482.77489,3,3
6.758024251,2,Tier 2,Germany,100-300,1,78.39459102,68.48927875,Cybersecurity,Tech,5.456825069,Placed,87859.31385,2,2
6.689458545,3,Tier 3,Canada,100-300,1,71.67991237,82.91394305,Cloud,Tech,3.744199705,Placed,81188.72917,1,2
7.136332978,2,Tier 2,UK,Top 100,3,52.81597425,63.98404028,Cloud,Tech,4.80313126,Placed,102503.4606,2,3
7.128459185,2,Tier 1,UK,Top 100,1,35.96027638,60.59679398,AI/ML,Healthcare,4.566711659,Placed,120000.0,3,3
7.002436816,3,Tier 3,UK,Top 100,0,51.65770987,77.31074537,Cloud,Healthcare,6.6141118,Placed,82799.11114,1,3
7.349550536,1,Tier 1,Germany,100-300,1,77.84300759,100.0,Cloud,Other,4.61100787,Placed,111400.8604,3,2
7.95251702,2,Tier 3,Canada,300+,1,59.77257455,67.70441386,AI/ML,Other,4.88048643,Placed,83470.83726,1,1
7.759643308,0,Tier 1,UK,300+,4,92.55045437,61.62542949,Core CS,Consulting,5.368605114,Placed,110893.0641,3,1
4.956863092,3,Tier 2,Canada,100-300,2,69.79442815,52.957028,Data Science,Manufacturing,4.377513431,Placed,85100.44174,2,2
7.433170183,0,Tier 1,Canada,300+,0,64.62470481,86.83376932,Cybersecurity,Other,5.521878931,Placed,105196.7867,3,1
7.607324128,1,Tier 3,India,100-300,1,86.06599478,65.3537596,Cloud,Manufacturing,6.634047127,Placed,38549.66848,1,2
6.538791679,1,Tier 3,Germany,100-300,5,55.34195918,51.29588867,AI/ML,Finance,2.634645464,Placed,77191.01414,1,2
7.313443204,0,Tier 1,Canada,100-300,2,63.92266174,60.23160797,Data Science,Tech,2.989052375,Placed,120000.0,3,2
6.987752121,1,Tier 1,India,100-300,3,39.48570991,51.23018256,Cloud,Tech,3.64984389,Placed,50093.50424,3,2
7.095664295,3,Tier 2,Canada,Top 100,3,79.89364981,92.3050985,Core CS,Manufacturing,6.455824609,Placed,84013.45126,2,3
7.957257201,1,Tier 2,Germany,Top 100,3,63.29114743,60.80360803,Cybersecurity,Tech,6.446679485,Placed,92414.73914,2,3
6.978156368,4,Tier 3,Germany,Top 100,1,68.13774851,68.23125864,Cybersecurity,Finance,3.989411996,Placed,72059.38314,1,3
6.645374199,1,Tier 2,UK,100-300,1,95.90088434,85.39257741,Cloud,Tech,3.081606391,Placed,98025.90719,2,2
8.369366784,2,Tier 3,Canada,100-300,1,72.48441741,72.18786526,Cybersecurity,Healthcare,6.935344739,Placed,80065.78944,1,2
8.176936262,0,Tier 2,USA,100-300,0,96.14161462,64.44347327,Cybersecurity,Consulting,6.110708885,Placed,120000.0,2,2
6.832541058,0,Tier 2,Canada,Top 100,1,64.28767465,72.27591317,Cybersecurity,Tech,4.019664862,Placed,93001.05788,2,3
6.464741809,1,Tier 2,UK,300+,3,52.23479267,64.44467638,Cloud,Other,7.78927465,Placed,91961.6612,2,1
7.83192375,0,Tier 3,Canada,100-300,2,77.75706689,70.89061274,AI/ML,Other,4.134586871,Placed,85831.52278,1,2
8.460807771,0,Tier 3,Canada,100-300,1,83.28730121,67.47806697,AI/ML,Finance,7.962205041,Placed,98305.03674,1,2
7.542340697,1,Tier 3,India,300+,1,50.40549424,88.56436902,AI/ML,Healthcare,2.995872958,Placed,46804.45511,1,1
6.609670873,1,Tier 3,USA,300+,3,95.88223868,78.31751284,AI/ML,Manufacturing,5.919967993,Placed,97429.59085,1,1
6.515428062,1,Tier 1,India,300+,4,62.22311618,75.16894875,Cybersecurity,Tech,6.60018419,Placed,58693.38708,3,1
7.593676298,0,Tier 2,Canada,100-300,2,78.22478006,62.23454715,Cloud,Consulting,5.785624676,Placed,95177.59595,2,2
7.239434064,1,Tier 2,UK,Top 100,1,77.31454154,55.39187274,Cybersecurity,Tech,5.35141331,Placed,119748.9587,2,3
8.249208957,1,Tier 3,UK,Top 100,3,69.86006533,63.31636391,Cybersecurity,Consulting,6.253749323,Placed,98442.39655,1,3
6.397265704,3,Tier 1,USA,300+,1,90.6358464,70.29922997,Cloud,Healthcare,6.237456874,Placed,117701.0118,3,1
7.367977714,1,Tier 3,Canada,300+,0,66.08918549,83.76280276,AI/ML,Healthcare,6.36830729,Placed,89807.12852,1,1
6.457827704,0,Tier 1,USA,100-300,1,63.62242938,53.13352427,Cloud,Consulting,5.606353535,Placed,120000.0,3,2
8.610709798,0,Tier 1,UK,Top 100,1,76.35927417,94.94711851,AI/ML,Healthcare,4.069676997,Placed,120000.0,3,3
7.147744245,2,Tier 2,UK,300+,1,93.80792397,74.48088564,Cybersecurity,Consulting,3.686958577,Placed,87054.18207,2,1
5.922298968,1,Tier 3,UK,300+,2,49.98751504,57.45305412,Core CS,Consulting,5.131147384,Placed,74710.58827,1,1
6.162471214,1,Tier 1,Germany,100-300,2,73.36469747,76.21539501,Cybersecurity,Other,3.002814131,Placed,98210.6562,3,2
7.429322202,0,Tier 2,Canada,100-300,1,61.40716463,66.00935776,Cybersecurity,Other,4.31775572,Placed,96991.28281,2,2
7.948563324,0,Tier 1,Canada,300+,2,65.56905338,63.01866115,Data Science,Other,6.942008634,Placed,120000.0,3,1
7.575162649,0,Tier 2,USA,300+,0,86.53811779,52.22960364,Data Science,Consulting,6.423482657,Placed,110962.3458,2,1
7.796838149,0,Tier 2,USA,Top 100,4,79.04564784,55.57027571,Core CS,Tech,5.969402828,Placed,120000.0,2,3
6.394563929,1,Tier 1,India,100-300,1,77.95896363,42.25476338,Data Science,Consulting,7.059861513,Placed,57250.31588,3,2
8.201066922,0,Tier 2,UK,300+,1,67.05316172,87.22608277,Cloud,Manufacturing,4.841832344,Placed,95605.96348,2,1
6.741856129,2,Tier 3,Canada,100-300,1,80.36263366,61.55398,Cloud,Healthcare,6.423361251,Placed,80850.35385,1,2
6.799333587,0,Tier 3,Canada,300+,5,40.77326122,61.69030904,Core CS,Finance,4.893576143,Placed,67966.44264,1,1
8.062555313,0,Tier 1,Canada,100-300,1,56.68977208,90.48781328,Cloud,Manufacturing,3.945075953,Placed,114144.2476,3,2
7.444984008,0,Tier 2,Canada,100-300,2,81.52680938,53.4656056,Core CS,Tech,3.349397769,Placed,110469.4867,2,2
6.485185416,1,Tier 3,India,300+,3,85.58380315,55.42558917,Core CS,Tech,5.162255326,Placed,40745.33571,1,1
7.742272102,1,Tier 2,India,100-300,1,77.37450753,40.62816843,Cybersecurity,Tech,5.69144761,Placed,63673.82976,2,2
7.214873823,1,Tier 2,Canada,100-300,1,77.03574595,35.75472159,Core CS,Other,4.013588907,Placed,90190.89969,2,2
8.222774741,2,Tier 3,USA,100-300,3,77.29106084,83.43044834,Core CS,Healthcare,1.41605889,Placed,99908.03861,1,2
7.430636863,0,Tier 3,India,100-300,1,50.82384595,38.32809262,Core CS,Tech,6.980166509,Placed,42062.30838,1,2
6.708037816,0,Tier 1,Canada,100-300,1,66.42560954,80.83878431,AI/ML,Tech,7.325633745,Placed,120000.0,3,2
6.328632266,1,Tier 3,India,Top 100,3,46.84551521,76.51100299,Cybersecurity,Finance,5.191697718,Placed,40717.24298,1,3
6.164152645,1,Tier 3,USA,300+,3,61.64432834,80.71622176,Cybersecurity,Finance,5.801501772,Placed,74268.71946,1,1
8.644965704,0,Tier 1,USA,300+,0,91.44754928,74.14781986,Cloud,Healthcare,3.110605894,Placed,120000.0,3,1
6.822997101,0,Tier 3,USA,300+,2,71.38043296,78.31145989,Cloud,Healthcare,5.380838069,Placed,83903.90532,1,1
7.245925358,2,Tier 1,India,300+,1,80.75011137,74.58664659,Core CS,Tech,4.321676366,Placed,61078.69959,3,1
7.688378791,0,Tier 2,Germany,Top 100,1,51.97581831,64.28128957,Cloud,Manufacturing,3.940961008,Placed,100420.9778,2,3
6.533538049,0,Tier 2,USA,Top 100,1,63.31423764,61.3414055,Data Science,Finance,7.108684015,Placed,120000.0,2,3
6.866302629,3,Tier 2,USA,100-300,1,79.69494924,63.23839075,AI/ML,Finance,4.997315846,Placed,120000.0,2,2
7.22606396,0,Tier 3,USA,100-300,1,64.39361679,56.4355189,Cybersecurity,Manufacturing,2.05724972,Placed,90852.04089,1,2
6.801047099,0,Tier 2,UK,300+,1,72.35908463,77.69406374,Cloud,Manufacturing,5.873543925,Placed,85471.10433,2,1
8.285876461,0,Tier 2,Germany,300+,0,87.2876229,62.56234951,Cloud,Healthcare,5.279770625,Placed,80292.32135,2,1
7.392779961,0,Tier 2,Canada,100-300,0,84.13877254,55.34172071,Core CS,Consulting,4.469313223,Placed,87247.24738,2,2
7.587902229,1,Tier 2,India,Top 100,1,77.91928643,77.40210024,Cloud,Finance,5.342033364,Placed,46648.92304,2,3
6.478914485,1,Tier 2,India,100-300,1,89.24267563,71.64615189,Core CS,Other,4.424278041,Placed,48627.01147,2,2
6.577106655,1,Tier 3,UK,100-300,0,78.9032958,75.73970152,Data Science,Healthcare,6.353136136,Placed,81229.95746,1,2
7.469091215,1,Tier 3,UK,Top 100,1,76.60298268,66.57636873,Cloud,Manufacturing,7.156768461,Placed,84538.88933,1,3
7.990626457,0,Tier 3,Germany,300+,2,49.36926166,52.11223763,Data Science,Manufacturing,5.441358444,Placed,78522.85151,1,1
7.017017261,2,Tier 1,India,100-300,0,52.91856179,46.92303237,Cloud,Healthcare,5.377311679,Placed,56327.45797,3,2
7.24706641,1,Tier 3,USA,300+,4,53.75589011,63.67528342,AI/ML,Consulting,4.511435846,Placed,102809.9371,1,1
7.452407717,1,Tier 2,UK,300+,0,66.4815703,82.54853979,Cybersecurity,Healthcare,4.751269903,Placed,88746.54044,2,1
5.591389793,3,Tier 2,Canada,300+,2,91.0468705,55.9133348,Cybersecurity,Tech,6.158824901,Placed,81790.71197,2,1
7.304926708,0,Tier 3,USA,300+,1,59.78294489,62.64408472,Core CS,Healthcare,4.643061813,Placed,91024.07575,1,1
8.031802203,0,Tier 1,Canada,300+,2,67.37269462,78.46055063,AI/ML,Manufacturing,7.445968772,Placed,119695.5387,3,1
6.832781394,0,Tier 2,Canada,300+,1,70.93928172,65.45704908,Core CS,Consulting,6.417453103,Placed,77971.41233,2,1
6.319583637,1,Tier 3,Germany,100-300,2,69.11204325,62.78831431,Data Science,Finance,7.705672499,Placed,76113.21225,1,2
6.53558124,1,Tier 3,Germany,300+,2,50.85265367,75.43847948,Data Science,Healthcare,6.668616729,Placed,71935.07434,1,1
7.470862724,2,Tier 1,USA,300+,0,85.46355574,64.23830581,Data Science,Healthcare,5.691549462,Placed,120000.0,3,1
8.335923603,1,Tier 2,Canada,100-300,4,31.58901284,54.46398408,Cloud,Finance,5.121561694,Placed,90700.69822,2,2
7.315737224,0,Tier 3,Germany,100-300,3,70.66238582,76.90633311,Cloud,Consulting,6.255745776,Placed,77958.03271,1,2
7.957305189,0,Tier 1,Germany,300+,2,56.58135496,73.57199981,Cybersecurity,Finance,3.630197889,Placed,103861.9015,3,1
7.011750556,0,Tier 2,Germany,Top 100,2,63.30602805,62.51818976,Core CS,Healthcare,4.591900429,Placed,89370.07857,2,3
6.37208135,0,Tier 2,UK,100-300,1,73.62079663,63.05924361,Core CS,Other,5.719874358,Placed,93098.53037,2,2
7.518624347,0,Tier 1,Canada,300+,2,62.78636522,61.17177474,Cloud,Consulting,7.003822607,Placed,103599.9159,3,1
6.903241481,1,Tier 1,Canada,100-300,2,58.28563562,81.48549144,Core CS,Consulting,5.485602348,Placed,99220.64445,3,2
7.335625955,0,Tier 2,USA,100-300,4,58.5266731,59.39333608,Cybersecurity,Manufacturing,4.969936314,Placed,118788.8849,2,2
7.577905086,2,Tier 1,UK,100-300,1,70.82324949,76.76693606,Cybersecurity,Healthcare,5.267280991,Placed,111576.1233,3,2
8.381571081,0,Tier 3,USA,300+,0,87.59207932,87.1041761,Core CS,Healthcare,5.182047417,Placed,90613.49664,1,1
7.179747781,1,Tier 3,UK,100-300,2,74.32193586,68.70643625,Data Science,Finance,7.008974716,Placed,102359.2954,1,2
7.746072665,1,Tier 1,Canada,300+,1,72.9808905,73.94731756,Cloud,Healthcare,2.611958496,Placed,103843.6501,3,1
5.59135295,1,Tier 2,UK,Top 100,2,84.26883657,60.58180719,AI/ML,Consulting,3.067221661,Placed,90825.32014,2,3
8.010067283,0,Tier 2,UK,Top 100,0,77.87380835,42.01352162,Cloud,Finance,5.966188255,Placed,114835.1606,2,3
6.558513483,0,Tier 2,Canada,Top 100,0,64.1779824,50.10679711,AI/ML,Finance,5.64428586,Placed,102806.3711,2,3
9.046559429,1,Tier 2,Germany,300+,0,67.02671238,83.15788214,Data Science,Healthcare,7.670425774,Placed,115807.4665,2,1
6.548601921,1,Tier 1,Germany,100-300,1,74.50754601,60.02621432,Data Science,Consulting,4.93536207,Placed,113097.0482,3,2
7.147641043,0,Tier 1,India,300+,3,45.15277323,80.31325238,Cybersecurity,Healthcare,6.47198963,Placed,53218.77295,3,1
8.233687962,0,Tier 3,USA,100-300,5,93.8418338,64.99778027,Cybersecurity,Finance,6.696824221,Placed,92810.45001,1,2
8.604874311,1,Tier 1,UK,300+,1,64.56269155,65.04447498,Cybersecurity,Manufacturing,5.714698357,Placed,118907.2678,3,1
8.649202861,0,Tier 2,Canada,100-300,1,61.31274126,61.23645171,Core CS,Other,3.576190858,Placed,92094.19067,2,2
7.966692984,1,Tier 3,India,Top 100,3,78.25744354,70.2232553,Cybersecurity,Manufacturing,6.369930458,Placed,44296.57142,1,3
7.819250021,0,Tier 1,India,300+,0,76.05765118,65.06457271,Cybersecurity,Consulting,6.589002575,Placed,56148.99542,3,1
6.997300434,1,Tier 2,USA,Top 100,0,44.95737353,56.71189511,AI/ML,Tech,3.54550741,Placed,120000.0,2,3
6.863852302,1,Tier 3,Germany,300+,3,100.0,73.60887356,AI/ML,Healthcare,5.904510383,Placed,72473.9717,1,1
7.557109958,1,Tier 3,Germany,300+,2,63.84505047,44.41918784,Data Science,Tech,6.101006087,Placed,81525.76236,1,1
7.070725509,2,Tier 2,UK,100-300,0,53.21885699,75.74301693,Cybersecurity,Consulting,6.509995447,Placed,89761.50596,2,2
6.933855451,1,Tier 3,Canada,100-300,4,59.82318984,56.9430999,Cloud,Finance,4.942449266,Placed,77554.48783,1,2
6.902601993,3,Tier 1,USA,100-300,2,71.32552807,57.9785161,Cloud,Manufacturing,5.00747905,Placed,120000.0,3,2
8.210759795,0,Tier 3,USA,100-300,5,94.55409622,53.8310136,Data Science,Other,7.176838448,Placed,106324.5327,1,2
7.504649348,0,Tier 3,USA,Top 100,2,76.42671828,69.27051108,Core CS,Other,4.499617366,Placed,93354.23217,1,3
6.180650541,1,Tier 2,USA,300+,1,78.60727486,65.94573077,Cloud,Manufacturing,5.15705623,Placed,100406.4092,2,1
8.483274053,0,Tier 1,Germany,100-300,1,69.42462033,60.42661641,Cybersecurity,Tech,3.96321681,Placed,115408.6154,3,2
7.976826956,1,Tier 3,India,100-300,1,63.73363477,66.12786869,Cybersecurity,Healthcare,4.586320684,Placed,33452.17818,1,2
6.702234579,1,Tier 2,Germany,300+,1,91.3911818,81.90142301,Cybersecurity,Manufacturing,7.10805597,Placed,80447.55535,2,1
8.507669045,0,Tier 3,USA,Top 100,0,62.24141842,62.90793313,Cloud,Other,4.627868755,Placed,104043.4856,1,3
8.234594823,1,Tier 1,Germany,100-300,1,57.32969731,70.7667101,Data Science,Other,6.718438508,Placed,120000.0,3,2
6.608920463,2,Tier 1,Germany,300+,0,73.71925983,70.087598,Cybersecurity,Healthcare,5.347528221,Placed,99382.91009,3,1
6.104306053,2,Tier 2,UK,300+,3,83.35639821,59.63118601,Core CS,Consulting,2.536500096,Placed,77077.27787,2,1
6.881917931,0,Tier 2,India,300+,2,77.20696326,71.57301319,Core CS,Finance,6.417537842,Placed,46328.33458,2,1
5.724237546,3,Tier 1,Germany,100-300,2,77.08838344,74.39285401,Cybersecurity,Manufacturing,4.657997492,Placed,81744.2139,3,2
7.410880085,1,Tier 2,Germany,100-300,1,65.18757921,75.33453955,Cybersecurity,Healthcare,1.566708463,Placed,88466.58962,2,2
6.573839328,3,Tier 1,Germany,100-300,0,38.23529501,53.19382745,Core CS,Other,8.610302316,Placed,92895.57695,3,2
6.977988076,1,Tier 2,Germany,100-300,2,63.60673309,76.60679773,Cloud,Consulting,6.314604866,Placed,88587.82401,2,2
8.417801277,0,Tier 1,USA,300+,1,43.94381804,77.14824253,Data Science,Finance,7.551662379,Placed,120000.0,3,1
8.329007372,0,Tier 2,India,100-300,0,77.68145508,68.99762535,AI/ML,Consulting,7.279644885,Placed,62562.25132,2,2
6.634322995,0,Tier 1,UK,300+,3,67.38116331,86.12573292,Cybersecurity,Tech,5.551505436,Placed,106804.0104,3,1
7.375019405,0,Tier 2,USA,300+,2,71.92128951,69.36995466,Cybersecurity,Consulting,5.640658549,Placed,104174.4331,2,1
6.201291649,0,Tier 3,Germany,Top 100,0,84.13303543,49.26387161,Cloud,Manufacturing,6.831550912,Placed,63914.16643,1,3
7.24143352,0,Tier 3,UK,Top 100,2,54.76301364,52.38147933,Data Science,Other,5.771347232,Placed,95270.51636,1,3
7.612864223,0,Tier 2,UK,100-300,0,55.15679581,98.52292013,AI/ML,Manufacturing,5.157257255,Placed,111275.2633,2,2
7.981546579,4,Tier 2,Germany,300+,2,81.55336843,38.82094152,Core CS,Tech,6.849307845,Placed,99884.47804,2,1
6.919876739,0,Tier 3,Canada,100-300,5,91.51592499,65.74132427,Cloud,Healthcare,6.449161273,Placed,74100.2312,1,2
6.837061,0,Tier 1,USA,Top 100,2,85.33361508,59.26015028,Data Science,Tech,4.350260252,Placed,120000.0,3,3
6.338495717,1,Tier 2,Canada,100-300,1,60.06053022,72.76183239,Cybersecurity,Tech,4.680699548,Placed,88760.33626,2,2
6.818816886,0,Tier 2,Germany,300+,1,88.52567634,56.69755848,Data Science,Consulting,5.342557316,Placed,96487.55981,2,1
7.730867701,1,Tier 1,Canada,300+,2,63.89558652,39.53880375,Cybersecurity,Other,4.801811915,Placed,108658.9963,3,1
8.194150855,2,Tier 3,UK,Top 100,2,86.65658181,60.57206575,Cybersecurity,Consulting,6.000027084,Placed,80595.20448,1,3
6.982906165,0,Tier 2,Germany,Top 100,0,52.48289296,51.92366754,Data Science,Tech,4.128888491,Placed,106409.995,2,3
7.589475118,0,Tier 2,UK,100-300,0,70.18136883,55.96217139,Cloud,Healthcare,6.681696343,Placed,97219.85812,2,2
7.412751374,2,Tier 2,UK,100-300,1,78.89528566,45.55242109,AI/ML,Healthcare,4.812450742,Placed,115429.0041,2,2
6.576757858,0,Tier 2,USA,100-300,1,43.12926185,61.5527983,Cybersecurity,Finance,4.328641489,Placed,110485.2046,2,2
7.635411744,2,Tier 2,Canada,300+,2,75.39571991,66.26716732,Cloud,Healthcare,7.294450148,Placed,88061.02002,2,1
5.707894547,2,Tier 1,Germany,Top 100,2,59.74813068,100.0,Data Science,Tech,1.878004586,Placed,120000.0,3,3
7.931791484,2,Tier 1,UK,300+,2,71.41341957,75.54685829,Cloud,Finance,7.099040778,Placed,110252.3197,3,1
7.160455358,2,Tier 1,UK,Top 100,0,97.38062824,57.71463912,Core CS,Healthcare,6.540028064,Placed,120000.0,3,3
7.91890988,3,Tier 2,Germany,100-300,1,79.98399542,38.85854167,Data Science,Tech,4.938608847,Placed,111862.8752,2,2
6.187342545,0,Tier 2,USA,100-300,5,53.89682431,64.25298348,Cybersecurity,Tech,4.175825306,Placed,108628.7242,2,2
7.04934388,1,Tier 2,UK,100-300,1,80.45304008,53.77140074,Core CS,Tech,5.226658063,Placed,93565.18973,2,2
7.3430532,1,Tier 1,Germany,100-300,1,67.2934685,70.76917551,Cloud,Healthcare,4.4969991,Placed,105959.7574,3,2
6.706377729,2,Tier 3,USA,Top 100,1,89.76187626,92.83260035,Core CS,Finance,4.359754103,Placed,98693.93455,1,3
6.337927823,1,Tier 3,Canada,100-300,4,93.88939735,64.44046628,Data Science,Tech,3.722754965,Placed,88955.93216,1,2
7.723147873,1,Tier 2,USA,300+,1,49.59935124,73.42787311,Cybersecurity,Healthcare,6.239922645,Placed,112264.5309,2,1
6.192215436,0,Tier 1,Germany,100-300,1,48.99091052,77.92526899,Data Science,Finance,6.513417129,Placed,114507.1322,3,2
7.495323409,1,Tier 2,USA,100-300,3,82.1894436,66.31483713,Cloud,Finance,5.661546438,Placed,110544.4145,2,2
8.645996376,2,Tier 1,Germany,100-300,5,59.7761485,94.26946044,Data Science,Consulting,5.373688844,Placed,120000.0,3,2
8.099901135,2,Tier 3,USA,Top 100,2,62.66497702,73.53971161,AI/ML,Other,4.521200633,Placed,116542.9084,1,3
6.483228657,0,Tier 3,UK,300+,2,77.45680852,49.24185639,AI/ML,Manufacturing,6.713290197,Placed,77445.63986,1,1
6.360646395,2,Tier 2,UK,Top 100,1,95.64488335,53.64039908,Core CS,Finance,4.667839684,Placed,101638.4728,2,3
6.613805182,1,Tier 1,India,300+,0,85.79612893,51.60361745,Data Science,Other,5.062119715,Placed,65207.78524,3,1
7.098136253,1,Tier 2,India,100-300,3,83.26904423,97.13012238,Cybersecurity,Finance,5.456612028,Placed,49300.79913,2,2
8.299742767,0,Tier 2,India,300+,1,50.15534421,50.92497042,Data Science,Finance,5.346587214,Placed,55934.90376,2,1
7.258463418,1,Tier 2,India,Top 100,1,66.5711414,68.39805309,AI/ML,Consulting,7.131903763,Placed,58213.35336,2,3
6.798117198,0,Tier 1,India,100-300,3,67.2407959,68.69223329,Cloud,Consulting,4.770255629,Placed,54421.30979,3,2
7.706487822,0,Tier 2,USA,300+,1,79.93970502,67.47118398,Core CS,Tech,5.338954554,Placed,116928.8831,2,1
6.937730242,1,Tier 3,USA,Top 100,1,41.40928047,46.614344,Core CS,Healthcare,5.521272691,Placed,97478.86667,1,3
9.554486054,0,Tier 2,UK,Top 100,1,46.49023724,79.36095547,AI/ML,Tech,6.1184757,Placed,120000.0,2,3
7.239002327,0,Tier 1,Germany,300+,2,65.49140119,76.01465355,AI/ML,Finance,3.421006855,Placed,120000.0,3,1
6.39856716,1,Tier 3,USA,300+,0,100.0,72.86194737,Core CS,Healthcare,1.515118125,Placed,81281.82052,1,1
7.918756567,3,Tier 2,Germany,100-300,2,94.88182251,42.2614207,Cybersecurity,Manufacturing,6.776311785,Placed,95848.5842,2,2
7.090616328,1,Tier 3,UK,300+,2,73.18116799,74.21943686,Data Science,Tech,1.861566409,Placed,90209.9036,1,1
6.465484732,1,Tier 3,Canada,100-300,3,83.50506001,72.95410604,Core CS,Finance,1.802875949,Placed,76365.12606,1,2
8.498638221,0,Tier 2,USA,100-300,2,62.58522951,75.60042655,Data Science,Consulting,5.27520311,Placed,120000.0,2,2
7.864038453,1,Tier 2,UK,100-300,3,74.12987593,67.7202643,Cloud,Manufacturing,3.389770745,Placed,104546.6638,2,2
8.024813089,0,Tier 2,Germany,Top 100,1,75.13211462,84.97398772,Core CS,Consulting,5.425117334,Placed,91011.88563,2,3
7.054284408,0,Tier 3,USA,100-300,1,44.3478131,99.29376814,Data Science,Other,2.479268781,Placed,100261.2451,1,2
7.68221894,2,Tier 2,UK,100-300,4,81.85592819,74.45561568,Cybersecurity,Finance,6.596083302,Placed,99918.21795,2,2
7.387786254,0,Tier 1,UK,100-300,2,84.25971982,54.02879639,AI/ML,Consulting,4.534084758,Placed,120000.0,3,2
6.732179734,1,Tier 1,India,100-300,2,70.49992727,50.10484577,Core CS,Manufacturing,5.70614213,Placed,63111.11928,3,2
6.677081229,4,Tier 2,Germany,300+,0,90.39877052,45.93823591,Data Science,Tech,6.074585881,Placed,105359.645,2,1
6.235901937,0,Tier 1,USA,100-300,0,68.5333019,68.13403799,Core CS,Tech,4.056173581,Placed,120000.0,3,2
7.338879252,1,Tier 3,Canada,300+,1,86.40757662,37.67874869,Cloud,Tech,3.735743285,Placed,76299.88696,1,1
8.650019935,0,Tier 3,USA,100-300,0,72.79132675,84.45216986,Data Science,Other,6.766589117,Placed,114132.7394,1,2
7.019375565,0,Tier 2,India,100-300,0,100.0,81.28940987,Data Science,Manufacturing,2.250430528,Placed,47798.08974,2,2
8.129776444,2,Tier 1,India,100-300,1,56.19252992,78.82283455,Cybersecurity,Consulting,5.854352605,Placed,51731.35991,3,2
6.936286887,0,Tier 2,Canada,100-300,0,59.41543596,77.13044829,Data Science,Consulting,5.361634357,Placed,97608.51211,2,2
6.150085177,2,Tier 3,Germany,100-300,1,50.20652067,64.16694936,Data Science,Healthcare,5.694970552,Placed,79728.96765,1,2
7.788583997,1,Tier 3,USA,300+,2,87.68566447,62.76861373,Cybersecurity,Consulting,8.769711925,Placed,93945.89827,1,1
7.949908841,1,Tier 2,Germany,100-300,2,60.16424868,60.85425414,Cybersecurity,Manufacturing,5.665890528,Placed,90011.93226,2,2
9.071650914,1,Tier 1,UK,300+,1,52.32086576,70.80451466,AI/ML,Healthcare,6.387153492,Placed,120000.0,3,1
7.463706539,0,Tier 2,India,100-300,0,72.83366938,68.83982059,Data Science,Consulting,4.012838574,Placed,54411.86217,2,2
7.260637053,1,Tier 2,USA,300+,3,67.3938369,63.3019925,Cybersecurity,Tech,6.185199795,Placed,120000.0,2,1
7.155507441,2,Tier 2,Germany,300+,1,51.26434841,88.28262933,Cloud,Other,5.005839803,Placed,72697.89064,2,1
6.717466966,0,Tier 2,UK,100-300,1,82.94951163,85.0922341,Cybersecurity,Tech,4.58525949,Placed,102063.7945,2,2
7.270787075,0,Tier 1,Canada,300+,2,65.53735987,92.31097652,Core CS,Consulting,4.782584196,Placed,107099.0693,3,1
7.134768781,1,Tier 1,India,Top 100,0,66.29250195,73.3186787,Cloud,Manufacturing,6.995145112,Placed,61012.0698,3,3
7.911902849,0,Tier 1,USA,Top 100,2,99.23689177,77.27085672,Data Science,Healthcare,5.915559056,Placed,120000.0,3,3
8.053692054,1,Tier 1,India,100-300,2,73.90672072,94.47019333,Core CS,Tech,6.522577705,Placed,66613.68868,3,2
6.905545178,3,Tier 3,Germany,300+,3,71.23476987,48.30961615,AI/ML,Finance,3.39980251,Placed,88762.01137,1,1
8.037595637,0,Tier 2,India,100-300,2,72.15659226,69.88078926,AI/ML,Healthcare,7.083652076,Placed,53130.58097,2,2
6.98170555,3,Tier 3,USA,300+,0,48.51070442,55.21331473,Core CS,Manufacturing,6.359405398,Placed,85360.66368,1,1
7.672496021,1,Tier 3,Germany,300+,2,77.21005248,77.9673,Cloud,Healthcare,5.714548431,Placed,69025.83797,1,1
7.437386855,0,Tier 2,USA,Top 100,1,67.35431894,81.46964941,Cloud,Tech,6.853751377,Placed,120000.0,2,3
6.808854321,1,Tier 2,UK,300+,3,52.22303684,64.38079556,Core CS,Finance,7.118306992,Placed,91555.50754,2,1
6.706540471,3,Tier 3,Canada,100-300,1,92.08759215,77.21081382,AI/ML,Consulting,3.740279759,Placed,77537.47309,1,2
6.686593481,1,Tier 2,India,Top 100,1,52.50252845,31.98455041,Core CS,Healthcare,1.786812812,Placed,43650.37292,2,3
8.292300552,1,Tier 2,India,100-300,1,79.99718945,81.2466206,Cybersecurity,Tech,4.610066126,Placed,47071.41831,2,2
7.973726817,0,Tier 2,UK,100-300,1,71.98032627,61.93120233,Cloud,Healthcare,6.080130648,Placed,96695.13313,2,2
8.217052842,0,Tier 3,USA,300+,0,80.00571371,71.91808698,Data Science,Finance,5.266696341,Placed,110343.6961,1,1
7.798648719,2,Tier 1,Germany,100-300,1,65.87645714,37.52213504,Core CS,Finance,5.796372265,Placed,103576.6685,3,2
6.65470375,1,Tier 2,India,300+,1,83.89008852,49.99603402,Data Science,Finance,5.875630066,Placed,50066.81964,2,1
7.322984072,0,Tier 3,Germany,Top 100,0,65.04183565,30.41235229,Cybersecurity,Other,4.193287772,Placed,71582.01007,1,3
6.980643515,0,Tier 2,USA,100-300,3,81.52853121,72.12223143,Cybersecurity,Consulting,4.368348605,Placed,112020.7468,2,2
6.277038511,1,Tier 1,India,100-300,3,77.21059818,83.09718842,Core CS,Finance,5.610903098,Placed,50690.42545,3,2
7.259487425,1,Tier 1,Germany,100-300,4,73.49655904,59.80297361,Cybersecurity,Manufacturing,5.687579185,Placed,95916.05029,3,2
6.056768167,2,Tier 2,India,100-300,2,44.92526035,71.83152085,Data Science,Other,2.744809601,Placed,48648.64552,2,2
6.628306162,0,Tier 2,USA,100-300,3,60.02263108,74.08552583,Data Science,Consulting,5.073200027,Placed,120000.0,2,2
7.160927725,1,Tier 2,USA,100-300,1,75.09985406,86.00841399,Cybersecurity,Other,3.48633192,Placed,107875.2548,2,2
7.226630297,0,Tier 1,Canada,300+,2,81.27973153,73.45676687,Cybersecurity,Tech,4.742857815,Placed,115598.3619,3,1
6.792876021,0,Tier 2,UK,Top 100,2,65.60507969,42.49671266,Data Science,Manufacturing,4.599589515,Placed,105419.0602,2,3
7.469355041,1,Tier 2,Germany,300+,1,46.88175191,75.44142513,Data Science,Healthcare,3.793329254,Placed,98933.88768,2,1
6.620077075,0,Tier 2,UK,300+,1,76.77438994,91.9931077,Data Science,Finance,5.07876964,Placed,108650.2095,2,1
7.697037838,1,Tier 3,India,Top 100,3,62.58819305,46.12329374,Data Science,Tech,5.631574394,Placed,47182.27382,1,3
8.551143199,2,Tier 2,Germany,300+,1,75.93453541,54.58991672,Cloud,Healthcare,5.654571276,Placed,85989.65576,2,1
6.19973494,0,Tier 1,Canada,100-300,1,67.74754432,100.0,Cybersecurity,Healthcare,4.063835957,Placed,89653.07715,3,2
6.457804024,2,Tier 1,USA,100-300,3,68.31312357,61.42497652,Core CS,Other,4.324040564,Placed,120000.0,3,2
7.41112628,3,Tier 1,Canada,300+,3,83.94075727,43.00666237,Cloud,Finance,8.188845172,Placed,105448.5295,3,1
7.143665426,2,Tier 2,Canada,300+,3,74.10600711,42.9098102,Cybersecurity,Healthcare,6.595391012,Placed,85479.90681,2,1
7.280504079,1,Tier 2,Canada,300+,1,70.75620913,42.75548572,Core CS,Finance,6.821262126,Placed,90906.99142,2,1
7.391349704,1,Tier 2,UK,100-300,2,64.11805654,72.57221626,AI/ML,Finance,5.525994473,Placed,116620.3699,2,2
7.507777175,0,Tier 3,Canada,300+,2,70.22520363,74.60818616,Core CS,Manufacturing,5.338522834,Placed,69612.11051,1,1
7.327854926,0,Tier 2,Germany,300+,1,65.93527562,65.21587003,Core CS,Manufacturing,7.666486708,Placed,83032.38659,2,1
7.538058961,1,Tier 1,Canada,300+,1,70.19305658,83.8795524,Cybersecurity,Consulting,5.798998091,Placed,110967.4027,3,1
8.519905548,1,Tier 3,Canada,300+,1,71.11611255,54.98456297,AI/ML,Consulting,4.876039748,Placed,96074.24607,1,1
6.893893003,0,Tier 2,Germany,Top 100,0,68.98218056,85.14357196,Cloud,Other,4.450212363,Placed,90266.38384,2,3
7.885664535,1,Tier 2,UK,100-300,2,64.65052728,50.52509794,Cloud,Tech,5.693415807,Placed,113165.147,2,2
6.903695069,0,Tier 1,USA,100-300,1,38.27405378,86.13715971,Cybersecurity,Healthcare,2.22525007,Placed,120000.0,3,2
6.571737451,4,Tier 1,USA,300+,3,43.96219927,62.78205896,Cloud,Healthcare,5.522186112,Placed,119628.0852,3,1
6.927573374,1,Tier 3,Canada,Top 100,3,100.0,84.00467249,Core CS,Other,3.237844507,Placed,78491.71686,1,3
7.152399744,1,Tier 1,India,300+,3,100.0,78.55006857,Cybersecurity,Tech,7.793166334,Placed,56095.08714,3,1
6.651610904,1,Tier 1,India,300+,1,82.14465601,37.54796357,Core CS,Other,5.89922923,Placed,47123.38706,3,1
6.792362658,1,Tier 3,UK,300+,1,46.38744613,70.1791949,Cybersecurity,Healthcare,5.710865491,Placed,68238.34776,1,1
7.591048385,0,Tier 2,USA,Top 100,2,69.86674749,49.85521654,Data Science,Finance,6.154361363,Placed,120000.0,2,3
7.492293987,1,Tier 2,Germany,100-300,2,56.44410259,61.21350664,Data Science,Finance,5.985772146,Placed,106457.8956,2,2
7.868785693,1,Tier 1,USA,100-300,2,62.45544356,55.78492393,Cloud,Finance,6.11805247,Placed,120000.0,3,2
6.571229244,0,Tier 2,UK,Top 100,2,53.91012645,50.78435192,Cloud,Tech,4.344420325,Placed,91230.96073,2,3
7.646446239,2,Tier 2,UK,100-300,2,82.89098865,67.713493,AI/ML,Other,5.280106007,Placed,109077.8241,2,2
7.293829851,0,Tier 3,Germany,100-300,3,97.20500194,56.42052217,Cloud,Consulting,6.252389878,Placed,74846.40413,1,2
8.470546941,0,Tier 2,UK,100-300,3,67.30518648,62.8438672,AI/ML,Tech,6.070375764,Placed,120000.0,2,2
6.821227214,1,Tier 3,Germany,300+,1,69.81249524,85.14258007,AI/ML,Tech,6.285998579,Placed,89249.60756,1,1
7.639953522,0,Tier 3,UK,300+,1,72.99005361,78.40136504,Cloud,Finance,5.300658408,Placed,73005.3881,1,1
6.157054065,1,Tier 1,Canada,100-300,0,46.18711189,74.09335263,Cybersecurity,Manufacturing,4.303715357,Placed,100638.6296,3,2
6.145757663,0,Tier 1,USA,300+,2,54.65768643,52.34215435,AI/ML,Healthcare,6.123244267,Placed,120000.0,3,1
7.760246074,1,Tier 2,Canada,100-300,3,54.52466403,56.26651227,AI/ML,Consulting,6.078058652,Placed,113091.9277,2,2
8.368490698,0,Tier 3,Germany,100-300,3,58.52018353,48.41848,Data Science,Tech,3.919012398,Placed,88241.2003,1,2
6.916440625,0,Tier 3,UK,300+,3,98.77076131,72.8367653,Cloud,Manufacturing,4.263767676,Placed,75021.09982,1,1
6.864942621,1,Tier 1,UK,100-300,1,75.79749842,93.96860747,AI/ML,Finance,6.203847134,Placed,120000.0,3,2
7.05604173,2,Tier 2,USA,100-300,3,66.90991393,73.56748701,Cybersecurity,Manufacturing,7.810252163,Placed,98726.43792,2,2
7.190695186,1,Tier 2,USA,100-300,1,64.96868907,62.89611174,Cloud,Finance,4.808582071,Placed,112741.4852,2,2
7.780158104,0,Tier 2,Canada,Top 100,1,68.62394372,62.70133704,AI/ML,Healthcare,5.746031307,Placed,105189.7196,2,3
7.400875336,2,Tier 1,Canada,300+,2,60.4585166,81.62977488,Cloud,Other,5.62065953,Placed,107343.7889,3,1
7.151665293,2,Tier 3,Germany,100-300,0,63.0678726,74.36675266,AI/ML,Other,5.338790227,Placed,81883.88833,1,2
8.098926836,0,Tier 2,Germany,300+,2,56.56974753,53.52216907,Data Science,Manufacturing,7.236600886,Placed,105003.6041,2,1
6.890041188,1,Tier 2,India,100-300,0,100.0,79.50829741,Data Science,Tech,8.114375852,Placed,54097.81873,2,2
7.762299638,1,Tier 1,Canada,100-300,2,34.55243478,41.66953874,Cybersecurity,Other,5.793219205,Placed,108300.9183,3,2
8.289822606,1,Tier 2,Canada,300+,3,71.04963556,42.7024383,Cybersecurity,Manufacturing,4.264730321,Placed,91229.18211,2,1
8.051931563,1,Tier 1,Germany,300+,1,65.05978807,74.36558423,AI/ML,Healthcare,7.709718634,Placed,120000.0,3,1
8.311971623,2,Tier 3,UK,100-300,0,91.62560778,64.46409236,AI/ML,Other,4.922125055,Placed,95105.14363,1,2
7.593701993,1,Tier 3,UK,300+,1,89.68786188,88.84075476,Cloud,Manufacturing,4.009206323,Placed,69752.98343,1,1
7.060346911,0,Tier 3,UK,300+,0,76.68376122,61.92447616,Data Science,Finance,5.48909228,Placed,89784.67643,1,1
5.71842735,2,Tier 2,UK,100-300,0,71.8490709,75.89065682,Cybersecurity,Consulting,6.369859249,Placed,76193.86719,2,2
6.803150009,3,Tier 1,Canada,Top 100,3,54.90748409,95.66481053,Core CS,Finance,7.855176127,Placed,115631.7083,3,3
8.736754174,0,Tier 3,Germany,100-300,1,65.7091984,55.72530559,Core CS,Tech,5.714536704,Placed,76108.44982,1,2
6.85929135,2,Tier 1,Germany,300+,1,89.61092324,88.94996003,Core CS,Manufacturing,5.11877046,Placed,99593.21003,3,1
7.441188301,1,Tier 2,UK,100-300,0,62.24313798,63.64458871,Core CS,Healthcare,5.510679146,Placed,91173.52235,2,2
7.034881957,1,Tier 2,UK,300+,1,79.76827323,82.2939567,AI/ML,Healthcare,5.847648447,Placed,106133.3287,2,1
8.356040832,1,Tier 2,Canada,300+,1,67.32732751,88.22613819,Core CS,Other,5.884294757,Placed,97577.40007,2,1
6.970370562,0,Tier 3,UK,Top 100,2,89.32276639,52.2797746,Cloud,Tech,5.671870235,Placed,81399.96269,1,3
6.933515542,0,Tier 3,UK,100-300,1,79.59137728,74.32370792,Core CS,Other,7.552257049,Placed,81554.78999,1,2
7.608044771,3,Tier 2,Germany,300+,1,86.81036626,55.83684686,Core CS,Healthcare,8.470654121,Placed,79982.03349,2,1
6.752632738,1,Tier 1,Canada,100-300,2,83.78949383,72.70314617,Cybersecurity,Finance,5.308317041,Placed,108997.4177,3,2
8.072360357,0,Tier 2,Germany,Top 100,2,74.85327788,60.2452052,Cybersecurity,Healthcare,3.815637401,Placed,89544.14791,2,3
7.170557303,0,Tier 2,Canada,Top 100,1,82.64651039,66.74882889,Cloud,Consulting,4.030064585,Placed,84469.23138,2,3
6.398424535,0,Tier 1,USA,100-300,0,80.67625118,89.27218027,AI/ML,Healthcare,3.72389324,Placed,120000.0,3,2
6.363179315,0,Tier 3,Canada,300+,2,69.9502501,41.12642661,Data Science,Tech,6.927090838,Placed,90483.46853,1,1
7.860805711,1,Tier 2,USA,100-300,2,72.47181709,64.02750252,Core CS,Manufacturing,4.960925431,Placed,111234.7563,2,2
7.017049319,1,Tier 3,Canada,300+,2,93.33021198,57.5809433,AI/ML,Healthcare,8.336700146,Placed,84790.92648,1,1
8.520952549,0,Tier 1,UK,300+,2,52.82558921,52.60234201,AI/ML,Consulting,7.267676652,Placed,120000.0,3,1
6.613551159,1,Tier 3,India,Top 100,2,60.86658769,57.93791584,Cloud,Consulting,4.128275313,Placed,41256.56953,1,3
6.424677345,0,Tier 2,India,100-300,0,68.99762877,73.49570353,AI/ML,Tech,6.131386038,Placed,41668.83434,2,2
6.210256378,0,Tier 2,Germany,300+,1,84.62004114,74.65439552,Cybersecurity,Tech,3.221805009,Placed,92495.53952,2,1
6.894994426,1,Tier 1,Germany,100-300,2,69.09365807,53.92520096,AI/ML,Tech,7.391237691,Placed,120000.0,3,2
6.820115215,0,Tier 3,India,100-300,4,66.08743774,73.32726742,Cybersecurity,Other,1.944828209,Placed,31510.90905,1,2
7.134923738,1,Tier 2,India,Top 100,2,64.83649114,66.94709788,Cloud,Other,2.060731436,Placed,45538.02393,2,3
6.127680738,3,Tier 2,Germany,Top 100,1,61.31651453,82.06674008,Cybersecurity,Consulting,4.001554107,Placed,92939.2211,2,3
8.128745904,0,Tier 2,India,300+,1,80.11177606,84.28403229,Cybersecurity,Consulting,3.69383068,Placed,50135.73581,2,1
6.921129494,1,Tier 2,Germany,100-300,3,51.0932109,66.00407358,Core CS,Healthcare,4.050597703,Placed,83310.4164,2,2
7.015079698,0,Tier 3,Canada,300+,2,79.67337807,79.67233122,Cybersecurity,Manufacturing,4.825285299,Placed,83548.37489,1,1
7.186572905,3,Tier 3,India,300+,2,80.10392203,100.0,Core CS,Finance,5.885599429,Placed,42384.88935,1,1
6.5100501,0,Tier 3,UK,Top 100,2,52.29128733,62.05111896,Core CS,Manufacturing,5.386511813,Placed,77995.92595,1,3
7.28920282,0,Tier 3,Germany,100-300,1,66.10328894,100.0,Data Science,Finance,7.536553023,Placed,90683.56307,1,2
7.086847765,1,Tier 1,UK,100-300,2,72.75122575,74.25692918,Data Science,Consulting,4.187096971,Placed,120000.0,3,2
6.973416007,3,Tier 1,India,300+,0,63.16222314,67.44391452,Core CS,Manufacturing,6.153793057,Placed,49815.69468,3,1
6.833506514,0,Tier 1,USA,Top 100,1,54.71094998,62.18071083,Cloud,Manufacturing,4.880792828,Placed,120000.0,3,3
5.494520764,1,Tier 2,India,Top 100,3,54.1897807,65.2262185,Core CS,Finance,4.939693504,Placed,41031.55256,2,3
7.074275921,3,Tier 2,UK,Top 100,3,70.68778181,61.29649674,Cybersecurity,Tech,5.289991442,Placed,106427.6923,2,3
7.127885114,2,Tier 3,UK,300+,2,81.78447153,53.19439824,Cybersecurity,Manufacturing,8.209418424,Placed,73604.1645,1,1
6.177859887,4,Tier 3,India,Top 100,3,78.1729482,69.71181241,Data Science,Finance,4.545560297,Placed,42047.01505,1,3
8.012566273,1,Tier 3,India,Top 100,1,53.0121182,65.56867931,Core CS,Tech,8.410631953,Placed,41128.79667,1,3
7.77556576,2,Tier 2,UK,100-300,1,55.048997,73.94571091,AI/ML,Tech,4.848266567,Placed,120000.0,2,2
8.420248714,0,Tier 2,UK,100-300,1,45.38879543,60.31691881,Data Science,Healthcare,4.973806605,Placed,112254.2335,2,2
7.800465854,1,Tier 3,Germany,300+,5,72.44512437,70.02564273,Core CS,Finance,5.315463097,Placed,68366.25723,1,1
6.463503833,4,Tier 3,USA,Top 100,2,71.61022474,82.92933752,Cloud,Finance,7.267370943,Placed,91471.32129,1,3
8.11397224,1,Tier 2,Canada,Top 100,1,100.0,62.51817603,Core CS,Healthcare,6.255739327,Placed,93600.83289,2,3
7.230954903,1,Tier 2,UK,300+,2,78.17378388,54.76013426,Cloud,Tech,5.503994105,Placed,96086.81931,2,1
7.208257471,1,Tier 1,UK,100-300,2,92.01588925,74.57063327,Cloud,Consulting,3.694030801,Placed,110537.7664,3,2
5.601174421,1,Tier 1,Canada,300+,0,69.28667926,56.43527872,Data Science,Consulting,4.143322576,Placed,110114.5374,3,1
8.043472194,1,Tier 2,UK,300+,2,88.68484071,65.33316157,Data Science,Manufacturing,6.118603156,Placed,120000.0,2,1
7.826036963,0,Tier 3,India,100-300,4,46.91797634,60.59886355,Cloud,Tech,7.31007902,Placed,52460.5398,1,2
7.901364109,0,Tier 3,USA,Top 100,1,79.94007553,47.26152128,Core CS,Tech,5.158385038,Placed,99734.47974,1,3
6.67134857,3,Tier 1,Germany,300+,3,54.96779702,95.76146958,Cybersecurity,Finance,4.735287236,Placed,99162.55436,3,1
6.828063176,2,Tier 2,Canada,Top 100,3,89.24087084,71.0103096,AI/ML,Healthcare,5.563632635,Placed,107178.1948,2,3
8.048246997,0,Tier 1,India,300+,3,69.58935261,48.61175145,Core CS,Manufacturing,3.409418803,Placed,58293.9197,3,1
8.116547049,1,Tier 2,UK,300+,2,45.16563223,97.80193811,Cloud,Finance,4.936294263,Placed,97399.1664,2,1
6.832622501,0,Tier 1,USA,300+,1,85.67926297,68.63997608,Data Science,Manufacturing,3.30009664,Placed,120000.0,3,1
6.355303947,1,Tier 2,USA,100-300,1,54.26941184,68.43073207,Cloud,Other,4.532144923,Placed,99080.44991,2,2
7.771881306,0,Tier 3,USA,300+,1,91.25634558,84.319204,AI/ML,Tech,3.776695177,Placed,110350.9058,1,1
8.292466259,1,Tier 1,UK,Top 100,3,47.1714147,59.98825456,Cloud,Tech,6.274265979,Placed,120000.0,3,3
6.526028593,2,Tier 1,UK,100-300,1,74.14310199,77.31684401,Core CS,Tech,5.640615308,Placed,113617.727,3,2
6.988438183,1,Tier 1,India,300+,0,51.2994469,71.02527267,Cybersecurity,Tech,5.386372164,Placed,65553.33603,3,1
7.437027398,0,Tier 3,India,100-300,2,55.27409984,74.49374454,Core CS,Finance,5.534419801,Placed,43027.97668,1,2
7.005137816,1,Tier 1,Germany,300+,2,69.28518797,68.27112122,AI/ML,Tech,5.795787673,Placed,120000.0,3,1
6.650891288,2,Tier 1,India,100-300,3,66.64728456,85.25193896,Data Science,Tech,3.301934622,Placed,64839.0419,3,2
6.912312157,0,Tier 1,Germany,Top 100,0,60.14241963,64.18213138,AI/ML,Other,3.16015369,Placed,120000.0,3,3
6.79296315,0,Tier 1,Germany,Top 100,2,78.28171574,66.28678341,Cloud,Other,5.81630494,Placed,96313.23156,3,3
7.448735558,0,Tier 1,Canada,100-300,1,65.11034868,45.77010501,Cybersecurity,Finance,6.784561415,Placed,117214.0811,3,2
6.763615746,3,Tier 2,UK,300+,1,81.37474151,60.64468266,AI/ML,Finance,7.414257082,Placed,116658.3502,2,1
7.557563524,1,Tier 1,USA,100-300,1,77.63024329,90.51588052,AI/ML,Tech,5.462327961,Placed,120000.0,3,2
7.93849971,0,Tier 2,India,300+,2,91.58325035,67.21103196,Core CS,Manufacturing,5.274301891,Placed,48375.17746,2,1
7.295713754,2,Tier 3,Germany,300+,2,100.0,66.37073071,Core CS,Tech,7.072874835,Placed,73717.84868,1,1
7.358173541,2,Tier 2,India,100-300,3,67.95737092,57.80135016,Cloud,Finance,6.026538263,Placed,52755.79508,2,2
6.098586025,0,Tier 1,India,100-300,1,58.54441024,52.03569805,Cybersecurity,Healthcare,5.678431894,Placed,51544.4602,3,2
7.114354476,2,Tier 3,UK,300+,2,95.50921537,56.24323977,Data Science,Manufacturing,5.662246706,Placed,93293.7881,1,1
8.386012,0,Tier 3,Germany,300+,2,80.75314174,55.74786723,Cloud,Consulting,4.889335474,Placed,69971.65997,1,1
8.785040117,0,Tier 2,India,300+,1,62.11193447,47.64518369,Data Science,Other,1.286603494,Placed,53399.44037,2,1
7.510440881,3,Tier 2,Canada,100-300,1,76.50731672,78.29683712,Core CS,Tech,6.99331957,Placed,95611.91519,2,2
7.40067558,0,Tier 2,UK,300+,1,73.48752249,89.39755034,Cybersecurity,Other,2.263655976,Placed,99772.79554,2,1
6.56586096,2,Tier 2,India,100-300,2,82.53774458,80.54479191,Cloud,Other,5.583713154,Placed,47601.68897,2,2
6.865484945,1,Tier 1,Canada,100-300,0,90.81786892,71.87916789,AI/ML,Consulting,5.641438725,Placed,120000.0,3,2
6.622327538,0,Tier 2,Canada,100-300,1,91.32075928,79.6377438,Data Science,Tech,6.689800692,Placed,108032.5677,2,2
7.598328205,2,Tier 3,Germany,100-300,1,81.44308243,62.19081264,Cloud,Healthcare,2.735269311,Placed,64695.62959,1,2
6.141805579,0,Tier 3,India,300+,1,84.28474386,48.80736232,Data Science,Finance,4.981925999,Placed,47386.92432,1,1
7.191397491,0,Tier 3,UK,100-300,2,95.27386731,64.52786665,Core CS,Other,4.185138173,Placed,81000.1237,1,2
8.659266136,0,Tier 1,Germany,100-300,2,65.50879018,64.58990108,Cybersecurity,Other,8.167403236,Placed,106506.0644,3,2
6.264492327,1,Tier 2,Canada,100-300,2,60.97561609,51.51214832,Data Science,Consulting,3.843539777,Placed,92582.74263,2,2
4.975769982,1,Tier 2,USA,100-300,2,45.55696606,94.44823215,Data Science,Tech,5.599209275,Placed,116780.5162,2,2
6.915241317,3,Tier 2,Canada,100-300,1,76.45508072,65.26601631,Cloud,Tech,6.493966538,Placed,95850.21522,2,2
9.115474678,0,Tier 3,India,300+,2,66.56937256,92.43596518,Core CS,Healthcare,6.986614731,Placed,41882.06664,1,1
7.86862906,0,Tier 1,UK,100-300,0,63.53387506,89.11263678,Cloud,Other,2.711769644,Placed,117285.9963,3,2
7.215301553,1,Tier 3,Germany,300+,5,72.35493971,64.42653454,AI/ML,Consulting,4.623585292,Placed,76379.71502,1,1
7.497257512,2,Tier 2,UK,300+,2,57.91345554,46.34606163,Cybersecurity,Consulting,3.935482097,Placed,102709.6149,2,1
6.704311731,0,Tier 2,UK,100-300,0,72.6445686,40.2815134,Data Science,Other,5.468477851,Placed,114675.4227,2,2
7.301680315,0,Tier 3,USA,300+,3,93.06153642,51.19490589,Core CS,Consulting,5.875770926,Placed,88684.24703,1,1
6.976589749,0,Tier 1,India,100-300,2,60.57410919,83.0573168,AI/ML,Other,5.62704893,Placed,64439.76619,3,2
6.958885021,1,Tier 1,India,300+,1,58.86823014,88.45644441,Core CS,Manufacturing,4.340388052,Placed,49896.6873,3,1
6.275414159,2,Tier 1,Germany,100-300,1,72.32095415,67.8131412,AI/ML,Healthcare,5.875656839,Placed,116226.5685,3,2
6.476986929,0,Tier 2,USA,100-300,1,78.95574974,44.02078986,Cybersecurity,Finance,4.626757022,Placed,110829.6936,2,2
8.099550475,2,Tier 1,Canada,100-300,3,67.7216086,60.89944979,Cloud,Consulting,5.680376463,Placed,104540.1304,3,2
9.510198827,0,Tier 3,Germany,100-300,0,82.15547341,42.71800799,Cybersecurity,Finance,4.729867106,Placed,80579.87631,1,2
7.844845447,0,Tier 1,USA,300+,1,60.69005624,79.26569068,Core CS,Other,5.216674496,Placed,120000.0,3,1
7.22844326,0,Tier 3,Germany,Top 100,1,74.07614318,57.17611304,Cybersecurity,Healthcare,8.255572805,Placed,78566.46524,1,3
7.416897943,1,Tier 1,USA,100-300,4,86.45832466,67.38733772,Core CS,Consulting,5.284077915,Placed,118664.3371,3,2
7.516172469,1,Tier 3,India,100-300,0,60.40973129,77.4958166,AI/ML,Tech,5.822218958,Placed,51160.5249,1,2
7.444483573,3,Tier 3,Germany,100-300,0,55.53152754,54.42800352,Cloud,Manufacturing,4.078583696,Placed,71099.88786,1,2
6.842129264,1,Tier 1,Canada,100-300,0,64.50282553,49.36450741,Core CS,Finance,3.422899059,Placed,106377.4935,3,2
7.907016077,2,Tier 3,Canada,100-300,0,63.50295478,58.4093483,Core CS,Tech,5.288540706,Placed,81853.46397,1,2
7.524720621,2,Tier 2,Canada,300+,1,89.96307981,58.95627499,Core CS,Consulting,5.243672331,Placed,93751.51995,2,1
7.155788956,1,Tier 1,Germany,300+,3,96.85768941,65.63198219,Core CS,Other,3.088529099,Placed,98108.02642,3,1
6.689185238,0,Tier 2,Canada,100-300,1,79.60139146,68.91746904,AI/ML,Other,4.422828165,Placed,87802.50618,2,2
7.75802117,1,Tier 1,UK,Top 100,2,62.23789779,60.32924687,AI/ML,Manufacturing,4.014700746,Placed,120000.0,3,3
7.32564183,0,Tier 2,Canada,300+,1,81.1629163,78.25346801,AI/ML,Finance,4.627507138,Placed,108612.5337,2,1
7.689914778,2,Tier 1,Germany,100-300,4,69.42916362,82.51613079,Data Science,Consulting,4.549438959,Placed,116512.2335,3,2
7.762500036,1,Tier 1,UK,100-300,3,60.66555545,62.57861509,Core CS,Manufacturing,2.728035834,Placed,105417.6204,3,2
7.580076629,1,Tier 2,Germany,100-300,1,82.17172301,56.50910813,Cloud,Manufacturing,4.727823362,Placed,93582.92398,2,2
6.486814724,0,Tier 3,UK,100-300,1,88.27903165,41.75287478,AI/ML,Manufacturing,4.448341173,Placed,82035.8685,1,2
7.345538036,4,Tier 2,Canada,Top 100,2,84.17373248,81.48032149,AI/ML,Tech,4.625111651,Placed,119909.6374,2,3
7.603433064,2,Tier 1,UK,300+,2,77.51258723,72.15687792,AI/ML,Consulting,5.560277836,Placed,116619.4776,3,1
7.566643078,1,Tier 1,Germany,Top 100,2,55.40101417,83.74667116,Core CS,Healthcare,5.927922413,Placed,113448.1418,3,3
7.856120191,0,Tier 2,India,300+,1,69.79398621,47.77583158,Core CS,Finance,5.63810517,Placed,43211.63059,2,1
6.869546429,2,Tier 2,Canada,Top 100,3,89.26025005,51.57511562,Cybersecurity,Tech,4.804525899,Placed,107139.7347,2,3
6.404077884,0,Tier 1,India,Top 100,5,87.6685793,49.40957917,Cybersecurity,Tech,5.417311442,Placed,57027.00772,3,3
6.45985738,0,Tier 2,Canada,100-300,1,73.06352786,54.37444569,Cybersecurity,Consulting,6.254611686,Placed,87772.51773,2,2
6.884385063,1,Tier 3,UK,300+,0,74.92372719,66.80257384,AI/ML,Tech,7.946158161,Placed,96520.13012,1,1
6.366064063,0,Tier 1,UK,300+,2,75.01837222,82.25285822,Cloud,Healthcare,3.805716142,Placed,95848.61558,3,1
6.753630776,1,Tier 2,India,300+,4,75.31797738,83.2791328,AI/ML,Manufacturing,1.810035706,Placed,53759.56276,2,1
7.170634966,0,Tier 3,Germany,300+,2,61.10630202,60.17146874,AI/ML,Healthcare,4.453988737,Placed,81582.99708,1,1
7.00096438,1,Tier 3,Germany,300+,3,46.8320751,63.69537998,Cloud,Tech,5.756066498,Placed,64893.52669,1,1
7.527396535,1,Tier 1,USA,300+,1,53.2433993,55.10687333,Core CS,Other,5.119922433,Placed,120000.0,3,1
6.248077519,1,Tier 1,Canada,Top 100,0,73.90045252,44.60538149,Cybersecurity,Manufacturing,7.748668152,Placed,96816.26432,3,3
7.663579874,1,Tier 1,Germany,300+,0,89.6850084,75.08191723,Data Science,Consulting,6.405240569,Placed,105611.5568,3,1
6.788388127,3,Tier 2,Germany,300+,4,69.62344771,70.09705639,Core CS,Manufacturing,8.195146273,Placed,80100.51405,2,1
7.047946104,0,Tier 1,Canada,300+,1,57.7605758,36.81668853,Core CS,Manufacturing,7.614601359,Placed,100417.1241,3,1
7.22190155,0,Tier 2,UK,300+,2,84.74794111,64.23581201,Cloud,Finance,6.065028254,Placed,91963.0229,2,1
8.440408945,0,Tier 3,UK,100-300,1,83.49789767,60.99175358,Data Science,Consulting,4.58650851,Placed,89990.24016,1,2
7.991157082,2,Tier 3,UK,300+,3,68.0901237,75.6776662,Cybersecurity,Consulting,6.481533308,Placed,69535.95859,1,1
7.167727532,0,Tier 3,Canada,100-300,0,63.12862232,62.85671934,Cloud,Finance,3.670423951,Placed,76870.31355,1,2
6.606691051,0,Tier 3,India,Top 100,1,72.81501493,67.84121042,Cloud,Finance,5.780766844,Placed,43325.49388,1,3
7.645698077,1,Tier 2,Germany,100-300,0,70.23856564,59.72346978,Cybersecurity,Tech,5.248714085,Placed,98549.2551,2,2
7.404376127,1,Tier 3,UK,100-300,1,45.29080547,70.37414741,AI/ML,Manufacturing,6.371983114,Placed,80729.52135,1,2
9.207728031,0,Tier 3,USA,100-300,0,90.66695209,57.11922581,AI/ML,Tech,3.83848918,Placed,120000.0,1,2
7.313932774,1,Tier 1,Canada,100-300,3,79.33570026,74.52059921,AI/ML,Tech,3.510784872,Placed,120000.0,3,2
6.97954055,1,Tier 2,India,300+,3,83.21461873,62.06054973,Cloud,Consulting,3.762659482,Placed,56693.5839,2,1
5.584739276,2,Tier 2,USA,Top 100,0,90.99416041,51.06884656,Data Science,Consulting,4.84799175,Placed,114470.6501,2,3
6.67257405,0,Tier 3,India,100-300,1,58.18129011,50.26965132,Cloud,Consulting,2.319282019,Placed,40249.51856,1,2
7.121883898,0,Tier 3,Germany,Top 100,2,77.76868999,46.47447321,Cloud,Other,3.363749051,Placed,80534.74655,1,3
7.896824534,1,Tier 2,Canada,100-300,1,70.82846575,62.30521831,AI/ML,Consulting,8.0043297,Placed,110269.7556,2,2
7.000165652,2,Tier 1,India,Top 100,0,66.66838273,55.74100146,Cybersecurity,Manufacturing,3.178468736,Placed,71985.15365,3,3
7.660078612,2,Tier 2,India,100-300,1,86.92150835,59.38147572,Cloud,Healthcare,4.508090562,Placed,46717.62449,2,2
6.306295827,0,Tier 2,India,100-300,1,71.60955549,78.93028189,Data Science,Other,6.552743614,Placed,48702.13763,2,2
6.757019177,0,Tier 2,Canada,300+,2,50.80767368,100.0,Cloud,Finance,5.714058033,Placed,79877.04675,2,1
7.210049063,1,Tier 1,UK,300+,3,60.08059368,75.38009947,Data Science,Manufacturing,5.629147907,Placed,120000.0,3,1
7.68071837,1,Tier 2,Canada,100-300,1,74.53656532,63.77882486,Core CS,Other,1.392114367,Placed,92370.12988,2,2
7.31237188,0,Tier 2,Canada,100-300,1,62.13523236,77.1067025,Cloud,Other,6.067228751,Placed,91717.52059,2,2
6.917422598,1,Tier 3,Canada,Top 100,1,92.5069104,82.57457439,AI/ML,Tech,4.333172261,Placed,97491.49046,1,3
7.21228988,1,Tier 3,Germany,300+,3,72.53382954,50.90897602,Core CS,Tech,4.783827468,Placed,74093.39269,1,1
8.138198509,0,Tier 1,Germany,100-300,2,64.0184768,58.34694024,AI/ML,Healthcare,6.185515462,Placed,120000.0,3,2
7.740972322,0,Tier 2,UK,100-300,2,59.29368992,64.12613614,AI/ML,Manufacturing,5.042266436,Placed,109624.1978,2,2
7.772317988,1,Tier 1,UK,100-300,4,60.13034405,53.38945596,Cloud,Healthcare,6.291532889,Placed,117136.114,3,2
7.988904577,2,Tier 3,USA,100-300,5,57.64687073,30.0,Core CS,Consulting,5.371450199,Placed,86640.91564,1,2
7.070926073,2,Tier 3,Canada,Top 100,3,67.45865354,52.20595432,AI/ML,Healthcare,5.225277409,Placed,83494.33702,1,3
6.505878484,1,Tier 1,USA,300+,1,62.52346071,46.69255547,Cybersecurity,Tech,4.226383954,Placed,120000.0,3,1
6.888442979,0,Tier 3,Germany,100-300,0,49.27664846,63.21584147,Cybersecurity,Other,4.203754471,Placed,72538.11347,1,2
6.639848588,1,Tier 2,USA,Top 100,2,90.59001038,81.99632409,AI/ML,Manufacturing,4.961932784,Placed,120000.0,2,3
7.000422367,0,Tier 1,Canada,Top 100,0,46.67703364,68.92701681,Core CS,Tech,6.69855428,Placed,117921.2353,3,3
7.480965399,1,Tier 3,USA,300+,2,93.98592171,37.85147203,Cloud,Other,6.781089165,Placed,86986.47815,1,1
6.55957052,1,Tier 1,UK,Top 100,1,64.87219116,91.52560686,Core CS,Healthcare,5.821164614,Placed,106211.491,3,3
6.881775745,0,Tier 2,UK,Top 100,0,100.0,69.92435356,Core CS,Consulting,6.276132744,Placed,94218.32369,2,3
6.637401273,1,Tier 2,USA,Top 100,2,50.68534487,54.6880095,Core CS,Manufacturing,5.519971961,Placed,114938.168,2,3
8.161974028,1,Tier 2,UK,300+,1,75.86661981,63.97941941,AI/ML,Other,3.960442049,Placed,109744.2417,2,1
7.261395812,0,Tier 3,Canada,300+,1,73.42352144,48.17931049,Core CS,Healthcare,5.241961431,Placed,70067.48397,1,1
7.497765715,2,Tier 1,USA,100-300,2,50.08366027,78.31331099,Cloud,Tech,3.098213432,Placed,120000.0,3,2
6.088933506,1,Tier 3,Canada,100-300,0,70.88611696,87.08333609,AI/ML,Other,4.281428864,Placed,87957.79267,1,2
7.83128943,1,Tier 3,India,300+,3,71.88765866,100.0,Core CS,Other,4.915002594,Placed,42858.75958,1,1
6.939388571,0,Tier 1,UK,100-300,2,48.94590645,98.22957201,AI/ML,Healthcare,7.220873026,Placed,120000.0,3,2
7.536384494,0,Tier 3,India,Top 100,1,78.57172337,49.09167534,Core CS,Other,5.165888062,Placed,43227.45155,1,3
5.756992987,4,Tier 2,UK,Top 100,2,81.84724417,78.79693241,Core CS,Healthcare,3.527053035,Placed,91813.05414,2,3
7.654311726,1,Tier 1,Canada,100-300,1,55.29034451,80.0764175,Core CS,Tech,5.598578316,Placed,120000.0,3,2
6.278358757,0,Tier 2,USA,100-300,1,64.04844816,51.19158026,Core CS,Healthcare,4.950285623,Placed,112015.8458,2,2
7.900347828,0,Tier 2,India,Top 100,2,54.23794378,38.56760792,Core CS,Consulting,6.772449672,Placed,51567.88397,2,3
8.314138363,0,Tier 2,UK,Top 100,4,54.0406959,49.43779954,Cloud,Tech,4.34729172,Placed,114883.9855,2,3
7.51071354,0,Tier 3,Canada,300+,1,39.34362277,80.17941074,AI/ML,Healthcare,4.9060453,Placed,90304.5709,1,1
6.564708798,0,Tier 2,UK,300+,1,76.45047889,78.85834875,Cloud,Tech,6.473773592,Placed,96975.82633,2,1
6.869765675,1,Tier 1,Canada,Top 100,3,60.32327047,75.85382677,Cybersecurity,Tech,3.498703215,Placed,120000.0,3,3
6.198250035,1,Tier 2,USA,300+,0,71.01006114,38.45309261,Cybersecurity,Manufacturing,4.297819244,Placed,98032.39394,2,1
7.592659476,2,Tier 3,India,300+,2,71.95889454,55.84503657,Cloud,Tech,7.010339327,Placed,34925.20224,1,1
6.817120068,1,Tier 3,UK,300+,3,59.86680533,45.57253633,AI/ML,Consulting,4.242885364,Placed,77085.99697,1,1
8.930092337,1,Tier 2,India,100-300,2,83.10752962,44.26504235,Cloud,Healthcare,5.707563751,Placed,60089.22638,2,2
7.62768343,0,Tier 2,India,300+,0,55.68480838,80.55164572,AI/ML,Finance,7.527249067,Placed,70387.66002,2,1
6.984591696,3,Tier 1,Canada,100-300,2,51.99236919,64.30236217,AI/ML,Tech,4.513548794,Placed,120000.0,3,2
6.789687337,3,Tier 2,India,Top 100,1,74.83606341,53.58446441,Cybersecurity,Consulting,4.729127791,Placed,44749.27675,2,3
7.017972714,1,Tier 3,UK,300+,2,56.17950538,74.52118384,Data Science,Finance,4.150723265,Placed,90549.42304,1,1
7.891457356,0,Tier 3,UK,100-300,2,61.20099212,59.35661744,Core CS,Manufacturing,5.117812311,Placed,76296.25526,1,2
7.572305052,0,Tier 2,Germany,Top 100,0,75.25435629,67.37004482,Cybersecurity,Tech,5.656785003,Placed,110117.0466,2,3
7.015693326,0,Tier 2,Germany,Top 100,1,72.29965929,66.78238399,Core CS,Finance,5.31332299,Placed,88700.90147,2,3
6.541118582,1,Tier 1,Canada,300+,2,71.581551,94.02003511,Data Science,Tech,4.863854764,Placed,118592.6224,3,1
7.081485036,3,Tier 1,Canada,100-300,2,95.75473033,62.32367529,Cloud,Manufacturing,4.179152708,Placed,105899.3175,3,2
8.239216121,0,Tier 1,India,100-300,0,72.15247121,89.23101321,AI/ML,Manufacturing,5.766851988,Placed,70858.22431,3,2
6.008714339,1,Tier 2,UK,Top 100,1,67.80816522,51.24855225,Core CS,Tech,6.33285791,Placed,99284.67892,2,3
7.040710161,0,Tier 2,Canada,300+,1,81.18050182,53.81594584,Cloud,Consulting,5.842612645,Placed,93283.81375,2,1
7.138673331,0,Tier 2,India,300+,1,100.0,60.95912881,AI/ML,Other,5.296698656,Placed,52453.76443,2,1
7.195162558,0,Tier 3,USA,300+,1,56.51773997,59.47718369,Cloud,Healthcare,5.049011696,Placed,84801.82195,1,1
6.821438196,1,Tier 3,Germany,300+,1,78.22046088,33.88339894,AI/ML,Other,7.671652656,Placed,89907.40021,1,1
8.191890751,1,Tier 2,Canada,300+,1,63.74729522,60.43394699,Core CS,Tech,4.847424887,Placed,103296.3737,2,1
5.719276817,2,Tier 1,Germany,Top 100,2,83.21471925,61.19447296,Cloud,Healthcare,4.521162071,Placed,92926.48086,3,3
6.33720238,1,Tier 1,UK,100-300,1,75.71858112,67.69039992,Cybersecurity,Manufacturing,4.176178137,Placed,99736.73972,3,2
6.917396192,2,Tier 3,UK,300+,1,54.58297406,48.77073571,Data Science,Healthcare,5.552958737,Placed,78387.02067,1,1
6.859316476,0,Tier 1,Canada,300+,1,75.26349656,73.37251701,Cybersecurity,Healthcare,6.588395068,Placed,86031.98799,3,1
7.016709191,1,Tier 3,USA,300+,0,54.71653475,66.8307849,Data Science,Tech,5.649621392,Placed,114782.1359,1,1
7.184560725,1,Tier 2,India,300+,2,52.68999195,79.11392045,Core CS,Consulting,4.18012708,Placed,44721.76895,2,1
6.745827923,0,Tier 3,Canada,100-300,2,69.29504162,84.00891051,Cybersecurity,Healthcare,4.583678975,Placed,75163.22425,1,2
8.025315036,1,Tier 3,USA,300+,1,59.25216699,75.64651939,Core CS,Finance,5.959343328,Placed,96448.92765,1,1
7.446152849,0,Tier 3,Canada,300+,2,58.84319851,83.8436486,Cloud,Other,4.689820928,Placed,60199.92436,1,1
7.912119231,3,Tier 1,Canada,100-300,3,56.48354214,62.49166803,Data Science,Consulting,9.261882617,Placed,120000.0,3,2
8.264432549,0,Tier 3,India,300+,1,69.41668796,65.04018651,Cloud,Other,3.817576701,Placed,38672.87979,1,1
6.187924647,0,Tier 2,Canada,100-300,0,59.74320906,46.4060563,Core CS,Tech,5.128712242,Placed,99940.50735,2,2
7.3730867,0,Tier 2,UK,300+,2,65.73605186,61.13356834,AI/ML,Tech,4.651685838,Placed,120000.0,2,1
7.789867613,1,Tier 1,USA,100-300,1,57.60831593,64.42230249,Data Science,Consulting,3.248526426,Placed,120000.0,3,2
6.744121981,1,Tier 3,India,100-300,3,86.0712419,45.29217597,Data Science,Healthcare,6.241787051,Placed,42661.49463,1,2
7.121406394,1,Tier 1,Germany,300+,3,75.68754852,60.37049654,AI/ML,Tech,5.932491076,Placed,120000.0,3,1
6.331885679,1,Tier 3,Germany,Top 100,0,64.97387605,61.6769288,Core CS,Consulting,4.601163813,Placed,64672.21527,1,3
8.671630977,2,Tier 1,UK,300+,3,79.59802969,61.07997997,Cybersecurity,Manufacturing,7.55585346,Placed,112751.9466,3,1
7.147792463,2,Tier 2,UK,100-300,0,77.04514575,75.37578241,Core CS,Healthcare,3.329314812,Placed,92234.08387,2,2
8.618884975,0,Tier 1,Germany,100-300,1,65.95483097,60.32161693,Cloud,Finance,5.232060872,Placed,115738.7018,3,2
7.005439876,4,Tier 3,India,Top 100,1,57.13640171,72.30145697,Core CS,Tech,6.490618032,Placed,41836.06066,1,3
8.09827878,1,Tier 3,Germany,300+,1,75.06374555,83.19147179,Cloud,Consulting,7.234222826,Placed,73376.81,1,1
8.226746961,1,Tier 3,India,100-300,1,80.98307347,79.62467474,Core CS,Manufacturing,2.096205442,Placed,38360.08741,1,2
6.786678137,1,Tier 1,India,100-300,1,83.15157923,43.76908179,Cloud,Consulting,6.688946809,Placed,57410.6441,3,2
6.656604464,1,Tier 1,Germany,100-300,1,82.68679221,59.81531981,Cybersecurity,Manufacturing,5.197687178,Placed,107972.8581,3,2
7.369738133,1,Tier 3,UK,100-300,2,68.28584267,75.07961728,AI/ML,Finance,6.931580787,Placed,99581.8677,1,2
8.619447699,1,Tier 1,UK,100-300,2,100.0,68.54998508,Cybersecurity,Finance,7.658258654,Placed,120000.0,3,2
7.151764934,0,Tier 1,USA,100-300,2,84.29322805,53.56555579,Core CS,Manufacturing,4.233062809,Placed,120000.0,3,2
7.340709765,0,Tier 3,USA,300+,1,73.35009093,58.4644435,AI/ML,Manufacturing,4.528971677,Placed,106801.936,1,1
7.015318222,0,Tier 3,India,100-300,0,71.63564833,57.6635944,Cloud,Tech,6.487346526,Placed,33470.50279,1,2
7.390297828,0,Tier 2,India,100-300,2,39.4544597,80.50348601,Cloud,Tech,4.770143035,Placed,50541.79905,2,2
8.443478488,0,Tier 2,Canada,100-300,3,69.32517862,73.7073106,Core CS,Healthcare,7.298946032,Placed,96351.10951,2,2
7.575806354,2,Tier 2,India,Top 100,2,85.42356971,52.7592827,Cloud,Consulting,8.612919036,Placed,48276.13385,2,3
6.234850899,1,Tier 2,Germany,Top 100,2,82.22213079,78.7941946,Cloud,Manufacturing,7.128589835,Placed,82964.19991,2,3
7.377925022,0,Tier 1,UK,Top 100,1,69.57088561,68.64474353,Cloud,Consulting,4.495159297,Placed,117646.9489,3,3
8.187292823,1,Tier 2,Germany,300+,1,100.0,54.57546425,AI/ML,Manufacturing,4.161335153,Placed,101516.4615,2,1
7.284490679,0,Tier 2,UK,100-300,4,83.62914037,74.38134039,Cybersecurity,Other,7.280022987,Placed,89934.44715,2,2
6.749553576,2,Tier 1,Germany,Top 100,0,100.0,49.60834222,Core CS,Tech,5.15724525,Placed,120000.0,3,3
6.999433124,1,Tier 2,UK,300+,4,64.43272238,76.31731987,Cybersecurity,Healthcare,4.182147328,Placed,89700.48766,2,1
7.483612261,1,Tier 2,USA,100-300,0,60.26132713,76.95343018,AI/ML,Tech,4.666843529,Placed,120000.0,2,2
7.70586645,1,Tier 2,UK,300+,1,49.37071101,99.00116316,AI/ML,Healthcare,5.679707634,Placed,105971.0891,2,1
6.623966282,1,Tier 3,India,100-300,0,81.18167231,56.28624171,Cybersecurity,Finance,4.953023733,Placed,39021.14018,1,2
6.947093908,2,Tier 3,Germany,300+,2,67.98276419,60.33772269,AI/ML,Other,4.540048801,Placed,73393.36844,1,1
8.679777431,0,Tier 1,India,300+,1,52.18669479,64.75636712,Data Science,Tech,5.29665633,Placed,67478.50825,3,1
6.713327878,2,Tier 1,India,100-300,0,65.93933695,59.25443006,Cloud,Finance,4.217036145,Placed,59793.58809,3,2
7.595353577,1,Tier 1,Germany,300+,2,74.92394717,92.06446411,AI/ML,Other,4.093202913,Placed,111180.4527,3,1
6.855020661,1,Tier 1,UK,Top 100,3,44.06954653,64.47812299,AI/ML,Finance,4.903379968,Placed,120000.0,3,3
6.480501569,0,Tier 2,Canada,300+,2,54.58136675,65.93031026,Data Science,Healthcare,6.775829743,Placed,104813.4317,2,1
8.057043226,0,Tier 3,Germany,300+,0,72.36143207,58.78045859,Core CS,Finance,4.493898318,Placed,81511.04502,1,1
8.135682404,1,Tier 2,UK,100-300,2,61.68353813,81.38463758,Core CS,Finance,2.718302668,Placed,99712.92183,2,2
7.806010952,2,Tier 2,India,Top 100,1,85.44553975,66.57789788,Data Science,Healthcare,4.855936968,Placed,59989.49675,2,3
7.632500479,1,Tier 1,USA,100-300,2,40.93973288,65.8643353,Cloud,Consulting,3.135839264,Placed,120000.0,3,2
5.423916946,1,Tier 3,UK,100-300,3,62.00994848,77.31866409,Data Science,Consulting,4.888522126,Placed,85349.3315,1,2
7.714077871,2,Tier 3,India,300+,1,77.08856392,62.69100597,AI/ML,Finance,4.480925358,Placed,46643.15283,1,1
6.031062457,1,Tier 3,Germany,300+,1,63.51384382,66.22558464,Core CS,Healthcare,5.063025155,Placed,69324.49008,1,1
7.584611295,1,Tier 3,USA,Top 100,1,76.00289743,69.83471917,Cybersecurity,Manufacturing,6.007001721,Placed,96230.07508,1,3
7.011418454,2,Tier 3,Canada,300+,0,94.88463244,88.25587124,Data Science,Finance,6.784647206,Placed,82958.10921,1,1
6.236848464,3,Tier 1,Germany,100-300,1,100.0,66.46523931,Cybersecurity,Other,7.400639189,Placed,94277.90986,3,2
7.549054766,1,Tier 2,Germany,100-300,1,86.83181472,83.77921368,Cloud,Healthcare,4.31831575,Placed,85549.64544,2,2
7.467530384,2,Tier 3,India,100-300,1,48.02912307,58.42876387,Data Science,Healthcare,5.978878377,Placed,46915.75964,1,2
8.581152468,1,Tier 1,Germany,100-300,1,48.19826282,51.94972991,Cloud,Manufacturing,5.490065473,Placed,105641.4784,3,2
8.29377006,0,Tier 3,USA,300+,1,85.88624349,90.28403492,Core CS,Manufacturing,3.535948345,Placed,92253.36902,1,1
6.280972761,0,Tier 3,USA,300+,4,68.22901791,39.15143363,AI/ML,Consulting,5.696776162,Placed,94955.51782,1,1
5.935749099,3,Tier 3,UK,300+,3,73.23060053,89.74646548,Cybersecurity,Healthcare,6.06698198,Placed,60916.3223,1,1
7.73732009,0,Tier 3,UK,Top 100,1,78.0835655,45.45562985,Cybersecurity,Healthcare,5.336651293,Placed,76445.07543,1,3
8.208923944,0,Tier 3,Canada,300+,2,83.92213657,59.58879503,Cybersecurity,Tech,6.649042137,Placed,74536.51513,1,1
5.998085244,3,Tier 2,Canada,100-300,0,72.73847732,82.19509089,Cybersecurity,Consulting,8.014030309,Placed,81914.97571,2,2
7.290905506,0,Tier 2,Canada,Top 100,5,86.04834003,69.5377931,Cloud,Other,7.414247091,Placed,93163.77786,2,3
7.709509912,1,Tier 3,UK,Top 100,2,71.70110825,83.90459075,Data Science,Finance,5.849663813,Placed,102500.0932,1,3
6.663390565,0,Tier 3,Germany,300+,2,81.99463188,100.0,Cybersecurity,Finance,3.923799579,Placed,64917.89389,1,1
7.159158517,1,Tier 1,Canada,Top 100,0,88.80399503,47.78665737,Data Science,Manufacturing,5.699672444,Placed,119594.6551,3,3
7.349390841,1,Tier 1,Germany,300+,0,66.47314183,86.68586844,Cloud,Manufacturing,5.504880654,Placed,96554.71251,3,1
7.323435804,2,Tier 1,Canada,Top 100,0,90.37225088,78.4145149,Core CS,Manufacturing,4.744140669,Placed,112771.6145,3,3
7.988625753,0,Tier 1,Canada,300+,1,49.9726868,68.63427824,Data Science,Tech,3.720133899,Placed,120000.0,3,1
7.544172884,0,Tier 3,India,100-300,3,88.59047222,73.57792829,AI/ML,Manufacturing,4.91705101,Placed,45392.44873,1,2
7.95400601,2,Tier 2,Germany,Top 100,5,77.37985632,48.79854077,Data Science,Manufacturing,3.05790824,Placed,101750.8651,2,3
7.255721461,2,Tier 2,Germany,100-300,2,78.99280157,41.12602415,Cybersecurity,Other,6.483880817,Placed,88046.11498,2,2
6.934781862,1,Tier 1,USA,Top 100,2,65.90184368,77.82105984,Data Science,Healthcare,4.493503872,Placed,120000.0,3,3
7.278141187,0,Tier 3,Canada,300+,1,78.08152074,33.94704809,Core CS,Healthcare,7.643820301,Placed,71698.39773,1,1
6.459433537,0,Tier 2,Germany,300+,0,59.21472489,71.78932637,Data Science,Finance,5.399695793,Placed,89500.07447,2,1
7.027321934,1,Tier 2,Germany,100-300,3,80.61213359,47.08167069,AI/ML,Other,4.234210303,Placed,99599.27873,2,2
6.130203249,0,Tier 1,USA,100-300,1,69.16332525,72.19410142,Cybersecurity,Consulting,4.85735808,Placed,118606.5387,3,2
6.131339897,1,Tier 3,UK,300+,1,56.99398746,60.34207636,Cybersecurity,Tech,4.10407183,Placed,74267.27979,1,1
7.543498626,0,Tier 3,UK,300+,2,86.59401707,57.01355018,AI/ML,Manufacturing,7.071307943,Placed,91657.75145,1,1
6.080964772,1,Tier 2,Germany,Top 100,3,76.73680852,60.3844057,Core CS,Healthcare,5.194077106,Placed,86184.93136,2,3
7.533050001,0,Tier 1,Germany,300+,1,85.91617159,46.0801605,Data Science,Finance,5.529461083,Placed,115412.8214,3,1
6.457948278,0,Tier 1,USA,100-300,3,70.12286062,41.59120505,Data Science,Tech,5.905185237,Placed,120000.0,3,2
7.955287522,2,Tier 1,India,300+,1,80.91784682,68.17587365,Core CS,Healthcare,6.380074457,Placed,61262.17193,3,1
6.62847659,1,Tier 2,UK,Top 100,0,79.87889902,30.0,Data Science,Finance,5.983036275,Placed,109224.8711,2,3
7.369648715,2,Tier 2,UK,100-300,2,80.04232102,72.55181995,Cybersecurity,Consulting,7.187112956,Placed,83526.07423,2,2
7.626712407,2,Tier 2,India,300+,5,67.29743627,77.18442577,Data Science,Tech,6.050267307,Placed,60644.6967,2,1
8.137895889,0,Tier 2,Canada,300+,5,86.64748253,81.38993704,Data Science,Tech,8.339580481,Placed,117435.8198,2,1
8.391119731,0,Tier 1,Germany,100-300,1,53.21147392,58.06633739,Cybersecurity,Consulting,6.876121311,Placed,103696.8558,3,2
7.783086441,1,Tier 3,India,300+,3,71.23313236,79.6207253,Core CS,Manufacturing,5.239849935,Placed,47528.51018,1,1
7.068254514,0,Tier 3,USA,300+,2,78.85699652,47.6485028,Cloud,Healthcare,6.134924938,Placed,85479.16968,1,1
6.353387423,0,Tier 2,USA,300+,2,55.38541854,48.57173066,Data Science,Healthcare,4.364138106,Placed,115671.942,2,1
6.335644475,0,Tier 1,Germany,300+,3,93.34661454,82.74875802,Cybersecurity,Other,5.635634545,Placed,95137.80705,3,1
7.418011284,0,Tier 3,USA,300+,3,85.51642861,59.65320449,Core CS,Manufacturing,6.24344223,Placed,93916.99188,1,1
7.334718577,1,Tier 3,UK,100-300,2,80.87690908,75.52086372,Cybersecurity,Finance,7.33798077,Placed,82432.90591,1,2
8.121278874,0,Tier 1,Canada,300+,0,76.25172636,43.7855097,Data Science,Finance,2.931746133,Placed,120000.0,3,1
7.520360074,2,Tier 1,India,100-300,3,61.28528878,73.74892828,AI/ML,Finance,3.435082469,Placed,60758.57643,3,2
7.841558094,1,Tier 2,UK,300+,3,48.00713712,60.41936025,Data Science,Consulting,6.336322383,Placed,108237.7854,2,1
6.692822982,2,Tier 1,Canada,100-300,0,77.0569502,78.21691446,Cloud,Consulting,5.061396043,Placed,109535.8879,3,2
7.200160165,0,Tier 3,USA,Top 100,2,73.34003394,51.71068612,Cybersecurity,Healthcare,2.179124797,Placed,89419.89003,1,3
9.487934845,0,Tier 1,India,300+,1,72.91805197,70.05508595,Cybersecurity,Finance,6.348011503,Placed,64495.3198,3,1
7.485378447,0,Tier 3,Germany,300+,1,79.64144396,72.07665666,AI/ML,Tech,5.808189542,Placed,72175.12157,1,1
6.853442705,1,Tier 1,Canada,300+,1,57.34977031,85.98607671,Cloud,Other,1.44285304,Placed,107907.5901,3,1
7.427604519,0,Tier 1,USA,Top 100,3,92.96873107,72.14139792,Data Science,Finance,7.319364491,Placed,120000.0,3,3
7.710124341,0,Tier 3,India,300+,1,69.39349939,59.52582228,Data Science,Tech,4.949083551,Placed,47575.361,1,1
8.436169085,0,Tier 1,USA,100-300,1,67.03405122,41.38144005,Data Science,Other,6.632116837,Placed,120000.0,3,2
7.184056607,1,Tier 2,Canada,100-300,2,73.13780248,62.0765353,Cloud,Consulting,4.101699315,Placed,91046.48323,2,2
7.532739402,1,Tier 3,Canada,300+,1,65.31796285,72.11969003,Data Science,Consulting,6.813757233,Placed,85564.86867,1,1
7.6711524,1,Tier 2,UK,Top 100,0,74.61583649,60.80954669,Data Science,Consulting,6.680489134,Placed,108987.0067,2,3
6.506197451,0,Tier 2,India,100-300,2,68.62002991,34.5012862,Cloud,Healthcare,2.890271693,Placed,51514.96865,2,2
6.553358597,1,Tier 2,Germany,100-300,1,56.30964237,63.60670257,AI/ML,Other,3.556882145,Placed,100693.994,2,2
7.351600984,0,Tier 3,India,100-300,2,63.04954125,96.21118004,Core CS,Consulting,8.52714235,Placed,40293.94302,1,2
8.339593947,0,Tier 2,Canada,300+,1,53.23846239,44.29945833,Data Science,Other,4.327550324,Placed,114502.3137,2,1
6.995523185,0,Tier 2,USA,100-300,1,86.55153095,50.62023969,Cloud,Healthcare,3.95633714,Placed,107979.8667,2,2
7.534993324,2,Tier 2,Germany,100-300,3,76.61935171,66.62724235,Data Science,Healthcare,5.3153924,Placed,98200.28574,2,2
6.126639299,1,Tier 1,Germany,Top 100,2,64.59478098,60.61271568,Data Science,Consulting,3.629100304,Placed,114888.666,3,3
7.556430206,1,Tier 3,Canada,300+,2,75.35654932,48.60409755,Cybersecurity,Tech,7.250815712,Placed,85965.59706,1,1
7.679281689,1,Tier 2,Canada,300+,2,82.13001391,55.20590218,AI/ML,Healthcare,5.067587637,Placed,100810.7622,2,1
6.942720599,0,Tier 2,USA,Top 100,0,73.27256107,72.05828411,Core CS,Consulting,7.43060501,Placed,109265.8168,2,3
5.785701003,4,Tier 3,India,Top 100,3,90.67326584,70.25868731,AI/ML,Finance,7.485638198,Placed,38769.66118,1,3
6.714376639,2,Tier 1,Canada,Top 100,1,86.65161241,62.56713032,Cloud,Manufacturing,4.804450064,Placed,106892.7397,3,3
7.712306531,0,Tier 2,India,100-300,1,84.83847945,82.80852794,Cybersecurity,Consulting,3.550712033,Placed,49214.86935,2,2
7.460164013,0,Tier 2,Germany,Top 100,3,72.8011166,74.71361381,Data Science,Other,5.14643528,Placed,98824.48805,2,3
7.400532577,1,Tier 3,UK,Top 100,2,73.42017153,50.35383427,AI/ML,Manufacturing,8.579612685,Placed,82552.88236,1,3
7.005650527,0,Tier 3,India,Top 100,2,65.81486167,43.53103477,Cybersecurity,Consulting,3.484476206,Placed,37463.55704,1,3
7.559062736,0,Tier 3,Canada,100-300,4,82.05224609,75.596338,Data Science,Consulting,5.044792106,Placed,87402.0999,1,2
7.393615078,2,Tier 2,India,Top 100,0,61.21463398,61.65386103,Cybersecurity,Finance,5.439755827,Placed,60127.79543,2,3
6.579172126,0,Tier 2,UK,Top 100,0,81.66091978,69.77789035,Cybersecurity,Tech,4.674321988,Placed,106959.1811,2,3
7.877722169,0,Tier 3,USA,300+,3,91.98562625,64.14288267,AI/ML,Healthcare,4.689903959,Placed,115584.3408,1,1
6.309779389,0,Tier 2,Canada,300+,3,73.11914752,71.67465901,Cybersecurity,Tech,4.444365248,Placed,88372.70839,2,1
7.55478313,1,Tier 2,USA,300+,1,74.46383024,51.0818849,Core CS,Other,4.976007778,Placed,110491.2936,2,1
6.686389888,3,Tier 3,India,300+,3,89.58920094,100.0,Data Science,Tech,4.414113708,Placed,45059.40666,1,1
7.847949107,3,Tier 1,UK,Top 100,0,56.20502856,51.06539792,Core CS,Other,5.925063082,Placed,120000.0,3,3
7.546855459,2,Tier 1,India,300+,4,97.16152261,69.28861094,Data Science,Finance,5.408149843,Placed,69135.58843,3,1
5.907235431,1,Tier 1,India,300+,4,83.33231973,98.21124408,Data Science,Healthcare,4.634104758,Placed,45329.12661,3,1
6.704578289,1,Tier 2,Canada,100-300,0,86.07326754,81.72109868,AI/ML,Finance,3.464607326,Placed,102039.7984,2,2
7.114710774,1,Tier 1,India,300+,1,60.44527624,86.12713349,AI/ML,Consulting,6.702323065,Placed,53905.23701,3,1
7.326922249,2,Tier 3,India,100-300,0,30.0,76.79956432,Cloud,Finance,3.548232987,Placed,47013.93346,1,2
7.8901507,1,Tier 1,Canada,Top 100,0,63.74497997,46.90513106,Cloud,Tech,4.588626763,Placed,120000.0,3,3
8.226982168,0,Tier 2,USA,Top 100,0,58.54419411,67.51786453,Data Science,Finance,5.661347135,Placed,120000.0,2,3
6.57135883,0,Tier 3,Canada,100-300,2,55.39045259,75.21588814,Core CS,Finance,3.521837924,Placed,73445.60019,1,2
7.988649296,0,Tier 2,Germany,100-300,1,71.16617301,91.36529281,Data Science,Healthcare,3.861025886,Placed,101140.9293,2,2
6.875281458,3,Tier 2,USA,Top 100,2,69.98300085,80.67550636,Cloud,Finance,5.267682044,Placed,111987.3859,2,3
6.561370163,3,Tier 3,Germany,100-300,2,87.66639731,79.47138792,Cloud,Healthcare,5.319299626,Placed,65106.77859,1,2
7.128014581,2,Tier 2,Germany,100-300,0,52.11204067,67.36297292,AI/ML,Finance,3.410128084,Placed,103364.6153,2,2
7.893919053,1,Tier 2,Germany,300+,0,100.0,79.25640866,Cybersecurity,Manufacturing,4.406453246,Placed,84975.76353,2,1
8.158799384,0,Tier 3,Germany,300+,3,76.25219962,83.3166997,Cloud,Tech,4.337178738,Placed,81663.58528,1,1
6.712185083,2,Tier 1,Canada,300+,2,52.38613042,30.0,Cloud,Consulting,6.027104072,Placed,91256.39758,3,1
7.208224405,1,Tier 3,USA,100-300,5,71.89463361,43.70744678,Core CS,Healthcare,5.717585177,Placed,82054.11036,1,2
6.228992859,0,Tier 2,Germany,100-300,0,97.18369608,49.23927124,AI/ML,Finance,5.410638688,Placed,101477.0772,2,2
6.961078119,1,Tier 1,Canada,300+,2,65.466071,66.57200774,Data Science,Finance,2.145652091,Placed,117324.9059,3,1
7.026237596,0,Tier 1,Canada,100-300,2,54.48467165,65.53718042,Data Science,Healthcare,4.084588713,Placed,112806.4237,3,2
6.393203732,1,Tier 2,USA,300+,3,53.69024649,91.58650587,Core CS,Healthcare,6.111168566,Placed,102415.8011,2,1
6.815679429,2,Tier 2,USA,300+,1,67.16240814,59.14155463,Cybersecurity,Finance,4.227889966,Placed,107860.6838,2,1
7.712158729,2,Tier 1,USA,100-300,1,66.79110681,81.74826559,Cloud,Tech,1.200035613,Placed,120000.0,3,2
7.828199468,0,Tier 2,Canada,100-300,0,53.89964106,49.99510174,AI/ML,Manufacturing,6.785470793,Placed,93723.5454,2,2
6.256391312,2,Tier 2,Canada,100-300,1,38.08123016,65.61892274,Core CS,Finance,2.465379212,Placed,80265.55933,2,2
6.479980852,0,Tier 1,Canada,Top 100,2,85.66180608,76.47951438,Cybersecurity,Finance,7.236628915,Placed,113314.2952,3,3
6.933249624,1,Tier 1,Canada,Top 100,0,54.83999976,67.61100862,Cloud,Consulting,5.095517472,Placed,111036.8524,3,3
6.196834102,1,Tier 2,USA,300+,2,72.89212161,63.9456281,AI/ML,Manufacturing,6.246900492,Placed,118612.1949,2,1
7.05547547,2,Tier 3,USA,100-300,0,81.03295375,74.11658014,Cloud,Tech,3.026234602,Placed,100445.5529,1,2
6.562655932,3,Tier 1,UK,Top 100,3,77.48127692,64.39545012,Core CS,Manufacturing,4.515205465,Placed,110893.0015,3,3
6.782675912,0,Tier 3,India,300+,2,73.34985433,84.36955472,AI/ML,Consulting,4.445514942,Placed,38675.60139,1,1
8.338761672,0,Tier 3,India,100-300,3,67.03777151,79.24580029,Cybersecurity,Consulting,6.721403976,Placed,31432.02747,1,2
8.072368841,3,Tier 1,Germany,100-300,1,100.0,56.60236718,Cloud,Healthcare,4.97570379,Placed,116163.6904,3,2
7.663785934,2,Tier 2,Canada,Top 100,3,98.99123912,50.9179605,Cloud,Tech,2.410319587,Placed,100324.4514,2,3
7.655022115,2,Tier 2,India,Top 100,2,57.26042566,87.2587446,Core CS,Healthcare,4.42162603,Placed,55731.41456,2,3
8.230345535,2,Tier 1,India,Top 100,1,67.3105706,83.24481164,Cybersecurity,Finance,6.277936872,Placed,60856.15383,3,3
6.101964155,0,Tier 2,Germany,Top 100,1,85.09918435,47.66968973,Cybersecurity,Consulting,6.888405332,Placed,82191.32802,2,3
6.265997743,1,Tier 1,India,100-300,3,81.66425249,63.41790652,Core CS,Manufacturing,2.899957758,Placed,48172.38996,3,2
7.217196249,2,Tier 2,UK,Top 100,0,55.69502891,69.70753247,Cloud,Tech,4.310652441,Placed,107325.5899,2,3
7.44118102,1,Tier 3,UK,100-300,0,46.23680495,51.48989946,AI/ML,Manufacturing,3.976053124,Placed,91694.3427,1,2
7.272471373,0,Tier 1,Germany,100-300,2,68.32453443,75.12158664,Data Science,Consulting,4.273299921,Placed,108402.6965,3,2
7.312556737,5,Tier 3,India,Top 100,0,72.18715354,88.2576476,AI/ML,Other,6.152444787,Placed,48535.37737,1,3
7.837854165,1,Tier 3,Germany,100-300,3,41.41535743,69.90166754,Cloud,Tech,4.472440407,Placed,88269.31717,1,2
7.935671994,2,Tier 2,UK,300+,2,84.55677239,69.2191337,Cloud,Manufacturing,8.143534999,Placed,97286.82184,2,1
6.816487405,0,Tier 3,USA,300+,2,81.13658133,41.18472166,Cybersecurity,Consulting,4.406032501,Placed,88770.53381,1,1
6.96521844,1,Tier 2,India,100-300,2,60.62046473,49.63815039,Cybersecurity,Other,5.50954564,Placed,45244.622,2,2
5.775113998,3,Tier 2,Germany,Top 100,1,46.01836727,58.23026828,Cloud,Tech,4.489888525,Placed,87244.98236,2,3
7.411403805,2,Tier 2,Germany,100-300,2,73.04694737,88.7151172,AI/ML,Tech,2.81952182,Placed,111027.2206,2,2
7.457645953,0,Tier 3,UK,300+,3,93.47458216,65.90167702,AI/ML,Healthcare,4.679975227,Placed,81275.72306,1,1
6.950247186,1,Tier 3,Canada,300+,3,38.90843488,44.17991268,Cybersecurity,Finance,4.117460517,Placed,72299.91958,1,1
7.899482688,2,Tier 2,Canada,300+,0,99.37996058,49.81365165,Core CS,Other,4.614211792,Placed,82171.95199,2,1
6.732738215,1,Tier 1,Canada,300+,0,98.06905177,83.56677236,Cloud,Tech,7.929178464,Placed,104340.7717,3,1
6.184268529,1,Tier 3,UK,Top 100,4,51.29933122,46.48325363,Cloud,Consulting,4.88747529,Placed,80686.64244,1,3
6.981158279,0,Tier 1,UK,100-300,3,82.48834684,60.00293213,Cybersecurity,Finance,6.222888615,Placed,102194.2461,3,2
6.860516594,0,Tier 3,Canada,300+,1,41.28586461,57.88932933,Cloud,Consulting,3.808679794,Placed,73530.94204,1,1
6.894821923,1,Tier 3,Germany,Top 100,3,73.8957929,95.35028318,Cybersecurity,Healthcare,5.012582119,Placed,81639.79082,1,3
7.660837737,0,Tier 2,USA,Top 100,0,55.84267462,50.62251667,Cloud,Finance,5.955491749,Placed,120000.0,2,3
5.714738319,1,Tier 2,India,100-300,1,76.09186158,33.39707584,Core CS,Tech,7.052325955,Placed,42202.55691,2,2
8.399667123,0,Tier 2,USA,100-300,0,62.25933141,67.31827301,AI/ML,Finance,5.510691121,Placed,120000.0,2,2
8.105163263,0,Tier 3,UK,Top 100,1,64.77180208,89.50474097,Data Science,Finance,6.870154242,Placed,93853.6499,1,3
5.966189844,2,Tier 3,USA,300+,1,66.85472727,72.01208767,Core CS,Healthcare,8.322676914,Placed,76451.21588,1,1
7.235379303,0,Tier 3,USA,300+,3,63.20623396,73.08073308,Cybersecurity,Healthcare,4.804578429,Placed,80208.03309,1,1
6.267046468,1,Tier 2,India,300+,1,59.41108692,79.13944932,Cybersecurity,Manufacturing,6.689093831,Placed,36315.45215,2,1
6.334542233,2,Tier 2,Germany,100-300,2,79.98554221,63.63286539,Data Science,Healthcare,6.553795586,Placed,98042.98357,2,2
7.545641653,0,Tier 3,UK,100-300,0,63.45902648,71.43420259,AI/ML,Manufacturing,6.504025144,Placed,88867.08771,1,2
8.189796924,0,Tier 2,UK,300+,1,66.08304077,56.19952858,Data Science,Tech,6.401455286,Placed,120000.0,2,1
7.399748088,0,Tier 1,USA,300+,1,63.65636545,60.23407087,AI/ML,Tech,5.022385344,Placed,120000.0,3,1
7.377601817,1,Tier 2,USA,100-300,2,80.71910923,74.173653,AI/ML,Healthcare,5.854934929,Placed,119115.9614,2,2
7.060764214,1,Tier 1,Germany,100-300,1,90.39396609,64.63326837,Cloud,Manufacturing,3.197095997,Placed,99060.59752,3,2
7.695324852,0,Tier 1,UK,100-300,1,85.00575686,56.15954713,Core CS,Finance,4.147543032,Placed,114653.6963,3,2
7.70983267,0,Tier 3,UK,100-300,3,76.66572047,84.29890328,Cloud,Manufacturing,7.635101304,Placed,76411.1958,1,2
6.389371117,2,Tier 3,India,300+,1,56.9881675,85.9956477,AI/ML,Tech,3.361604089,Placed,44350.83694,1,1
7.030350268,0,Tier 2,UK,Top 100,4,91.74768449,97.97084718,Core CS,Finance,3.459849295,Placed,99499.77078,2,3
6.832548944,1,Tier 3,Canada,Top 100,0,84.74273573,63.70007062,Data Science,Healthcare,2.168763835,Placed,86787.23426,1,3
7.858382438,1,Tier 1,Germany,300+,1,65.35882361,61.49561817,Cloud,Finance,4.483086955,Placed,107896.4942,3,1
8.891097996,0,Tier 2,USA,100-300,1,100.0,63.8057319,Cloud,Tech,6.562719392,Placed,120000.0,2,2
5.895164317,1,Tier 3,India,100-300,1,79.34063245,64.56300315,Core CS,Consulting,5.429665586,Placed,35893.70057,1,2
7.243054876,0,Tier 3,USA,300+,1,72.79191591,67.09162337,Data Science,Finance,5.774920964,Placed,113626.1589,1,1
7.577250004,0,Tier 2,USA,300+,2,38.7575308,52.37226546,Data Science,Tech,5.404487497,Placed,120000.0,2,1
8.162608531,0,Tier 2,India,100-300,1,76.36233167,61.26231154,Cybersecurity,Manufacturing,7.301996399,Placed,42069.35807,2,2
7.554334898,0,Tier 3,Germany,Top 100,1,40.24673445,75.33096466,Core CS,Consulting,5.43155764,Placed,73132.63832,1,3
6.515311343,0,Tier 2,Canada,Top 100,3,65.14676592,41.87291846,Data Science,Consulting,3.398388907,Placed,106800.0667,2,3
8.375502325,1,Tier 3,USA,100-300,2,86.7045805,44.30971269,Cloud,Tech,4.237392005,Placed,108180.0391,1,2
8.594012283,1,Tier 1,India,100-300,1,54.48812347,34.53080172,Core CS,Consulting,2.600896933,Placed,61610.66975,3,2
6.560354291,1,Tier 1,USA,300+,2,68.62875626,100.0,Cybersecurity,Other,3.182135713,Placed,120000.0,3,1
6.963671026,0,Tier 3,India,100-300,3,79.9986631,58.72374469,AI/ML,Manufacturing,6.29500155,Placed,50647.69738,1,2
6.988929803,0,Tier 1,Germany,Top 100,2,90.070402,85.35467967,Cybersecurity,Other,8.331495488,Placed,109636.0428,3,3
8.154905603,1,Tier 2,UK,300+,2,53.99481261,65.63868401,Core CS,Consulting,7.665725423,Placed,94510.573,2,1
5.994794485,2,Tier 2,USA,100-300,3,90.92508422,98.91999892,Cloud,Healthcare,5.04702182,Placed,115540.2936,2,2
7.650564149,0,Tier 2,India,Top 100,2,58.89122414,67.97037782,Data Science,Tech,5.809757475,Placed,59731.09537,2,3
6.776191865,0,Tier 2,USA,300+,1,67.46176933,72.86697352,Cybersecurity,Manufacturing,4.322733383,Placed,107808.8906,2,1
7.632297517,1,Tier 1,USA,100-300,2,68.29694347,78.63217214,AI/ML,Tech,5.46319205,Placed,120000.0,3,2
7.272041036,0,Tier 2,UK,Top 100,2,100.0,48.9359023,Cloud,Manufacturing,7.246413506,Placed,101410.8238,2,3
7.774547728,1,Tier 3,India,100-300,1,69.35463443,50.50043937,Cybersecurity,Consulting,5.454536424,Placed,42455.26196,1,2
6.734953293,1,Tier 3,UK,100-300,0,66.54678072,87.60389743,AI/ML,Tech,6.793415191,Placed,92555.04257,1,2
6.510210612,0,Tier 3,USA,300+,2,68.84121445,64.07553143,Cloud,Finance,6.47059885,Placed,76966.92221,1,1
6.131879579,0,Tier 2,Canada,300+,2,94.6666078,37.23878606,Cloud,Manufacturing,5.352784964,Placed,92508.54372,2,1
6.339671576,1,Tier 2,Canada,100-300,1,70.65811024,65.32716459,AI/ML,Finance,3.892693465,Placed,110877.0028,2,2
9.35927554,0,Tier 3,USA,100-300,1,57.1203048,85.74668198,Cybersecurity,Manufacturing,6.511095325,Placed,107943.8428,1,2
7.995743665,0,Tier 2,Germany,100-300,1,50.7304405,57.65890971,Cloud,Other,5.527461637,Placed,82435.21111,2,2
7.385492849,2,Tier 1,Germany,Top 100,1,80.23714252,100.0,Data Science,Finance,5.944412383,Placed,120000.0,3,3
7.437811838,0,Tier 1,Canada,100-300,1,76.9217383,61.01805364,Cloud,Tech,7.40054236,Placed,117415.3142,3,2
7.439107068,0,Tier 3,USA,100-300,4,64.57256431,68.84660004,Data Science,Finance,3.984152173,Placed,107223.6406,1,2
6.899636592,1,Tier 3,Germany,300+,2,64.08811392,68.62708475,Cybersecurity,Manufacturing,4.077446277,Placed,62792.43768,1,1
7.068714405,3,Tier 3,Germany,100-300,3,67.41417798,58.38515821,Data Science,Consulting,4.418356588,Placed,87337.33273,1,2
6.816160296,1,Tier 3,India,100-300,2,35.36989638,62.22532219,Core CS,Consulting,5.917856312,Placed,39025.06052,1,2
6.318874853,1,Tier 3,UK,100-300,1,77.6840516,54.84257232,Data Science,Tech,6.00085172,Placed,91941.67027,1,2
7.737441202,2,Tier 2,India,Top 100,3,31.25770034,61.74571663,Cybersecurity,Healthcare,4.547153146,Placed,51955.25862,2,3
7.38615031,0,Tier 3,USA,100-300,1,87.01022971,85.22397334,Cybersecurity,Healthcare,7.150835638,Placed,91246.62732,1,2
7.485480475,2,Tier 2,Canada,Top 100,1,53.93938676,61.51479233,Core CS,Consulting,6.145045343,Placed,99701.35402,2,3
8.645234852,1,Tier 2,Canada,300+,2,86.63039428,69.49480901,Data Science,Other,9.434217747,Placed,98097.26015,2,1
7.378905661,1,Tier 1,UK,100-300,0,65.66667262,82.27393305,AI/ML,Finance,7.772405712,Placed,120000.0,3,2
7.444410117,0,Tier 1,USA,Top 100,1,80.57427504,84.78128289,Core CS,Finance,4.254586454,Placed,120000.0,3,3
6.763928069,0,Tier 1,Canada,300+,2,70.95265928,35.31489189,Cybersecurity,Tech,5.766101265,Placed,111512.9272,3,1
7.734763555,0,Tier 3,UK,100-300,1,33.4729377,80.27351893,Data Science,Consulting,8.310397556,Placed,82902.49103,1,2
6.003426099,2,Tier 2,Germany,300+,3,77.86021702,85.47113967,AI/ML,Tech,7.012332443,Placed,91827.09159,2,1
7.043947289,2,Tier 3,USA,100-300,1,69.1005453,84.77147732,Cybersecurity,Consulting,6.03488408,Placed,90070.57971,1,2
6.432336116,0,Tier 3,Germany,100-300,0,72.54997852,84.21625436,Cloud,Manufacturing,3.323261244,Placed,65556.24244,1,2
6.82638636,0,Tier 2,UK,100-300,0,74.74440376,100.0,Core CS,Tech,6.535416744,Placed,102439.8343,2,2
6.753213769,1,Tier 2,USA,100-300,0,56.32549639,76.11432518,Cloud,Other,4.057355617,Placed,100287.555,2,2
8.941373189,0,Tier 2,Germany,100-300,0,85.58196655,53.26405666,Data Science,Tech,7.87157243,Placed,118254.288,2,2
7.34636786,0,Tier 3,Germany,100-300,2,61.23736128,61.86749762,Data Science,Other,5.721355081,Placed,81110.64896,1,2
6.548180797,1,Tier 3,USA,100-300,3,48.16919628,84.41897941,Core CS,Manufacturing,6.318755722,Placed,79060.07902,1,2
5.496060492,2,Tier 1,UK,300+,2,80.55188552,81.10652096,AI/ML,Other,2.132831181,Placed,107711.537,3,1
6.305365814,0,Tier 2,UK,Top 100,4,81.77226945,84.11375807,AI/ML,Tech,3.697440938,Placed,117411.1004,2,3
7.002700405,1,Tier 3,Canada,300+,1,64.61470522,79.14745449,Data Science,Tech,5.957465791,Placed,87208.41271,1,1
7.262256938,0,Tier 1,USA,300+,1,59.34280195,62.63858674,Cybersecurity,Other,2.641987166,Placed,120000.0,3,1
7.739416112,0,Tier 3,USA,100-300,4,77.91183225,56.7765213,Data Science,Finance,5.722715433,Placed,112359.0848,1,2
6.259660299,1,Tier 2,India,Top 100,1,45.51275688,37.96562184,Data Science,Tech,6.217122486,Placed,55567.18386,2,3
7.520908993,0,Tier 1,Germany,300+,0,71.5444521,82.21159788,Core CS,Other,7.337974683,Placed,101650.952,3,1
7.686760893,0,Tier 3,Canada,300+,0,81.15606355,86.3890104,AI/ML,Tech,3.339304113,Placed,95378.70345,1,1
9.096634473,0,Tier 2,India,Top 100,1,42.6502785,77.58428831,Cloud,Healthcare,4.637845916,Placed,56941.86393,2,3
8.171341791,0,Tier 2,USA,300+,2,50.4753671,72.88290989,Data Science,Other,4.804649651,Placed,120000.0,2,1
7.797487019,3,Tier 2,India,Top 100,1,66.22798287,46.0893538,Data Science,Healthcare,6.629722055,Placed,56901.90438,2,3
7.224509124,0,Tier 2,Canada,100-300,2,57.00451367,59.52371454,Cybersecurity,Consulting,4.207833032,Placed,89557.8027,2,2
8.406896387,0,Tier 1,Canada,100-300,3,74.53032408,62.63317716,AI/ML,Finance,3.576093008,Placed,120000.0,3,2
7.877175387,2,Tier 3,India,300+,2,73.61685093,46.07740819,Core CS,Healthcare,4.573824311,Placed,35135.37667,1,1
6.83761549,0,Tier 3,UK,100-300,1,69.47864778,71.85350673,AI/ML,Manufacturing,4.547813224,Placed,92974.53877,1,2
7.989950508,1,Tier 3,UK,Top 100,2,69.22763035,80.18054668,Cloud,Consulting,4.581839676,Placed,80627.36622,1,3
6.965741295,0,Tier 2,Germany,100-300,2,55.00962202,73.59466782,Core CS,Finance,6.000406157,Placed,91209.56782,2,2
6.514639764,0,Tier 2,USA,100-300,4,73.4658762,66.53484292,Core CS,Finance,2.448775881,Placed,111012.4039,2,2
7.960063165,2,Tier 2,Canada,100-300,0,87.57513105,42.93630881,AI/ML,Finance,5.239061331,Placed,116426.5719,2,2
6.606478042,1,Tier 3,India,Top 100,1,84.11214444,50.85764366,Cloud,Manufacturing,2.379206497,Placed,24320.52971,1,3
6.491710089,0,Tier 1,Canada,Top 100,1,81.40196754,58.3553996,AI/ML,Finance,4.241010542,Placed,120000.0,3,3
6.516204268,1,Tier 3,UK,100-300,2,83.63617122,78.94486019,Data Science,Manufacturing,3.574839167,Placed,83621.7337,1,2
7.717652958,2,Tier 1,Germany,300+,2,66.7116025,58.29425401,Cybersecurity,Healthcare,5.779290806,Placed,104488.6953,3,1
8.019900033,0,Tier 3,Germany,300+,0,53.74763651,67.9956777,Cybersecurity,Consulting,10.0,Placed,72816.19411,1,1
6.838806773,0,Tier 2,UK,100-300,3,58.19225487,82.26008074,Cybersecurity,Finance,8.487167287,Placed,100784.4888,2,2
6.994782948,1,Tier 2,UK,100-300,2,71.6220839,53.4589759,Data Science,Consulting,3.154082725,Placed,101366.0399,2,2
6.412660961,2,Tier 3,USA,100-300,2,66.37310587,65.08308362,Cloud,Manufacturing,4.75372016,Placed,76092.68063,1,2
7.065596445,0,Tier 1,USA,300+,2,79.91813684,74.12499419,Cybersecurity,Consulting,5.254430198,Placed,116147.2038,3,1
7.365824324,0,Tier 3,Germany,100-300,4,83.1392174,30.0,Data Science,Consulting,3.964627212,Placed,78935.69878,1,2
7.63124535,2,Tier 1,Germany,100-300,0,52.52674177,81.48938127,AI/ML,Consulting,5.99785405,Placed,115411.546,3,2
7.067061302,1,Tier 2,India,100-300,1,63.64495305,85.38360103,Data Science,Other,6.427300225,Placed,55930.42692,2,2
7.327810237,4,Tier 2,Canada,Top 100,2,67.48339828,72.4894209,Cloud,Tech,6.999384897,Placed,109334.8137,2,3
6.311129672,1,Tier 1,Canada,300+,4,66.45550853,61.83835558,Cybersecurity,Consulting,4.83551806,Placed,101151.8488,3,1
8.122695976,0,Tier 1,India,100-300,3,91.21203463,62.51296112,AI/ML,Healthcare,6.759222184,Placed,63995.98524,3,2
7.558322618,1,Tier 2,Canada,300+,1,48.17619486,68.76310886,Cloud,Tech,4.905462881,Placed,97230.91055,2,1
6.616405626,1,Tier 2,India,100-300,2,54.39031475,67.28515939,AI/ML,Tech,6.198191321,Placed,60116.87765,2,2
7.237260436,1,Tier 2,UK,100-300,2,77.37547584,67.49195408,Cybersecurity,Manufacturing,5.689985192,Placed,100537.8778,2,2
7.370547836,0,Tier 2,India,100-300,1,81.50329634,66.81016873,Cybersecurity,Tech,5.178066521,Placed,57288.61044,2,2
7.157833813,2,Tier 2,India,100-300,2,85.35826402,35.4581646,Data Science,Healthcare,5.825305587,Placed,58995.45673,2,2
7.249046939,0,Tier 1,USA,100-300,0,55.24647166,70.75721821,AI/ML,Other,7.971233131,Placed,120000.0,3,2
8.3599659,0,Tier 1,Canada,300+,2,82.36428727,50.86429768,Core CS,Finance,7.066737473,Placed,120000.0,3,1
7.152508473,1,Tier 2,UK,300+,2,76.35902363,89.33186304,AI/ML,Healthcare,4.218993403,Placed,108157.0211,2,1
6.372190473,1,Tier 3,UK,Top 100,1,57.24262865,56.78946444,AI/ML,Healthcare,4.621990915,Placed,79265.17714,1,3
7.721821739,1,Tier 2,UK,Top 100,1,58.98631928,45.45145612,Data Science,Finance,5.978892371,Placed,120000.0,2,3
6.273795056,2,Tier 2,Germany,100-300,3,68.05163949,72.02578205,AI/ML,Finance,1.0,Placed,93705.55066,2,2
8.215427139,0,Tier 3,Germany,300+,3,42.86133889,68.09831548,Core CS,Tech,5.111323486,Placed,75078.15715,1,1
7.824464468,1,Tier 2,UK,Top 100,5,76.35271661,62.91879097,Cybersecurity,Consulting,6.840259118,Placed,101478.251,2,3
6.473732357,2,Tier 2,UK,100-300,2,65.6527788,64.83441239,AI/ML,Manufacturing,6.528833421,Placed,102998.6396,2,2
6.12645288,0,Tier 2,USA,100-300,1,60.5855188,46.20091124,AI/ML,Other,7.659423871,Placed,116513.9872,2,2
7.712198001,0,Tier 1,USA,100-300,4,65.93303131,75.53657335,Cybersecurity,Finance,4.358582949,Placed,120000.0,3,2
6.283944126,1,Tier 3,Germany,100-300,0,91.24968045,47.90340769,Cybersecurity,Tech,1.835843789,Placed,72248.56777,1,2
7.477782575,1,Tier 1,UK,100-300,2,59.68062653,77.37426891,Data Science,Consulting,6.465650946,Placed,120000.0,3,2
7.370565034,1,Tier 3,Germany,100-300,2,59.36458273,80.56051217,Data Science,Finance,4.972428238,Placed,87104.09094,1,2
7.44183995,2,Tier 2,UK,100-300,3,100.0,73.77707278,Cloud,Healthcare,5.831800756,Placed,94694.81731,2,2
7.208353811,0,Tier 2,India,300+,0,73.76798504,80.69180264,Data Science,Tech,5.103167319,Placed,60599.16533,2,1
7.07627536,0,Tier 2,UK,Top 100,2,52.2281842,53.73238324,AI/ML,Manufacturing,4.008191371,Placed,105980.255,2,3
6.789241427,1,Tier 1,USA,300+,0,87.15740151,79.52695087,Cybersecurity,Consulting,7.061103128,Placed,120000.0,3,1
7.54331422,1,Tier 3,USA,100-300,4,81.1151369,59.16968345,Cybersecurity,Healthcare,5.035467138,Placed,92090.69713,1,2
6.7583636,0,Tier 1,India,300+,1,49.83777877,58.44311343,Cybersecurity,Tech,4.578965626,Placed,74432.33245,3,1
7.585496563,2,Tier 3,Canada,Top 100,2,55.67500463,74.21372992,Cybersecurity,Consulting,4.474476602,Placed,73614.14526,1,3
7.268046423,2,Tier 2,UK,300+,3,63.45616538,63.56245314,AI/ML,Tech,4.95690868,Placed,120000.0,2,1
7.252924766,0,Tier 3,India,Top 100,1,49.79112284,72.78666278,Data Science,Other,7.666578453,Placed,42022.8505,1,3
5.771542301,4,Tier 1,Germany,100-300,1,53.14328561,78.66485883,Cybersecurity,Other,4.518978597,Placed,98108.47097,3,2
7.489975035,0,Tier 1,Canada,300+,2,64.61459604,78.05139211,Cloud,Finance,3.900734777,Placed,112337.3429,3,1
6.804735621,0,Tier 2,UK,100-300,0,86.7919783,69.71979731,AI/ML,Other,6.881727618,Placed,97624.71832,2,2
6.892402572,1,Tier 2,India,100-300,2,80.57828724,83.0062313,Data Science,Other,3.931172068,Placed,51409.7259,2,2
7.267087973,1,Tier 2,Canada,Top 100,5,51.65276703,53.89283467,Cloud,Manufacturing,5.631122262,Placed,98244.2534,2,3
8.145093425,1,Tier 2,USA,100-300,0,52.89059354,57.9980917,Core CS,Tech,5.933902757,Placed,120000.0,2,2
7.865413382,1,Tier 2,UK,Top 100,1,61.12147147,56.51328464,AI/ML,Other,9.20756603,Placed,120000.0,2,3
7.497655992,0,Tier 1,Canada,300+,1,50.88178311,49.37054451,Data Science,Other,4.255809276,Placed,120000.0,3,1
8.063146656,0,Tier 3,India,100-300,0,79.11474943,63.61178281,Cloud,Other,4.680488658,Placed,45673.4696,1,2
7.309446817,1,Tier 2,USA,300+,2,48.85871688,60.12413496,AI/ML,Manufacturing,6.785515974,Placed,120000.0,2,1
7.87278434,1,Tier 1,USA,300+,3,79.05133148,52.50016524,Data Science,Manufacturing,4.235089982,Placed,120000.0,3,1
8.609816357,0,Tier 2,Canada,Top 100,2,57.88792745,49.98499227,AI/ML,Finance,5.192223747,Placed,120000.0,2,3
7.836070779,2,Tier 3,USA,300+,4,60.03441175,63.20415272,Cybersecurity,Manufacturing,6.140332019,Placed,90831.59877,1,1
7.115910266,0,Tier 3,UK,300+,1,67.76853528,61.49206012,Core CS,Tech,2.746191957,Placed,81370.12079,1,1
8.250730687,0,Tier 1,UK,100-300,3,62.50982464,71.98715521,Core CS,Other,3.219549611,Placed,113610.6906,3,2
8.22589418,0,Tier 2,India,100-300,0,30.0,33.02193308,Data Science,Finance,4.400495215,Placed,58647.41254,2,2
7.294119434,0,Tier 2,UK,Top 100,2,74.73981874,71.06675332,AI/ML,Consulting,6.32767194,Placed,115305.2161,2,3
7.500406413,1,Tier 3,Canada,Top 100,3,66.99119122,78.63192753,AI/ML,Tech,1.73852988,Placed,98293.82309,1,3
7.708185186,1,Tier 1,Germany,300+,2,72.87808527,51.45354732,Core CS,Consulting,5.403419749,Placed,89468.2641,3,1
7.098838157,1,Tier 1,Canada,Top 100,5,66.51918285,77.23565057,Cloud,Tech,2.656566845,Placed,120000.0,3,3
6.15287393,0,Tier 1,India,100-300,4,51.51357284,96.24338661,Core CS,Healthcare,4.721335332,Placed,49676.78975,3,2
8.185330722,0,Tier 1,USA,100-300,2,67.35907558,53.78269688,Cloud,Other,4.901268655,Placed,120000.0,3,2
8.570069752,0,Tier 2,USA,300+,1,95.70128572,62.45285472,Cybersecurity,Healthcare,4.141980293,Placed,114395.9055,2,1
7.002956537,0,Tier 2,USA,300+,1,67.10218678,62.22841806,Cybersecurity,Healthcare,6.445867616,Placed,101660.365,2,1
7.809170428,2,Tier 3,Canada,100-300,1,67.68187803,66.46879561,Data Science,Finance,4.95458312,Placed,87246.34739,1,2
8.073180732,0,Tier 1,USA,Top 100,2,74.66532516,57.66735911,Data Science,Finance,5.65812458,Placed,120000.0,3,3
6.406012614,1,Tier 1,Germany,300+,0,91.53115783,55.00152973,AI/ML,Consulting,5.839338837,Placed,114880.9539,3,1
7.984699611,3,Tier 2,India,100-300,1,94.51817671,56.19900466,Cybersecurity,Consulting,5.465131071,Placed,51227.55861,2,2
8.348011423,1,Tier 1,Germany,Top 100,2,75.90972581,69.53621561,Data Science,Consulting,4.057002655,Placed,120000.0,3,3
8.589648889,0,Tier 2,Canada,Top 100,1,73.19108294,83.96930993,Cloud,Manufacturing,4.560989,Placed,99328.3065,2,3
6.575223282,0,Tier 2,USA,100-300,1,65.96487338,59.12561478,Cloud,Manufacturing,5.5725625,Placed,103031.0266,2,2
6.731889775,3,Tier 1,India,100-300,1,67.02997175,51.285348,Cybersecurity,Tech,3.952543158,Placed,61781.46419,3,2
7.3318924,2,Tier 1,Canada,Top 100,2,65.18181526,90.08014976,Data Science,Healthcare,9.008220939,Placed,117919.8542,3,3
7.370630824,0,Tier 3,USA,Top 100,2,61.02004713,46.98847693,Data Science,Consulting,5.319544997,Placed,110664.1977,1,3
6.762714033,0,Tier 3,USA,Top 100,1,99.83235713,86.50848182,AI/ML,Tech,6.173189991,Placed,109726.7835,1,3
7.193057548,1,Tier 3,Germany,300+,1,79.87064271,40.60975974,Data Science,Healthcare,6.883186436,Placed,75447.84126,1,1
6.079188733,0,Tier 1,Canada,100-300,2,46.66907908,81.10403137,Cybersecurity,Other,4.213585082,Placed,103628.4551,3,2
7.309058654,0,Tier 2,Germany,100-300,1,97.49030395,68.7852459,Cybersecurity,Tech,6.287469656,Placed,96605.10622,2,2
6.836423023,0,Tier 1,Germany,100-300,0,78.94304829,73.37700954,Cybersecurity,Healthcare,4.542414909,Placed,101903.4403,3,2
8.404380559,0,Tier 1,Canada,Top 100,2,84.22759538,64.25024709,Cloud,Tech,5.947121,Placed,120000.0,3,3
8.25841578,0,Tier 2,India,Top 100,4,90.50173059,31.44749478,Cybersecurity,Finance,3.444957324,Placed,52765.87313,2,3
6.627355545,2,Tier 2,USA,300+,1,92.75322279,79.98904272,Cloud,Finance,4.485827959,Placed,102573.0348,2,1
6.940841948,2,Tier 2,India,Top 100,0,57.0131361,56.75966866,Cloud,Finance,4.816636798,Placed,51547.76679,2,3
6.638672419,3,Tier 2,Germany,100-300,2,89.04590177,81.19319308,Core CS,Tech,3.588626736,Placed,95377.99699,2,2
6.095507732,4,Tier 3,Canada,Top 100,2,97.4664691,87.82122295,Core CS,Finance,4.589464366,Placed,75195.4806,1,3
7.498168979,1,Tier 3,Canada,Top 100,0,59.99643831,63.638461,Data Science,Manufacturing,9.836997591,Placed,95757.32261,1,3
7.503623667,0,Tier 2,Canada,300+,0,95.12232386,66.99494959,Cybersecurity,Consulting,4.866750498,Placed,86941.02836,2,1
6.356547392,1,Tier 2,UK,100-300,0,58.99205639,58.54841424,Cloud,Tech,3.893813018,Placed,96814.72768,2,2
7.716284345,1,Tier 3,UK,Top 100,1,50.69965816,57.53105419,Data Science,Other,5.38203794,Placed,88474.90306,1,3
7.20253219,0,Tier 3,UK,Top 100,2,82.40328608,54.48991896,Core CS,Finance,4.466973216,Placed,78766.5719,1,3
7.65627521,1,Tier 2,USA,100-300,1,63.09162067,66.22253899,AI/ML,Manufacturing,5.098809158,Placed,120000.0,2,2
6.973109948,0,Tier 1,Canada,300+,0,75.87829407,88.78164683,Cloud,Consulting,5.285783123,Placed,95105.63449,3,1
7.36379273,1,Tier 3,UK,100-300,1,75.14696292,58.70177274,Cybersecurity,Tech,6.699598616,Placed,84696.61671,1,2
6.842826733,1,Tier 3,Germany,300+,2,100.0,81.71414059,Core CS,Other,3.231915188,Placed,66501.60957,1,1
6.85858067,0,Tier 2,UK,100-300,1,60.77969363,80.47328342,Data Science,Healthcare,4.037987395,Placed,108359.0976,2,2
6.607077002,1,Tier 3,Germany,100-300,2,68.38913244,30.0,AI/ML,Tech,7.135513145,Placed,90488.78275,1,2
6.772099605,0,Tier 1,Canada,100-300,2,45.38932641,66.70771618,AI/ML,Manufacturing,5.344424793,Placed,120000.0,3,2
6.795056198,0,Tier 2,India,100-300,0,76.90610362,69.89985999,Cloud,Consulting,2.613672346,Placed,56500.34332,2,2
6.806802043,1,Tier 1,Canada,100-300,2,76.21846589,70.45407179,Core CS,Consulting,5.432087244,Placed,104102.4926,3,2
6.95058864,1,Tier 2,UK,100-300,2,62.02401561,91.93887314,AI/ML,Tech,4.617000625,Placed,120000.0,2,2
6.480187819,1,Tier 3,Canada,300+,1,65.79822595,62.93663543,Data Science,Healthcare,5.362602624,Placed,66417.65773,1,1
6.037439316,1,Tier 2,Germany,100-300,2,54.71651301,100.0,Core CS,Manufacturing,7.57362738,Placed,81723.90563,2,2
6.16636447,0,Tier 2,USA,300+,1,60.46752404,71.90012562,Cloud,Manufacturing,4.79900276,Placed,97664.86787,2,1
6.718462946,0,Tier 2,Germany,100-300,1,96.98201261,43.75671444,Core CS,Healthcare,5.44899148,Placed,85065.8282,2,2
6.384003147,1,Tier 3,India,Top 100,0,72.69559054,59.6164344,Core CS,Healthcare,4.385973611,Placed,39497.36906,1,3
6.635103338,0,Tier 1,UK,300+,2,66.86552736,83.1549686,Cybersecurity,Other,5.04349608,Placed,107979.8135,3,1
7.476023573,1,Tier 1,Germany,100-300,2,54.92853334,56.30478379,Data Science,Other,5.444926601,Placed,120000.0,3,2
6.554061558,1,Tier 2,Canada,Top 100,2,70.20603422,69.96321808,Cybersecurity,Other,5.340521961,Placed,90526.43804,2,3
6.258641353,1,Tier 1,Germany,100-300,4,47.43524191,88.48870551,Cybersecurity,Tech,4.352070659,Placed,99500.63175,3,2
6.321257093,0,Tier 2,USA,100-300,0,52.19728129,55.64593485,Core CS,Other,3.948990213,Placed,106539.4496,2,2
7.458502251,1,Tier 3,Canada,300+,2,30.0,54.32377544,Data Science,Healthcare,5.504863027,Placed,77051.72852,1,1
5.571306806,1,Tier 1,USA,100-300,3,67.90987345,62.86385041,AI/ML,Manufacturing,3.188967432,Placed,120000.0,3,2
7.240885871,1,Tier 3,USA,Top 100,2,61.1768762,60.16851877,Cloud,Healthcare,8.017787405,Placed,95367.95595,1,3
7.27984002,3,Tier 3,Germany,Top 100,2,91.61097506,65.40063049,Cybersecurity,Consulting,2.647340155,Placed,74150.90614,1,3
5.579002933,2,Tier 3,India,100-300,5,54.72721837,82.28231415,Core CS,Finance,5.159178136,Placed,31499.7577,1,2
6.333555154,1,Tier 2,USA,100-300,3,63.43743671,92.20744785,AI/ML,Tech,3.831274397,Placed,120000.0,2,2
7.73231222,2,Tier 2,Germany,300+,2,65.45259882,76.4638023,AI/ML,Finance,6.626954507,Placed,104236.3459,2,1
6.56036778,3,Tier 2,India,Top 100,2,74.37325401,62.51639215,Core CS,Consulting,3.144960096,Placed,45703.85727,2,3
6.743005787,0,Tier 2,Canada,Top 100,1,42.89950351,96.43841166,Data Science,Finance,5.990774604,Placed,106726.0433,2,3
8.466045635,0,Tier 2,USA,100-300,1,81.47654971,65.0481188,Data Science,Consulting,6.596755136,Placed,120000.0,2,2
7.65132141,1,Tier 1,India,100-300,5,78.4556041,66.31732135,Cloud,Healthcare,5.060014048,Placed,56573.13417,3,2
7.385653382,1,Tier 3,Germany,300+,2,54.06052769,85.87414394,AI/ML,Consulting,5.518380079,Placed,84272.61743,1,1
7.315037839,3,Tier 3,India,Top 100,4,75.89798878,77.48459801,Cybersecurity,Finance,4.705121907,Placed,44973.70709,1,3
5.457861937,1,Tier 1,Germany,Top 100,3,75.52325743,85.44715485,AI/ML,Tech,4.84941216,Placed,111962.4906,3,3
6.776893285,2,Tier 2,Germany,300+,1,86.86340278,75.53041624,Data Science,Finance,6.488479064,Placed,88922.00718,2,1
7.676126377,1,Tier 1,USA,300+,2,87.22074058,77.90986838,Data Science,Manufacturing,5.890432187,Placed,120000.0,3,1
8.363284413,2,Tier 3,Canada,300+,5,48.26734067,43.89292423,Core CS,Consulting,5.059676766,Placed,81665.52863,1,1
7.997513372,0,Tier 1,India,Top 100,1,58.93785994,55.33423286,Cybersecurity,Tech,5.271047636,Placed,69067.79691,3,3
5.636902731,1,Tier 2,India,300+,2,58.2121917,56.85069601,Data Science,Manufacturing,5.249603092,Placed,43263.3663,2,1
6.260427209,0,Tier 1,Canada,Top 100,1,73.15940139,67.29154081,Cybersecurity,Other,5.558886794,Placed,111236.4056,3,3
8.250311015,1,Tier 2,UK,300+,0,80.92926389,63.05053664,AI/ML,Healthcare,6.053541293,Placed,113487.7746,2,1
6.780805535,1,Tier 1,Canada,300+,1,69.35370447,67.18468694,Cybersecurity,Manufacturing,5.47153663,Placed,105490.4623,3,1
6.805292816,0,Tier 2,USA,300+,0,57.81271644,58.86481496,AI/ML,Consulting,5.161936909,Placed,120000.0,2,1
8.523309272,0,Tier 3,Germany,100-300,1,64.01342207,71.33256593,AI/ML,Consulting,6.224659416,Placed,84825.73559,1,2
8.300767132,0,Tier 2,Canada,100-300,3,30.0,44.11201378,Data Science,Consulting,2.796243703,Placed,109996.0118,2,2
8.775024187,0,Tier 2,Canada,300+,1,81.16119486,78.79530245,Data Science,Manufacturing,4.48780842,Placed,108249.093,2,1
6.872763832,0,Tier 1,India,Top 100,0,80.62127208,63.31594427,Data Science,Healthcare,4.068938736,Placed,74732.32682,3,3
7.236499591,0,Tier 3,India,300+,4,85.52781978,81.25311874,Cloud,Tech,8.618631165,Placed,42760.21522,1,1
8.181547541,0,Tier 1,Germany,100-300,2,75.51894908,64.52577607,Data Science,Finance,7.401076864,Placed,120000.0,3,2
7.173420451,1,Tier 1,Canada,100-300,1,88.96312261,51.17649927,Data Science,Healthcare,5.562718806,Placed,120000.0,3,2
6.561384964,1,Tier 3,UK,100-300,0,48.32215509,74.84691329,Data Science,Healthcare,5.085843114,Placed,78459.5626,1,2
7.666667129,0,Tier 2,Germany,300+,2,87.41682412,73.78446074,AI/ML,Healthcare,4.552751407,Placed,93787.18118,2,1
6.116109766,1,Tier 1,India,100-300,2,48.3074051,53.3251768,Cybersecurity,Other,5.975428835,Placed,51522.27808,3,2
7.176433142,0,Tier 3,UK,100-300,2,71.71977006,86.47219704,Cloud,Manufacturing,3.836253157,Placed,67452.77243,1,2
7.974367322,0,Tier 3,Germany,300+,2,42.00811995,74.21078061,Data Science,Manufacturing,5.137957249,Placed,78849.11099,1,1
6.589442908,1,Tier 2,India,100-300,3,81.22143695,63.69719542,Cloud,Consulting,4.441609243,Placed,46285.93234,2,2
6.8155803,0,Tier 3,USA,100-300,3,84.88304733,63.79010339,AI/ML,Finance,6.148767113,Placed,104313.095,1,2
7.943780167,4,Tier 2,Germany,Top 100,3,84.1004051,90.63042644,Cloud,Tech,2.672768781,Placed,104134.6665,2,3
7.155286105,0,Tier 1,USA,Top 100,2,83.28801312,85.05108003,Core CS,Finance,2.221038044,Placed,120000.0,3,3
6.11816628,0,Tier 2,India,300+,3,34.86897084,51.67588892,AI/ML,Healthcare,5.267766306,Placed,43017.92972,2,1
7.545087608,0,Tier 3,UK,Top 100,1,73.53326263,65.96647077,AI/ML,Consulting,7.348825849,Placed,93769.16981,1,3
7.326885846,0,Tier 1,USA,100-300,2,67.39203946,76.71487894,Data Science,Healthcare,6.706098391,Placed,120000.0,3,2
6.753753223,0,Tier 3,UK,Top 100,1,81.32831292,66.95308024,Cybersecurity,Healthcare,2.817642366,Placed,73261.04587,1,3
6.329131361,1,Tier 2,UK,300+,3,86.1417088,66.44273517,Cloud,Other,4.773710955,Placed,83009.28144,2,1
6.290655262,0,Tier 2,Germany,300+,3,76.95481108,83.83705439,Data Science,Tech,3.471788549,Placed,102232.1944,2,1
7.983184402,1,Tier 3,Canada,100-300,2,46.44268539,76.32931129,Data Science,Manufacturing,2.756885917,Placed,80826.95312,1,2
7.366709363,0,Tier 2,Germany,300+,1,80.18178985,48.64838666,Core CS,Tech,5.829522566,Placed,88282.74193,2,1
6.465776355,1,Tier 1,USA,300+,1,69.09195318,60.84520381,AI/ML,Manufacturing,6.863510485,Placed,120000.0,3,1
7.233754183,2,Tier 1,Germany,300+,1,64.25758163,64.70766445,AI/ML,Healthcare,6.024652616,Placed,116174.7934,3,1
6.850136785,2,Tier 2,Canada,100-300,2,49.9838781,70.29181489,Data Science,Consulting,2.607005569,Placed,98228.61594,2,2
7.366149269,3,Tier 3,India,300+,0,100.0,61.31118352,Data Science,Other,6.240419442,Placed,39175.30885,1,1
6.600215859,1,Tier 2,Canada,Top 100,2,88.72004794,67.86919832,Cloud,Healthcare,8.235655915,Placed,87856.67399,2,3
6.579001715,0,Tier 3,UK,100-300,1,80.36973573,55.18769735,Core CS,Healthcare,6.535203093,Placed,80840.51056,1,2
8.110670223,0,Tier 3,India,300+,2,62.16887731,59.80821505,AI/ML,Healthcare,4.169171963,Placed,54622.22458,1,1
7.306391188,0,Tier 3,India,100-300,0,76.42232001,75.46234418,Cybersecurity,Finance,6.202991598,Placed,41416.79884,1,2
7.113005712,0,Tier 3,UK,300+,2,49.89716794,73.47312395,Cloud,Tech,2.011271027,Placed,68645.63023,1,1
7.614565773,1,Tier 3,USA,Top 100,0,74.84125549,80.99785848,AI/ML,Healthcare,5.894793306,Placed,113577.4766,1,3
7.172317204,0,Tier 1,India,100-300,2,86.46811805,68.77809527,Cloud,Healthcare,6.38714931,Placed,49828.31511,3,2
10.0,0,Tier 3,India,100-300,1,91.732061,86.94317803,AI/ML,Tech,6.346177703,Placed,58404.70049,1,2
8.37975732,0,Tier 3,Germany,Top 100,0,75.85594481,47.32483854,Cloud,Finance,3.990232872,Placed,74718.39174,1,3
7.229863124,0,Tier 2,USA,300+,2,52.19415827,58.05643016,Cybersecurity,Finance,3.631637767,Placed,105768.9541,2,1
6.963590204,0,Tier 2,USA,100-300,1,78.40748512,71.73768212,AI/ML,Other,4.178192562,Placed,120000.0,2,2
6.544133657,1,Tier 2,USA,Top 100,2,80.92912255,83.78075978,Cloud,Consulting,1.200595892,Placed,111028.8192,2,3
5.786261043,1,Tier 2,Canada,100-300,0,85.26279366,72.44742821,Cloud,Finance,6.248585881,Placed,73961.0341,2,2
7.600463334,1,Tier 2,UK,300+,0,76.04991982,70.75136275,Cybersecurity,Healthcare,5.80095654,Placed,88201.16928,2,1
6.667044476,0,Tier 1,UK,300+,2,78.33643275,80.90697155,Data Science,Tech,3.333574973,Placed,120000.0,3,1
6.639989714,0,Tier 1,USA,Top 100,1,69.79907269,78.83861726,AI/ML,Finance,5.247931875,Placed,120000.0,3,3
8.005719373,0,Tier 2,UK,100-300,2,94.17611163,91.80978313,Cybersecurity,Tech,6.068260964,Placed,102197.7341,2,2
7.286762895,1,Tier 1,Canada,300+,2,67.07630098,72.25664013,Data Science,Healthcare,4.102219864,Placed,116811.8047,3,1
7.60633748,1,Tier 2,USA,100-300,2,82.20098104,62.71136366,AI/ML,Healthcare,4.632380808,Placed,120000.0,2,2
7.548406191,3,Tier 2,Canada,300+,3,57.94744469,89.26391641,Core CS,Tech,5.364945216,Placed,101930.3456,2,1
8.478887067,0,Tier 1,UK,300+,5,59.31378468,89.71618564,Data Science,Tech,6.580286475,Placed,120000.0,3,1
7.534923844,0,Tier 1,Germany,300+,4,78.75372462,61.01655022,Core CS,Manufacturing,6.267356542,Placed,99531.02538,3,1
6.42493409,0,Tier 1,India,100-300,2,63.39337024,45.45321662,Core CS,Manufacturing,4.62063024,Placed,56292.54709,3,2
6.844242163,0,Tier 3,USA,100-300,2,59.72981045,62.26251158,Data Science,Healthcare,4.688735146,Placed,104305.7388,1,2
6.948649458,2,Tier 2,UK,300+,1,74.58566531,84.68464658,Cybersecurity,Other,4.817317267,Placed,86314.95774,2,1
7.073401988,1,Tier 1,India,100-300,1,91.05348506,30.0,Core CS,Finance,7.435826449,Placed,53621.37963,3,2
7.201792317,0,Tier 2,USA,Top 100,1,68.06762071,74.24867197,Data Science,Manufacturing,6.309552283,Placed,120000.0,2,3
6.907016766,0,Tier 2,Germany,300+,3,63.49109767,83.22695474,Cloud,Finance,6.751079074,Placed,90618.85041,2,1
8.262494446,0,Tier 3,USA,Top 100,2,75.28542274,46.2145526,Cybersecurity,Manufacturing,5.75735589,Placed,102869.6965,1,3
7.788359748,4,Tier 1,Germany,100-300,1,79.73043784,49.17715148,Core CS,Finance,8.780784615,Placed,108250.108,3,2
7.695323674,1,Tier 2,Canada,100-300,0,69.15429848,54.36916059,Core CS,Finance,5.939692185,Placed,93169.58448,2,2
7.764240447,2,Tier 2,India,Top 100,0,65.11048622,53.37597544,Data Science,Finance,2.822026849,Placed,64758.31416,2,3
7.700837434,0,Tier 3,USA,Top 100,5,71.744593,62.04382444,Core CS,Tech,6.958933858,Placed,103504.408,1,3
6.816361076,0,Tier 1,USA,300+,0,74.59210248,58.84877497,Data Science,Consulting,5.215148032,Placed,120000.0,3,1
6.686023115,0,Tier 2,Germany,100-300,2,64.31557379,71.32163034,Cybersecurity,Finance,3.59954306,Placed,87515.15863,2,2
7.797256408,1,Tier 3,UK,300+,1,81.31926796,45.97509421,AI/ML,Tech,8.52982634,Placed,100078.9186,1,1
6.626803697,0,Tier 1,India,100-300,0,65.77695437,62.45892015,Cybersecurity,Manufacturing,5.114130683,Placed,50242.76348,3,2
7.512383836,1,Tier 2,Canada,100-300,2,66.59451613,53.57065384,Cloud,Tech,5.285161038,Placed,107827.3531,2,2
6.847597515,2,Tier 2,Germany,300+,2,80.73906574,67.62394644,Cybersecurity,Tech,4.807773163,Placed,84163.96894,2,1
7.259245623,0,Tier 1,Canada,100-300,1,78.82519341,56.99400806,AI/ML,Other,3.325656268,Placed,120000.0,3,2
6.850483073,3,Tier 1,Germany,Top 100,3,68.85112328,44.07323881,Core CS,Finance,1.615796764,Placed,103646.0562,3,3
7.964795613,0,Tier 2,India,300+,1,100.0,52.47212048,Core CS,Other,6.183439739,Placed,54219.09415,2,1
7.621925882,2,Tier 2,Germany,100-300,1,81.08896828,33.68911529,Cybersecurity,Tech,6.227209899,Placed,90360.31801,2,2
8.216804982,0,Tier 1,USA,300+,0,76.96633407,59.76894874,Core CS,Tech,7.05938801,Placed,120000.0,3,1
8.397890558,0,Tier 3,UK,100-300,0,63.37757455,93.08497263,Cybersecurity,Manufacturing,7.821554478,Placed,90798.43401,1,2
7.745753251,2,Tier 1,USA,Top 100,3,90.13046212,68.97844195,Cloud,Finance,2.730175112,Placed,120000.0,3,3
6.81075577,3,Tier 2,USA,300+,1,100.0,67.62775685,Cybersecurity,Healthcare,5.749146701,Placed,107508.131,2,1
7.908496118,1,Tier 2,Canada,300+,0,61.4437609,69.91071045,Cybersecurity,Finance,5.640235887,Placed,98675.56024,2,1
6.11496519,0,Tier 3,Canada,300+,1,77.62866085,61.59494908,Data Science,Tech,5.97085382,Placed,81373.55343,1,1
6.513128221,2,Tier 3,India,100-300,0,86.12392992,65.9431766,Cybersecurity,Manufacturing,4.442490975,Placed,34375.71645,1,2
6.576817834,1,Tier 2,UK,Top 100,5,47.86482187,58.28051822,Core CS,Manufacturing,6.446266672,Placed,96036.92347,2,3
7.282003975,0,Tier 2,USA,Top 100,2,66.23094173,51.034788,AI/ML,Other,2.523674661,Placed,120000.0,2,3
6.543718907,1,Tier 2,India,300+,3,71.53599277,66.64803878,AI/ML,Tech,3.564195088,Placed,58899.14661,2,1
5.54351736,2,Tier 3,Canada,300+,4,91.80082237,83.39889772,Core CS,Other,5.520940982,Placed,55888.04284,1,1
8.589820799,0,Tier 1,USA,300+,2,82.77389691,67.36962585,Cloud,Consulting,6.392940115,Placed,120000.0,3,1
7.729090178,1,Tier 3,Canada,100-300,1,76.96012014,56.59639309,AI/ML,Healthcare,8.417384896,Placed,84422.6588,1,2
7.084603033,1,Tier 2,India,Top 100,0,90.78005047,92.18003091,AI/ML,Tech,4.059578984,Placed,64628.49647,2,3
8.010965342,4,Tier 1,India,300+,1,56.25791155,85.04529239,Cybersecurity,Manufacturing,7.225561457,Placed,53253.51266,3,1
6.322947218,0,Tier 1,Germany,300+,3,68.61640675,74.16802614,Data Science,Manufacturing,3.661292057,Placed,112034.793,3,1
7.434783503,0,Tier 1,Germany,300+,1,69.56030748,50.36947708,Data Science,Manufacturing,5.656449917,Placed,118272.3439,3,1
7.211216065,1,Tier 1,India,Top 100,2,70.37561829,83.48682858,Data Science,Consulting,5.595528487,Placed,65672.2791,3,3
8.0178828,0,Tier 2,Germany,Top 100,1,76.90836394,94.38407795,Cloud,Consulting,3.64179347,Placed,87882.97885,2,3
7.585993682,0,Tier 2,Germany,Top 100,3,56.11438946,100.0,AI/ML,Tech,4.361895272,Placed,120000.0,2,3
7.23097893,5,Tier 3,UK,100-300,5,36.57608566,65.20840252,AI/ML,Finance,3.659376024,Placed,93631.84599,1,2
5.676090051,3,Tier 2,UK,300+,2,76.06511233,81.32844994,Cybersecurity,Tech,3.650048008,Placed,90474.87866,2,1
6.09583702,0,Tier 3,Canada,100-300,0,95.60525309,72.56138032,Cloud,Other,5.604947617,Placed,69615.99203,1,2
8.92934134,0,Tier 1,India,Top 100,1,93.7206614,90.91929147,AI/ML,Other,6.062459425,Placed,66606.65049,3,3
8.213115244,1,Tier 1,USA,300+,0,67.59802535,64.79601862,Core CS,Other,7.920109653,Placed,120000.0,3,1
7.057629489,0,Tier 2,UK,100-300,1,85.28243828,62.53129512,Cloud,Finance,7.651352576,Placed,95963.89155,2,2
6.830232824,0,Tier 1,USA,100-300,0,100.0,66.41884353,AI/ML,Manufacturing,2.680678841,Placed,120000.0,3,2
7.206202032,1,Tier 2,Germany,100-300,3,78.22434838,100.0,Data Science,Manufacturing,4.382249464,Placed,99787.24941,2,2
6.00659154,0,Tier 2,USA,Top 100,2,77.46517886,81.99869114,Core CS,Tech,3.550311881,Placed,107513.5526,2,3
7.267341134,1,Tier 1,India,100-300,1,73.572829,55.4514932,Data Science,Tech,4.442014564,Placed,60177.07541,3,2
6.311691991,2,Tier 1,Canada,100-300,3,84.25456451,89.46254968,Data Science,Finance,5.831547213,Placed,112952.6291,3,2
8.510150126,0,Tier 3,Canada,300+,0,77.85284509,57.3254711,AI/ML,Manufacturing,6.586078245,Placed,84268.48198,1,1
7.388829032,1,Tier 2,Canada,300+,1,44.45533922,60.24100842,Cloud,Consulting,7.07370083,Placed,86784.87748,2,1
7.866152843,1,Tier 1,UK,100-300,1,85.06599874,96.54216625,Cybersecurity,Manufacturing,5.726925326,Placed,106529.6256,3,2
6.623100279,2,Tier 2,Canada,300+,1,97.68824903,86.9488224,Cloud,Finance,6.097259741,Placed,81496.6585,2,1
6.925091049,0,Tier 1,Germany,100-300,1,71.26476979,76.75720907,Core CS,Tech,5.907808536,Placed,110196.4189,3,2
8.060637318,0,Tier 1,UK,100-300,0,71.27241141,81.91347836,AI/ML,Manufacturing,4.342164239,Placed,120000.0,3,2
6.533120539,1,Tier 2,UK,Top 100,3,60.82669069,51.35818508,Core CS,Tech,6.916945827,Placed,99369.46679,2,3
7.830703081,1,Tier 2,India,Top 100,1,92.91331116,61.17149086,Cybersecurity,Finance,5.0218303,Placed,58663.68623,2,3
6.639072913,3,Tier 1,UK,100-300,2,81.64938755,59.46601507,AI/ML,Finance,4.615396548,Placed,120000.0,3,2
7.44139264,0,Tier 2,Canada,300+,2,90.18951851,76.42323562,Cybersecurity,Other,4.006068135,Placed,80146.50001,2,1
7.9602094,1,Tier 2,Canada,Top 100,1,63.70497778,81.17618969,Cloud,Finance,6.808874206,Placed,102632.8455,2,3
6.62947091,0,Tier 1,Canada,100-300,2,73.47372045,81.20499894,Data Science,Other,6.527059532,Placed,119847.6838,3,2
7.923120587,2,Tier 3,USA,100-300,0,87.33719886,48.41417785,Cybersecurity,Finance,7.189024207,Placed,102281.1085,1,2
6.68918338,2,Tier 2,USA,300+,4,49.43786608,94.43538658,Data Science,Tech,5.065121653,Placed,120000.0,2,1
7.152339112,0,Tier 2,India,100-300,0,66.36419068,64.87827777,Cloud,Healthcare,5.798886292,Placed,49145.94035,2,2
5.009338117,1,Tier 3,Canada,100-300,1,66.87144484,88.60737905,Data Science,Tech,5.212406633,Placed,81221.13604,1,2
6.47340127,2,Tier 2,Canada,Top 100,1,85.6946458,68.49701272,Cybersecurity,Tech,4.332049273,Placed,100428.0296,2,3
7.36280697,0,Tier 2,Canada,100-300,0,45.23689451,56.07472096,AI/ML,Healthcare,5.191150428,Placed,108650.9699,2,2
7.047187377,1,Tier 3,India,300+,1,93.9595114,78.63180856,Core CS,Tech,5.613008832,Placed,39819.35753,1,1
7.357498001,1,Tier 3,Canada,100-300,3,64.1674018,79.08662793,Cybersecurity,Consulting,8.372577781,Placed,70311.21469,1,2
6.725960639,1,Tier 2,Canada,300+,1,59.94311953,47.66028422,Data Science,Tech,2.66709754,Placed,106345.8964,2,1
6.229813948,0,Tier 1,UK,Top 100,2,100.0,89.38426851,Cybersecurity,Healthcare,4.778215594,Placed,106285.7009,3,3
6.834710976,0,Tier 2,Canada,100-300,1,86.36452421,60.18213209,Cybersecurity,Tech,5.65184491,Placed,95877.84213,2,2
7.488172936,0,Tier 1,USA,100-300,2,47.7066412,60.41750347,Cybersecurity,Healthcare,5.212826511,Placed,120000.0,3,2
7.179373123,2,Tier 3,USA,300+,1,88.92735627,56.34949539,Core CS,Other,5.547759929,Placed,91814.43939,1,1
7.571687833,1,Tier 1,Germany,100-300,4,53.84950216,45.47161617,Cloud,Consulting,5.535648953,Placed,104639.8278,3,2
7.927259252,1,Tier 3,UK,300+,0,66.1181075,72.54741222,AI/ML,Tech,5.993712993,Placed,103569.3879,1,1
7.340391947,0,Tier 3,Canada,100-300,3,74.54850938,88.98079633,Data Science,Other,6.363376395,Placed,80089.91518,1,2
7.957797539,0,Tier 1,India,300+,1,87.14100243,71.74171231,Cloud,Finance,3.584086216,Placed,61297.4723,3,1
6.769161043,0,Tier 2,Germany,300+,2,76.61083392,61.36058323,Data Science,Finance,4.025263893,Placed,96991.78546,2,1
8.387949261,0,Tier 1,India,100-300,1,77.03242218,76.29934549,Core CS,Manufacturing,4.540612716,Placed,59676.80389,3,2
6.555562576,1,Tier 2,Canada,Top 100,1,56.43349714,74.88112994,Core CS,Healthcare,4.459878211,Placed,92686.18874,2,3
6.038280379,1,Tier 3,USA,300+,3,81.5500152,76.93653941,AI/ML,Tech,2.045544709,Placed,106363.3449,1,1
7.253962609,0,Tier 3,India,100-300,1,56.26174189,72.02196408,AI/ML,Other,5.790713665,Placed,41588.99851,1,2
6.925290513,1,Tier 2,USA,300+,1,57.61411142,57.80203164,Cybersecurity,Consulting,5.820514018,Placed,101712.881,2,1
6.57653431,0,Tier 3,UK,300+,2,73.63438847,66.68254195,Data Science,Healthcare,5.667037969,Placed,83982.49172,1,1
7.257274569,0,Tier 2,UK,300+,2,71.09348207,74.65122639,Core CS,Finance,5.043743073,Placed,80133.28206,2,1
8.403946457,2,Tier 2,UK,Top 100,5,63.5424048,54.74233178,Cloud,Other,5.894947083,Placed,107899.2564,2,3
7.180211294,0,Tier 1,Canada,100-300,2,72.4513122,52.38142563,Cloud,Manufacturing,7.17261857,Placed,107382.4738,3,2
5.984535603,2,Tier 2,Germany,300+,1,61.26178786,69.70769765,Cloud,Tech,4.798520388,Placed,86073.03697,2,1
8.362011727,1,Tier 2,UK,300+,2,69.4170166,80.21606627,Data Science,Tech,6.702247184,Placed,120000.0,2,1
8.305485519,0,Tier 2,Canada,100-300,3,93.28116637,100.0,Core CS,Tech,5.488133487,Placed,96428.29768,2,2
6.413573604,0,Tier 1,UK,300+,4,59.32197096,32.98802404,Core CS,Healthcare,6.797869334,Placed,101232.9883,3,1
8.454449538,0,Tier 2,Germany,Top 100,3,61.6489548,53.46380945,Core CS,Finance,5.710738661,Placed,101575.6996,2,3
7.620124395,1,Tier 1,Germany,Top 100,1,42.13575165,64.93694417,Cloud,Tech,4.421348073,Placed,119659.0329,3,3
7.442432069,0,Tier 1,USA,100-300,3,72.07576191,99.71898153,Core CS,Other,6.529597618,Placed,120000.0,3,2
7.960425327,1,Tier 1,UK,Top 100,1,74.47720985,61.48042412,Cloud,Finance,4.577339698,Placed,120000.0,3,3
6.851323398,1,Tier 1,USA,300+,1,87.61287063,68.52817081,Data Science,Manufacturing,3.98436541,Placed,120000.0,3,1
6.954729209,1,Tier 2,USA,Top 100,3,58.00230729,85.30032659,AI/ML,Other,4.443966042,Placed,120000.0,2,3
7.975176632,0,Tier 1,USA,300+,1,96.48947648,67.79847121,Cybersecurity,Manufacturing,1.314559316,Placed,120000.0,3,1
5.439118509,1,Tier 1,India,100-300,1,53.35473725,44.24121739,Data Science,Healthcare,6.414025779,Placed,64256.65564,3,2
7.114870349,1,Tier 2,Germany,300+,1,95.8034618,64.0079057,Core CS,Finance,2.860982399,Placed,85078.25976,2,1
5.54561662,2,Tier 2,USA,300+,3,70.94595908,64.50844891,Cloud,Other,6.27527761,Placed,96266.74533,2,1
7.607769836,0,Tier 1,Germany,100-300,0,50.43434825,83.1752227,Core CS,Finance,6.94179496,Placed,110305.9881,3,2
6.924433028,1,Tier 1,India,300+,2,58.85892071,77.60146991,Data Science,Tech,5.86551081,Placed,74002.18805,3,1
6.308893632,0,Tier 2,India,300+,1,89.60128319,77.73060728,Data Science,Consulting,4.669424483,Placed,49204.96694,2,1
8.023571945,0,Tier 2,UK,300+,2,57.7729141,68.49789602,Core CS,Manufacturing,7.749048103,Placed,92008.2237,2,1
7.833379731,1,Tier 1,India,Top 100,2,62.64838957,52.39231585,AI/ML,Consulting,8.674179645,Placed,64812.49807,3,3
6.434485946,1,Tier 1,USA,300+,1,59.91833848,67.29408507,Cloud,Healthcare,8.121089288,Placed,120000.0,3,1
7.684444527,0,Tier 3,Germany,300+,0,73.55228024,79.56641259,Core CS,Other,5.607848942,Placed,74025.93062,1,1
8.319584715,0,Tier 1,Germany,300+,1,57.291814,52.20933454,Cybersecurity,Consulting,4.328440538,Placed,101569.8369,3,1
7.289133854,0,Tier 2,USA,100-300,0,51.22288294,82.31321392,Cloud,Tech,1.876917246,Placed,116867.3502,2,2
7.457912249,3,Tier 2,USA,Top 100,3,51.67534975,45.25658329,Data Science,Healthcare,2.968007963,Placed,120000.0,2,3
7.36048273,2,Tier 2,USA,300+,3,67.28129551,83.69782472,Core CS,Other,1.152198302,Placed,112120.3707,2,1
5.504146928,2,Tier 2,Canada,100-300,5,75.05824088,54.31181203,AI/ML,Tech,5.514515384,Placed,109795.6475,2,2
6.070572925,0,Tier 3,Germany,100-300,2,70.92324081,84.80625523,AI/ML,Consulting,5.818230183,Placed,76039.89622,1,2
6.773488883,0,Tier 1,UK,100-300,2,78.72348777,54.78343985,AI/ML,Finance,6.297654892,Placed,120000.0,3,2
6.759312202,1,Tier 2,UK,100-300,2,55.57665967,75.15896299,Core CS,Manufacturing,3.3279351,Placed,93161.25534,2,2
6.032418452,0,Tier 1,UK,Top 100,0,70.10098733,66.1098504,Core CS,Consulting,5.419400213,Placed,96373.32995,3,3
7.311182983,1,Tier 2,Canada,100-300,1,56.25322959,65.79368152,Cloud,Manufacturing,5.057594884,Placed,96149.20126,2,2
6.844584694,0,Tier 1,India,Top 100,2,85.39754168,68.19968906,Data Science,Consulting,4.350208714,Placed,68805.85295,3,3
7.838965701,0,Tier 3,USA,Top 100,1,81.47205208,59.24574753,Core CS,Healthcare,2.611144209,Placed,97977.71071,1,3
8.32432569,0,Tier 2,Germany,300+,4,75.55858435,94.67106213,Core CS,Tech,4.121889129,Placed,98981.36974,2,1
6.510266466,0,Tier 3,Canada,300+,1,72.66735349,81.8533672,AI/ML,Consulting,6.107651525,Placed,79287.86307,1,1
7.392966132,2,Tier 3,Germany,100-300,3,86.09310557,68.17660283,Cloud,Healthcare,4.064816693,Placed,81555.51714,1,2
6.888482239,0,Tier 3,Canada,100-300,1,70.59655107,76.35945772,Cloud,Tech,6.680257793,Placed,70171.20187,1,2
7.591722521,1,Tier 3,Canada,Top 100,0,73.21500302,73.32470727,Data Science,Consulting,5.433616598,Placed,87325.85291,1,3
7.058144419,2,Tier 2,Canada,100-300,2,58.56433331,84.27135367,Cloud,Healthcare,3.700528069,Placed,89086.48146,2,2
6.928612677,0,Tier 2,USA,300+,4,100.0,59.23387518,Cybersecurity,Manufacturing,6.226987176,Placed,110256.6291,2,1
6.969943484,2,Tier 1,Canada,Top 100,1,34.21723845,66.99931127,Cloud,Manufacturing,4.483846478,Placed,110420.3134,3,3
8.195950582,3,Tier 1,UK,Top 100,1,66.71799435,77.60676034,Cloud,Other,3.094748761,Placed,118103.9471,3,3
7.033060506,0,Tier 2,India,300+,2,63.75708215,65.28871676,Core CS,Consulting,4.179888614,Placed,40736.25626,2,1
7.354401704,1,Tier 3,USA,300+,3,51.98118357,100.0,AI/ML,Tech,5.679881776,Placed,111606.3278,1,1
7.761239816,1,Tier 1,Germany,Top 100,3,70.85567695,83.89957731,AI/ML,Other,4.247172051,Placed,120000.0,3,3
7.378777519,0,Tier 2,Canada,100-300,4,83.08090222,66.89109218,Data Science,Consulting,3.76074803,Placed,114611.8207,2,2
7.67741662,0,Tier 3,UK,Top 100,1,61.51707415,95.59748506,Cybersecurity,Healthcare,3.621426632,Placed,82869.39582,1,3
6.92072456,1,Tier 2,India,Top 100,0,48.0171413,81.67906162,Core CS,Consulting,7.105227738,Placed,44293.39167,2,3
6.517743475,2,Tier 1,UK,100-300,2,63.6336146,60.86535531,AI/ML,Finance,7.393027028,Placed,120000.0,3,2
7.345810361,2,Tier 1,USA,300+,1,49.60641506,62.55959304,Data Science,Manufacturing,4.799866741,Placed,120000.0,3,1
7.37603535,1,Tier 1,India,Top 100,0,68.99314392,55.74619604,AI/ML,Consulting,4.926515595,Placed,67131.41751,3,3
6.433899284,2,Tier 1,India,100-300,0,76.96547676,77.29897492,Core CS,Tech,5.969333178,Placed,54928.26868,3,2
6.430260909,0,Tier 2,Canada,Top 100,1,64.14191635,67.75973287,Core CS,Finance,2.936095175,Placed,89864.99246,2,3
6.282686218,0,Tier 1,USA,Top 100,3,79.67050225,69.9460017,Core CS,Manufacturing,3.752472498,Placed,120000.0,3,3
7.673586956,1,Tier 1,Germany,Top 100,0,64.11704712,48.03827964,Cybersecurity,Healthcare,7.25131436,Placed,112899.7367,3,3
6.70463424,0,Tier 2,USA,Top 100,2,90.39164723,84.12763187,Core CS,Tech,4.16812658,Placed,120000.0,2,3
6.700142355,2,Tier 2,Canada,100-300,4,73.20491603,93.39148347,AI/ML,Manufacturing,3.860978143,Placed,96043.46941,2,2
5.694979348,3,Tier 3,Canada,100-300,4,74.51243659,58.56802066,AI/ML,Finance,7.158029816,Placed,86947.52119,1,2
8.062912663,0,Tier 2,UK,300+,3,81.81039497,68.21786028,Core CS,Consulting,2.751180826,Placed,97759.41202,2,1
6.514797289,1,Tier 3,Canada,300+,2,47.24691737,80.4697164,Core CS,Finance,7.604254044,Placed,59754.38703,1,1
7.364723356,0,Tier 2,USA,300+,1,90.04200719,63.85612766,Data Science,Tech,4.55962355,Placed,120000.0,2,1
6.076509865,1,Tier 2,USA,300+,1,84.83772134,96.78553222,AI/ML,Consulting,5.921076293,Placed,119685.6814,2,1
5.598536955,1,Tier 3,Germany,300+,4,69.1562755,69.83081599,Core CS,Manufacturing,4.162939727,Placed,62483.47347,1,1
7.126442792,0,Tier 3,Germany,100-300,1,81.99651671,40.51519757,Data Science,Manufacturing,5.649065752,Placed,83206.89277,1,2
6.922701064,2,Tier 3,UK,100-300,2,68.29116991,68.92579495,Core CS,Tech,4.589749469,Placed,92306.09827,1,2
6.667226458,1,Tier 3,Canada,100-300,5,68.8248247,66.84929312,Cloud,Finance,3.767108851,Placed,61822.81129,1,2
7.486596953,1,Tier 2,USA,300+,2,43.74324372,52.29154237,Core CS,Other,4.430130274,Placed,110671.3458,2,1
6.198226385,1,Tier 2,Canada,100-300,1,72.29433463,49.10723112,Cloud,Other,3.725120736,Placed,79854.51058,2,2
5.826571848,2,Tier 1,USA,300+,4,92.42776165,65.42766523,Cloud,Consulting,6.580617027,Placed,120000.0,3,1
6.598878282,0,Tier 1,Germany,100-300,1,47.2439347,81.1205911,Core CS,Other,4.254606571,Placed,96263.12686,3,2
7.780249967,2,Tier 3,USA,100-300,1,79.36815233,64.90912987,AI/ML,Healthcare,5.179425362,Placed,108068.6069,1,2
7.412502471,0,Tier 1,India,Top 100,0,75.35266949,42.01683072,Core CS,Healthcare,4.315533841,Placed,50093.85173,3,3
7.78273769,2,Tier 1,USA,300+,1,48.99202646,59.46941134,AI/ML,Finance,2.927172988,Placed,120000.0,3,1
7.417714037,3,Tier 2,UK,300+,2,69.83533303,58.04194416,Cloud,Tech,4.251008071,Placed,95082.13461,2,1
6.117064137,1,Tier 1,USA,100-300,2,82.35946287,88.51262943,Core CS,Manufacturing,4.730478278,Placed,119204.8765,3,2
6.375840697,1,Tier 1,UK,300+,1,67.89655322,72.84549095,Cloud,Other,7.524630879,Placed,108327.9494,3,1
8.064459923,1,Tier 1,Germany,100-300,2,60.44213143,84.36620645,AI/ML,Healthcare,4.383348765,Placed,120000.0,3,2
7.714958152,1,Tier 3,Canada,Top 100,0,67.76944837,76.19364609,AI/ML,Manufacturing,6.547639434,Placed,88814.58205,1,3
8.825321469,0,Tier 2,UK,300+,1,88.12022552,54.48351185,AI/ML,Healthcare,4.735075884,Placed,106999.0694,2,1
5.771967802,2,Tier 2,Germany,100-300,2,51.28888085,80.00266455,Core CS,Manufacturing,5.64560914,Placed,77754.19981,2,2
7.570169623,3,Tier 1,USA,100-300,4,64.42767052,36.23779915,Core CS,Finance,5.082831414,Placed,120000.0,3,2
6.702144758,1,Tier 3,UK,300+,0,78.25266499,64.44044883,Data Science,Consulting,4.488618792,Placed,80327.65419,1,1
7.148140429,0,Tier 1,Germany,100-300,1,70.85887779,92.51595703,Cybersecurity,Tech,3.484514067,Placed,107382.0049,3,2
8.023092651,0,Tier 2,USA,Top 100,3,72.59386824,58.40382015,Data Science,Healthcare,4.983249021,Placed,120000.0,2,3
7.720318871,2,Tier 3,Germany,100-300,3,54.84003961,80.11567174,Cybersecurity,Manufacturing,5.211147322,Placed,71051.6448,1,2
7.360980255,1,Tier 2,UK,300+,1,65.65390858,52.39336181,Data Science,Manufacturing,2.749800199,Placed,115056.343,2,1
7.946794934,2,Tier 1,Germany,300+,5,76.97792877,60.79872019,AI/ML,Healthcare,2.512706171,Placed,112483.5533,3,1
6.057567306,1,Tier 1,USA,100-300,4,66.24872811,85.13374624,Cloud,Consulting,2.46567669,Placed,120000.0,3,2
8.333779289,1,Tier 2,UK,100-300,1,54.52771645,69.82614712,Core CS,Healthcare,5.834368109,Placed,105862.7791,2,2
8.218590897,0,Tier 1,Germany,300+,2,79.31337557,45.23643345,Cybersecurity,Healthcare,6.525604748,Placed,92814.39584,3,1
7.588497598,1,Tier 2,USA,300+,1,69.29417557,90.22300763,Cloud,Healthcare,5.44857803,Placed,104250.9518,2,1
8.425439127,0,Tier 2,USA,300+,1,58.77750869,46.86612585,AI/ML,Other,2.701168489,Placed,120000.0,2,1
6.580441491,0,Tier 2,UK,100-300,0,70.57830714,84.54071008,Cloud,Other,4.553193937,Placed,90888.62431,2,2
6.411757231,0,Tier 2,UK,Top 100,0,64.06891275,61.18428633,Cloud,Healthcare,4.801386539,Placed,85154.97638,2,3
7.577183459,0,Tier 2,Germany,300+,0,100.0,76.67993263,AI/ML,Consulting,4.288924648,Placed,96786.23354,2,1
7.605996119,1,Tier 1,Canada,100-300,1,53.24854539,54.09722685,Data Science,Manufacturing,5.619328988,Placed,120000.0,3,2
8.096428915,0,Tier 3,India,100-300,1,87.93155359,68.53020288,Data Science,Other,8.347275491,Placed,38821.53631,1,2
7.55616232,0,Tier 3,Canada,Top 100,1,71.45087866,91.8918827,Cybersecurity,Healthcare,6.700075291,Placed,77469.00159,1,3
7.227000819,1,Tier 3,Canada,100-300,2,85.64378541,73.87227522,Cybersecurity,Manufacturing,4.515559144,Placed,68877.50754,1,2
6.209701327,1,Tier 1,Germany,300+,2,100.0,79.03850882,Core CS,Healthcare,4.503066927,Placed,91672.60187,3,1
7.999695124,3,Tier 2,Canada,300+,1,63.36125501,44.29413796,Data Science,Tech,4.436527812,Placed,111141.0239,2,1
7.623479203,2,Tier 3,India,300+,3,55.80797251,82.23688404,Data Science,Healthcare,7.092595098,Placed,41819.91133,1,1
5.379353702,1,Tier 1,USA,Top 100,0,96.50002055,72.46868525,Cloud,Finance,6.77790322,Placed,120000.0,3,3
8.52913527,0,Tier 3,UK,100-300,2,48.73921839,70.96812171,Cybersecurity,Manufacturing,6.223159561,Placed,90809.14333,1,2
7.151583857,0,Tier 2,UK,100-300,0,74.82166375,54.20136736,Data Science,Manufacturing,5.949381012,Placed,117775.3697,2,2
7.14776838,2,Tier 2,Canada,100-300,0,84.11959039,71.85037687,Data Science,Tech,4.777640197,Placed,120000.0,2,2
7.75033243,0,Tier 3,USA,300+,1,49.10252434,100.0,Cloud,Consulting,3.547719776,Placed,77882.17569,1,1
9.294722445,0,Tier 3,UK,100-300,1,69.70734114,48.41611284,Core CS,Manufacturing,6.976548827,Placed,88999.70837,1,2
5.665120593,2,Tier 2,UK,Top 100,1,36.94079203,78.81212415,Core CS,Consulting,6.120588104,Placed,87093.81966,2,3
7.846982824,2,Tier 2,India,300+,1,75.56988498,51.49943471,AI/ML,Consulting,2.231376976,Placed,48861.84676,2,1
6.86175861,0,Tier 2,Canada,300+,1,73.77792527,64.36329102,Data Science,Finance,4.12702037,Placed,110301.7601,2,1
7.617536124,0,Tier 2,Germany,100-300,2,67.12219554,73.49628825,Cybersecurity,Finance,5.881114051,Placed,91527.00448,2,2
7.353045721,0,Tier 1,Germany,Top 100,0,97.16525806,79.68103088,Core CS,Healthcare,5.391429827,Placed,110823.3811,3,3
6.413475042,0,Tier 3,Canada,Top 100,1,86.30082226,59.72815988,Core CS,Manufacturing,3.671415081,Placed,77788.24726,1,3
7.183197114,0,Tier 1,India,Top 100,1,49.62017137,48.22916943,Data Science,Healthcare,7.323878434,Placed,69338.67666,3,3
7.482598,3,Tier 1,USA,300+,1,83.46657375,80.23368457,Cloud,Other,8.434226593,Placed,120000.0,3,1
7.238526773,0,Tier 3,India,100-300,1,63.08297264,66.51639692,Cybersecurity,Consulting,4.544960497,Placed,36732.1547,1,2
7.510928135,1,Tier 1,India,100-300,2,65.36213068,47.34864424,Cybersecurity,Tech,2.804136968,Placed,62373.74374,3,2
7.84649466,0,Tier 2,Canada,100-300,2,69.51339737,87.22389388,Data Science,Healthcare,5.467286041,Placed,114237.5864,2,2
7.294095872,1,Tier 3,UK,Top 100,0,47.41250877,78.55229097,Cloud,Consulting,8.108001791,Placed,85126.81611,1,3
7.118471536,0,Tier 2,Germany,Top 100,2,64.63769296,62.5596168,Data Science,Healthcare,5.319299141,Placed,100725.3792,2,3
6.430223389,1,Tier 2,Germany,100-300,0,87.01851503,93.03966824,Data Science,Healthcare,5.554195308,Placed,93763.18075,2,2
7.949387696,1,Tier 1,India,100-300,2,60.37686018,82.64267167,Cloud,Tech,3.319270799,Placed,72373.65231,3,2
8.149068325,1,Tier 1,USA,Top 100,1,71.11789838,81.94928138,Core CS,Healthcare,3.913168319,Placed,120000.0,3,3
6.2763085,2,Tier 2,Germany,300+,3,58.31566625,45.02857262,Cloud,Consulting,6.264119158,Placed,69404.07352,2,1
7.532333459,0,Tier 1,India,100-300,0,72.04947207,60.68937598,Core CS,Tech,1.484352447,Placed,57651.31999,3,2
8.552973949,0,Tier 2,Canada,300+,0,77.3874424,63.49707317,Core CS,Tech,4.16510845,Placed,113845.5184,2,1
6.697593681,1,Tier 2,USA,300+,3,50.91183243,69.76188386,Cloud,Tech,6.923185287,Placed,107166.3953,2,1
7.185156738,0,Tier 2,USA,100-300,2,76.00585628,62.55180586,Data Science,Finance,3.830332662,Placed,120000.0,2,2
7.51719163,1,Tier 1,Germany,Top 100,0,47.54669324,52.11996094,Core CS,Other,1.0,Placed,108748.4055,3,3
6.301631128,1,Tier 1,UK,Top 100,0,75.57622583,62.75260721,AI/ML,Consulting,4.812307607,Placed,120000.0,3,3
7.57690829,1,Tier 3,UK,100-300,0,85.27766594,84.14657275,Cybersecurity,Finance,6.047731473,Placed,87919.22089,1,2
6.26698072,0,Tier 2,UK,300+,1,54.73293792,81.94022449,Cybersecurity,Other,5.461991538,Placed,92193.44746,2,1
8.084354241,1,Tier 3,Germany,300+,3,63.28749604,73.96144756,AI/ML,Other,5.348898136,Placed,80242.14542,1,1
7.936158967,0,Tier 2,USA,Top 100,2,76.09849179,58.8040702,Cloud,Finance,6.030528952,Placed,120000.0,2,3
7.107437198,1,Tier 3,India,Top 100,2,65.21628938,75.85695139,Cloud,Tech,4.332331266,Placed,44568.56828,1,3
6.310637544,1,Tier 2,USA,300+,4,85.04299413,75.62361804,Cybersecurity,Consulting,4.308972711,Placed,96520.60652,2,1
7.701164516,2,Tier 2,Canada,100-300,1,57.08105428,55.13737133,Cloud,Consulting,6.353393893,Placed,94967.13768,2,2
8.202735863,1,Tier 2,India,300+,0,100.0,60.41349115,AI/ML,Consulting,5.32703805,Placed,55917.99605,2,1
6.735903925,1,Tier 2,UK,300+,2,62.92900959,98.51389629,Core CS,Manufacturing,4.811391424,Placed,90026.52039,2,1
6.497812875,3,Tier 1,UK,100-300,2,70.44783551,78.91409197,AI/ML,Tech,5.025809779,Placed,120000.0,3,2
6.769568901,1,Tier 2,UK,100-300,2,46.55056112,60.05960771,Cybersecurity,Finance,3.86636999,Placed,102010.3079,2,2
8.134825076,0,Tier 3,USA,300+,2,55.55176435,58.5323569,Cloud,Other,2.725704721,Placed,86142.12585,1,1
8.021572309,0,Tier 3,Germany,100-300,1,46.37062686,86.60349991,Cybersecurity,Healthcare,6.906225227,Placed,69381.10185,1,2
7.270418785,3,Tier 2,Germany,300+,1,60.23055218,60.6207854,Data Science,Tech,5.103403316,Placed,115866.7513,2,1
6.139750086,1,Tier 1,India,100-300,2,60.16639543,62.88556922,Core CS,Healthcare,7.949636913,Placed,49773.14984,3,2
8.341114422,0,Tier 1,India,Top 100,1,64.52513475,74.98106549,Cybersecurity,Other,5.324897156,Placed,61606.43786,3,3
6.243594496,1,Tier 1,India,300+,2,82.51333154,59.44992475,Cloud,Healthcare,5.111637664,Placed,49784.54266,3,1
7.909851634,1,Tier 3,USA,300+,4,70.39470433,82.05964916,Cybersecurity,Consulting,6.526788204,Placed,84484.80313,1,1
7.270842301,1,Tier 1,India,100-300,1,66.90136354,74.68940505,Data Science,Finance,4.003406841,Placed,60351.28913,3,2
6.249659539,1,Tier 1,USA,100-300,1,47.66500047,76.88576369,Core CS,Tech,6.352734761,Placed,120000.0,3,2
7.17329998,0,Tier 2,Germany,100-300,2,46.18340917,55.12743804,AI/ML,Consulting,6.651681425,Placed,96670.57305,2,2
6.179397853,0,Tier 1,USA,Top 100,0,73.70563532,89.56900576,AI/ML,Healthcare,5.261738324,Placed,120000.0,3,3
7.880657119,0,Tier 2,India,300+,1,88.53902192,69.09682625,Data Science,Healthcare,7.499799436,Placed,56447.82425,2,1
7.849096772,0,Tier 1,USA,300+,1,72.5372034,41.04480904,Core CS,Other,6.850651637,Placed,120000.0,3,1
7.425604959,1,Tier 2,Germany,300+,2,71.49681868,77.20814429,Cybersecurity,Healthcare,3.505125537,Placed,85885.02861,2,1
7.289328849,1,Tier 3,India,100-300,0,100.0,51.17378582,Cybersecurity,Healthcare,5.1348907,Placed,36406.96492,1,2
8.4089505,0,Tier 2,India,300+,1,80.48986572,70.19005965,Cybersecurity,Manufacturing,6.671724807,Placed,53692.84205,2,1
8.66883764,1,Tier 3,Germany,Top 100,1,52.99735354,59.59370165,Core CS,Manufacturing,7.360660772,Placed,82128.76362,1,3
6.188192405,0,Tier 2,USA,Top 100,0,60.41246728,100.0,Data Science,Tech,6.307680388,Placed,120000.0,2,3
6.710829787,1,Tier 1,UK,300+,3,69.72459055,51.98723606,Cloud,Healthcare,2.628225516,Placed,101095.4216,3,1
7.33315683,0,Tier 1,Germany,300+,0,50.75018426,61.4591507,AI/ML,Manufacturing,3.713714436,Placed,109907.3761,3,1
6.956876121,2,Tier 3,Canada,300+,2,69.31066569,50.81000572,Data Science,Manufacturing,5.605156507,Placed,84741.94481,1,1
7.897486285,2,Tier 2,Canada,100-300,1,100.0,83.04334171,Cloud,Finance,4.92486544,Placed,97854.46088,2,2
8.856032578,0,Tier 1,Canada,300+,1,67.11167612,76.08373872,AI/ML,Tech,5.616827311,Placed,120000.0,3,1
7.156905167,2,Tier 1,Germany,Top 100,1,62.90928458,73.36648046,AI/ML,Other,4.687187612,Placed,120000.0,3,3
6.276745368,4,Tier 3,India,Top 100,1,97.90420344,76.51150222,Data Science,Healthcare,4.282453446,Placed,38382.47872,1,3
5.76083158,1,Tier 3,India,100-300,0,47.37862736,61.90021672,Cloud,Finance,5.515081151,Placed,38862.13921,1,2
7.206380785,1,Tier 2,Canada,Top 100,1,100.0,49.90843969,Cybersecurity,Healthcare,6.254507768,Placed,94053.76389,2,3
7.380134197,0,Tier 3,India,100-300,2,86.85869584,57.51482883,AI/ML,Other,7.068629044,Placed,50593.78214,1,2
6.998076927,2,Tier 2,India,100-300,4,64.43818483,82.12855921,Core CS,Healthcare,4.127587428,Placed,35823.63548,2,2
6.528582679,1,Tier 3,USA,Top 100,0,49.1192283,62.00025606,Data Science,Manufacturing,4.977041014,Placed,100333.4619,1,3
7.731017297,1,Tier 3,Canada,100-300,4,98.98729736,94.40854135,Data Science,Tech,6.05943098,Placed,98575.32755,1,2
8.271871183,0,Tier 3,India,300+,3,72.83758787,62.4435356,Cloud,Manufacturing,6.644402903,Placed,39685.69377,1,1
7.459256977,1,Tier 2,India,100-300,4,47.224457,42.90895277,Data Science,Finance,5.526956263,Placed,58005.63406,2,2
8.119675716,2,Tier 1,USA,100-300,3,88.24777798,74.7583053,Data Science,Other,3.044688964,Placed,120000.0,3,2
5.926297801,3,Tier 3,India,Top 100,0,74.88598762,71.90864549,Core CS,Healthcare,5.709401371,Placed,39792.03174,1,3
5.907340676,3,Tier 1,India,300+,1,45.04888012,68.73582919,Cybersecurity,Healthcare,7.424417706,Placed,55595.32156,3,1
6.880824552,1,Tier 3,UK,Top 100,1,73.50551483,56.99428054,Cybersecurity,Tech,4.798715625,Placed,94214.88308,1,3
7.402227542,1,Tier 3,Canada,Top 100,0,76.74017132,71.40821194,Cloud,Manufacturing,5.299053344,Placed,77683.46524,1,3
8.437088658,0,Tier 3,India,100-300,0,86.92731088,72.68064039,AI/ML,Consulting,7.336098342,Placed,47028.81464,1,2
6.178904634,2,Tier 2,UK,Top 100,1,37.36157835,65.95289321,AI/ML,Consulting,4.754252894,Placed,106473.3935,2,3
7.984000458,1,Tier 3,USA,Top 100,1,77.08792804,80.63037936,Core CS,Other,6.48601118,Placed,92930.98865,1,3
6.77249228,1,Tier 2,Canada,Top 100,1,73.2177847,69.64540843,Data Science,Consulting,5.945930121,Placed,102954.3752,2,3
8.272465658,0,Tier 1,Germany,100-300,1,78.45559978,83.001095,Data Science,Healthcare,5.617036652,Placed,119440.284,3,2
6.890403608,0,Tier 2,USA,300+,3,72.62625281,58.98584908,Core CS,Other,7.113590793,Placed,106074.358,2,1
6.727273698,0,Tier 2,India,100-300,2,66.11625921,58.12457794,Core CS,Finance,2.956363862,Placed,44299.69021,2,2
7.342653354,0,Tier 3,Canada,Top 100,4,78.62748859,37.17504607,Data Science,Manufacturing,6.211992059,Placed,88764.73753,1,3
6.524950874,0,Tier 1,USA,Top 100,0,55.29267654,84.9173625,Data Science,Manufacturing,3.697784219,Placed,120000.0,3,3
7.062861624,1,Tier 2,Germany,100-300,3,74.92665676,68.88488248,AI/ML,Manufacturing,4.894816667,Placed,96917.38045,2,2
6.21622302,2,Tier 1,Germany,Top 100,0,44.7094482,65.5097464,AI/ML,Tech,4.101763492,Placed,120000.0,3,3
5.650124522,1,Tier 2,Canada,Top 100,1,72.23229702,84.55714294,Data Science,Finance,4.765527335,Placed,106666.6285,2,3
5.915641998,1,Tier 1,UK,Top 100,1,79.72710852,84.90897749,AI/ML,Manufacturing,6.286310233,Placed,120000.0,3,3
6.432783234,1,Tier 1,Canada,300+,3,98.36085917,53.09728795,AI/ML,Healthcare,7.243872687,Placed,117510.9015,3,1
8.56260731,0,Tier 2,USA,100-300,2,75.29389326,79.88685313,Core CS,Tech,4.328609482,Placed,120000.0,2,2
6.579296259,0,Tier 1,Canada,Top 100,1,86.72468464,85.18386575,Cybersecurity,Healthcare,6.835946891,Placed,102309.62,3,3
7.320385109,0,Tier 2,Germany,100-300,1,70.38495653,30.85002075,Data Science,Tech,5.375646331,Placed,112183.5416,2,2
7.104852149,2,Tier 3,USA,300+,0,98.3544612,78.35723802,Core CS,Tech,5.523134595,Placed,90406.65994,1,1
6.043764989,0,Tier 3,UK,100-300,1,59.39739631,75.94817059,Cybersecurity,Tech,2.316332693,Placed,75283.20527,1,2
8.445757315,0,Tier 3,USA,Top 100,1,70.94013325,89.31439789,Cloud,Healthcare,6.307509237,Placed,98744.98478,1,3
7.404772443,0,Tier 2,USA,100-300,1,64.88372433,79.25671123,AI/ML,Finance,7.911555498,Placed,118843.3046,2,2
6.417382238,0,Tier 1,UK,300+,3,66.13356653,65.15010929,Cloud,Healthcare,5.401440013,Placed,98693.96914,3,1
7.952438875,0,Tier 3,Canada,300+,0,53.84340595,53.1096631,Cloud,Tech,6.062102244,Placed,85933.14027,1,1
7.170059225,2,Tier 1,USA,300+,2,63.55837664,64.78188442,Cloud,Manufacturing,6.814941319,Placed,120000.0,3,1
7.821589011,1,Tier 3,Canada,100-300,1,65.6745503,57.03807942,Core CS,Manufacturing,4.752709297,Placed,78984.59626,1,2
7.884720339,1,Tier 1,UK,Top 100,2,68.95274002,50.87195721,Cybersecurity,Tech,2.95262874,Placed,120000.0,3,3
6.54884201,2,Tier 3,India,300+,2,61.30512,87.68982229,Core CS,Finance,7.676694016,Placed,33058.57669,1,1
6.347026204,1,Tier 3,UK,100-300,3,70.0407848,74.67615623,Data Science,Other,4.986332304,Placed,73464.77459,1,2
7.06251445,0,Tier 1,Canada,100-300,0,39.04779311,54.63445061,AI/ML,Tech,4.213715409,Placed,120000.0,3,2
7.6893089,1,Tier 2,Germany,300+,3,63.27971455,80.9226801,Cloud,Finance,6.404144553,Placed,88583.52712,2,1
6.357740445,0,Tier 3,UK,100-300,1,65.29047414,59.91225892,Cybersecurity,Other,4.23646883,Placed,69588.64232,1,2
6.940821709,0,Tier 2,USA,100-300,0,69.52364861,84.46425238,Core CS,Finance,5.341278695,Placed,109942.2194,2,2
6.939467517,1,Tier 3,India,100-300,1,100.0,78.59949062,AI/ML,Tech,4.069642617,Placed,53077.19551,1,2
8.578033741,0,Tier 1,India,100-300,4,89.13618197,46.37455492,Cloud,Consulting,6.312892396,Placed,55438.34888,3,2
7.404471393,3,Tier 2,Canada,100-300,1,62.19333863,88.61081739,Cybersecurity,Healthcare,5.08179788,Placed,93148.94798,2,2
8.191290487,0,Tier 3,UK,300+,4,59.48176155,64.52013534,Cybersecurity,Manufacturing,5.060089815,Placed,82186.6046,1,1
8.817159796,0,Tier 1,Germany,300+,1,80.17255943,75.69341394,Cloud,Tech,6.815346229,Placed,120000.0,3,1
6.676482061,3,Tier 3,Canada,300+,0,77.39681053,78.78624549,Cloud,Tech,5.796301084,Placed,69373.47668,1,1
7.455808286,0,Tier 2,UK,100-300,1,89.51934786,68.76393395,Cybersecurity,Finance,6.969985377,Placed,98463.71566,2,2
7.348780312,0,Tier 2,India,Top 100,3,71.33530436,84.64235171,Core CS,Finance,2.641280058,Placed,63917.16576,2,3
7.545655592,1,Tier 2,Germany,300+,4,76.49489421,53.12453456,Data Science,Healthcare,5.50559937,Placed,110969.5534,2,1
6.822020083,2,Tier 1,USA,300+,4,73.32435964,70.11019897,Cybersecurity,Healthcare,7.017268807,Placed,120000.0,3,1
8.637489757,0,Tier 3,UK,300+,2,95.21780845,39.68683617,Cloud,Other,5.44765892,Placed,84058.00477,1,1
6.677539209,2,Tier 3,USA,Top 100,0,77.18074352,68.96472962,Cloud,Tech,5.747212724,Placed,100444.9472,1,3
6.334350956,0,Tier 2,Canada,100-300,2,83.62040417,87.31962502,AI/ML,Manufacturing,5.966663079,Placed,94076.49081,2,2
6.559907774,1,Tier 2,USA,100-300,3,73.38959372,57.01273472,Cybersecurity,Other,6.909052709,Placed,96660.46656,2,2
6.882379661,1,Tier 2,India,Top 100,2,63.69353475,77.35162894,AI/ML,Consulting,4.3433179,Placed,59517.06348,2,3
7.166242006,2,Tier 3,Canada,300+,3,72.85208452,79.89642861,AI/ML,Other,3.860690877,Placed,79617.56056,1,1
6.574265149,1,Tier 3,Germany,300+,1,92.96375978,86.39057947,AI/ML,Healthcare,2.510038388,Placed,68296.7408,1,1
6.938223164,0,Tier 3,India,300+,0,84.11083487,47.80289124,Cybersecurity,Manufacturing,5.029219335,Placed,38975.11598,1,1
7.334564605,0,Tier 1,UK,300+,3,64.64169087,73.10155605,Data Science,Manufacturing,6.575988935,Placed,120000.0,3,1
7.85115279,2,Tier 2,USA,100-300,2,84.18529357,79.32764429,Core CS,Other,4.998915791,Placed,115607.5611,2,2
8.107625638,0,Tier 1,UK,100-300,3,54.84681046,87.51699914,AI/ML,Other,5.250028248,Placed,120000.0,3,2
7.355358662,3,Tier 1,Canada,300+,3,83.54113267,61.60870946,Core CS,Other,6.309262705,Placed,107111.1698,3,1
7.881058366,1,Tier 1,India,300+,2,85.7182959,67.36738881,Cloud,Other,6.060746484,Placed,52408.51093,3,1
8.076980605,1,Tier 2,UK,100-300,2,85.73634382,30.0,Cloud,Finance,7.302697666,Placed,101037.7858,2,2
7.417800509,0,Tier 2,Canada,100-300,4,94.332351,73.59797681,Core CS,Healthcare,4.633382108,Placed,93073.73618,2,2
6.921667803,2,Tier 2,USA,Top 100,2,78.74379077,50.34349336,Data Science,Manufacturing,6.610928496,Placed,120000.0,2,3
8.817947776,0,Tier 1,USA,Top 100,0,80.25403228,66.847215,Data Science,Consulting,4.885561632,Placed,120000.0,3,3
7.711229698,0,Tier 1,UK,Top 100,2,94.86883429,53.28734315,Cybersecurity,Other,3.549280934,Placed,117467.941,3,3
7.458995537,2,Tier 1,India,100-300,0,70.31342981,45.04581064,Cybersecurity,Other,5.250409369,Placed,55645.37826,3,2
5.969353906,3,Tier 3,Germany,Top 100,3,66.17340911,73.1371325,Core CS,Manufacturing,4.250031063,Placed,64841.31042,1,3
7.234172386,2,Tier 3,Germany,300+,1,67.43325228,75.53024111,Cybersecurity,Tech,6.279303816,Placed,82771.6842,1,1
7.116416958,0,Tier 3,India,300+,2,74.59596035,51.95898905,Cybersecurity,Tech,6.221388724,Placed,35400.82305,1,1
6.508701948,0,Tier 3,USA,100-300,1,52.94716636,42.03284594,Data Science,Healthcare,6.86080249,Placed,96506.46443,1,2
8.270901542,0,Tier 2,USA,100-300,1,80.53501205,54.86995492,Cybersecurity,Other,3.778697527,Placed,117724.4796,2,2
7.55632198,2,Tier 3,UK,300+,0,55.73764264,58.11859903,Data Science,Manufacturing,6.149816901,Placed,94759.76594,1,1
6.910792938,1,Tier 1,USA,300+,3,63.54971143,84.09946763,AI/ML,Consulting,5.298142634,Placed,120000.0,3,1
6.689840067,1,Tier 3,Germany,300+,1,63.59184801,78.4061506,AI/ML,Consulting,4.225455762,Placed,78372.58857,1,1
6.897876255,1,Tier 3,USA,300+,1,76.40219162,66.56980526,Core CS,Consulting,5.302077765,Placed,83895.79117,1,1
6.551513891,3,Tier 1,Germany,300+,0,61.10298081,61.81212299,Cloud,Finance,5.200857326,Placed,110533.3183,3,1
8.64237762,0,Tier 3,Canada,100-300,1,85.89039163,54.8252596,Cybersecurity,Consulting,4.983642087,Placed,82779.86996,1,2
7.01505524,1,Tier 2,India,300+,1,87.91815567,52.69784983,AI/ML,Healthcare,3.25954082,Placed,50523.34979,2,1
6.062676522,2,Tier 2,India,100-300,2,71.21380067,78.6036736,Core CS,Other,3.225119241,Placed,37156.83869,2,2
8.356578302,0,Tier 3,USA,Top 100,0,73.79507216,59.55419032,Cybersecurity,Finance,6.465687376,Placed,103947.4553,1,3
8.517830956,1,Tier 2,Germany,100-300,2,84.41648288,83.88364304,Core CS,Finance,6.639802659,Placed,96370.1367,2,2
7.818824515,0,Tier 3,Canada,300+,1,81.82341322,52.76528053,Cloud,Healthcare,6.150409172,Placed,61496.48186,1,1
5.930619649,1,Tier 1,Canada,100-300,5,94.65362846,81.84716154,Data Science,Consulting,4.647948334,Placed,112348.0755,3,2
7.105542373,1,Tier 1,India,300+,1,83.75224608,64.02906904,Data Science,Manufacturing,5.210836159,Placed,68795.56064,3,1
6.825077378,1,Tier 3,India,Top 100,1,89.28904216,100.0,Cloud,Other,8.666818462,Placed,41687.33256,1,3
6.935297202,2,Tier 3,Canada,300+,2,82.84862127,88.92366692,Core CS,Finance,4.130057256,Placed,73404.16323,1,1
6.426387081,2,Tier 3,India,300+,2,88.99406158,77.76619398,Cloud,Finance,6.612511669,Placed,36833.76547,1,1
7.78225244,0,Tier 1,Canada,100-300,2,73.4861593,68.46723964,Cybersecurity,Tech,4.644003068,Placed,118169.0376,3,2
5.315482447,3,Tier 3,UK,100-300,0,60.7642416,79.57724055,Data Science,Tech,4.813609293,Placed,82800.69906,1,2
7.922872275,1,Tier 2,Germany,300+,2,74.46270175,80.19511244,AI/ML,Finance,2.894439888,Placed,106788.2635,2,1
6.75825553,2,Tier 1,USA,100-300,1,78.56914934,59.66768245,AI/ML,Tech,5.514149949,Placed,120000.0,3,2
6.948652671,0,Tier 1,UK,100-300,1,48.24780126,72.48282965,Cybersecurity,Consulting,4.684343434,Placed,109912.1895,3,2
6.587825285,2,Tier 1,UK,Top 100,2,62.71353263,46.81369599,AI/ML,Finance,6.793220147,Placed,120000.0,3,3
8.224156159,2,Tier 3,USA,Top 100,0,81.39050489,54.96449209,Cybersecurity,Consulting,7.967467009,Placed,90141.501,1,3
6.260348708,0,Tier 3,India,300+,0,92.61783316,56.96621678,Cloud,Other,5.178676888,Placed,27841.19254,1,1
5.721920664,1,Tier 2,UK,100-300,1,97.53334125,80.88333257,AI/ML,Manufacturing,6.853025985,Placed,94630.45942,2,2
6.738386146,0,Tier 2,Germany,300+,4,82.3110834,57.62924877,Cloud,Consulting,2.937841431,Placed,78846.64454,2,1
6.829234577,0,Tier 3,UK,Top 100,2,80.13355957,75.02764006,AI/ML,Finance,1.766854727,Placed,89641.38366,1,3
7.39695935,1,Tier 2,Germany,100-300,3,51.4749958,39.49076373,Core CS,Finance,4.764325946,Placed,87052.37258,2,2
6.57174663,1,Tier 3,Canada,100-300,1,68.28462645,61.96036838,Data Science,Healthcare,5.005066589,Placed,77042.03302,1,2
7.40919966,0,Tier 2,Germany,100-300,2,66.87900371,58.90190484,Cybersecurity,Manufacturing,7.054030797,Placed,83110.3992,2,2
8.548123232,3,Tier 1,India,Top 100,1,73.31361961,67.32538838,Data Science,Healthcare,8.888973871,Placed,74365.69799,3,3
7.652400818,2,Tier 2,Germany,100-300,3,69.67101688,88.68081498,Core CS,Healthcare,6.207406238,Placed,85263.97516,2,2
6.961529194,0,Tier 2,India,100-300,2,71.15106114,72.88391036,AI/ML,Consulting,2.367530576,Placed,57587.40642,2,2
7.94451273,0,Tier 2,India,Top 100,1,86.69584784,56.02829171,Cloud,Healthcare,6.71911379,Placed,56340.02319,2,3
7.040958322,0,Tier 1,USA,100-300,2,51.34201971,93.81437488,Cybersecurity,Healthcare,7.386294629,Placed,120000.0,3,2
6.598572646,2,Tier 1,Canada,300+,1,52.43002876,39.49880691,Cloud,Manufacturing,5.211061014,Placed,92127.33621,3,1
7.258379603,0,Tier 1,USA,300+,1,94.02995518,91.3900969,Core CS,Other,6.254136615,Placed,120000.0,3,1
6.951196823,0,Tier 1,Canada,300+,1,75.92022397,87.5968885,Data Science,Other,1.744032943,Placed,119957.9217,3,1
7.400192376,2,Tier 1,India,300+,1,82.7657226,65.16345222,Core CS,Finance,5.364731312,Placed,65150.37456,3,1
6.573119755,1,Tier 2,Canada,Top 100,3,56.01908809,89.81853105,Core CS,Manufacturing,5.377733652,Placed,80503.85598,2,3
7.976657039,1,Tier 2,India,100-300,4,63.28529105,82.42435294,Cybersecurity,Healthcare,3.698511492,Placed,53111.9556,2,2
8.369632227,2,Tier 2,Canada,Top 100,2,70.75047623,65.36677287,AI/ML,Healthcare,2.944093701,Placed,109785.5298,2,3
5.601890792,2,Tier 2,UK,300+,2,83.68354257,56.35009526,AI/ML,Tech,4.615346369,Placed,95606.24625,2,1
7.347816052,1,Tier 3,Germany,300+,2,63.28528668,70.67303131,AI/ML,Healthcare,5.772779055,Placed,82540.95025,1,1
7.380344546,1,Tier 3,Canada,300+,2,81.77878185,53.56996275,Cloud,Consulting,8.778200988,Placed,65117.98567,1,1
6.363554346,0,Tier 2,Germany,100-300,1,44.48538861,62.36247831,Core CS,Other,3.453480986,Placed,74587.31288,2,2
8.023614936,0,Tier 1,UK,100-300,1,100.0,44.45891613,Cloud,Tech,3.480808799,Placed,120000.0,3,2
7.402195846,1,Tier 2,USA,100-300,1,87.18513316,72.7372516,Cloud,Healthcare,5.043526587,Placed,101981.6308,2,2
5.005383344,1,Tier 2,Germany,100-300,0,59.13681501,87.16416829,Cybersecurity,Tech,5.260384404,Placed,76298.18658,2,2
6.227468157,1,Tier 3,UK,Top 100,2,86.84305796,47.54793961,Data Science,Tech,3.410235475,Placed,94520.61368,1,3
8.303333092,1,Tier 3,India,100-300,0,55.84393357,70.72232894,Cybersecurity,Manufacturing,6.198535993,Placed,37113.53566,1,2
6.534574373,0,Tier 3,USA,100-300,3,77.74177697,59.90955402,Cloud,Tech,3.973885455,Placed,95923.67696,1,2
8.654325071,2,Tier 3,Germany,Top 100,1,57.30217232,73.85278251,AI/ML,Manufacturing,4.964227108,Placed,93248.11274,1,3
8.197945347,0,Tier 3,India,300+,0,95.27282745,62.80739303,AI/ML,Finance,7.215031663,Placed,42418.73732,1,1
8.486161875,1,Tier 1,Canada,Top 100,0,83.43447528,86.23018896,AI/ML,Consulting,4.580440096,Placed,120000.0,3,3
6.008757838,1,Tier 1,India,300+,2,65.6467539,58.96802628,Cloud,Other,4.190877251,Placed,42106.92169,3,1
8.676674801,0,Tier 3,USA,Top 100,1,39.92910407,77.12906987,Core CS,Manufacturing,7.950589354,Placed,99216.83444,1,3
6.350078121,1,Tier 1,India,100-300,1,37.74843036,65.02758073,AI/ML,Consulting,5.043181551,Placed,59648.37536,3,2
7.264681044,3,Tier 2,India,Top 100,2,81.40525544,80.52447782,Cloud,Tech,5.0689788,Placed,53805.86561,2,3
8.160801151,2,Tier 2,India,Top 100,1,55.44487071,47.8540896,Data Science,Finance,7.793745245,Placed,65515.04113,2,3
7.703533633,0,Tier 1,Germany,Top 100,0,53.97121092,74.64587046,AI/ML,Finance,2.570067817,Placed,120000.0,3,3
8.10119716,1,Tier 2,USA,100-300,0,63.40589945,62.82104477,Core CS,Healthcare,5.659428142,Placed,114503.7656,2,2
7.250505712,0,Tier 2,UK,Top 100,2,30.0,64.67990326,Cybersecurity,Consulting,5.546512196,Placed,102848.7877,2,3
7.549652637,0,Tier 2,Canada,300+,2,67.6958731,79.22961408,Core CS,Tech,7.040696154,Placed,90608.47758,2,1
8.173232687,0,Tier 2,India,300+,1,48.85476771,92.91651674,Data Science,Finance,2.405352699,Placed,58911.57174,2,1
6.1107358,0,Tier 1,Canada,100-300,0,59.48462676,73.85932646,Cloud,Tech,3.662616613,Placed,113706.42,3,2
6.971339537,2,Tier 3,UK,100-300,1,77.92767814,66.37275101,Cloud,Tech,6.256310493,Placed,83040.39608,1,2
6.574836359,2,Tier 1,Germany,Top 100,2,58.43530584,76.9560632,Core CS,Manufacturing,4.779150733,Placed,99986.55364,3,3
5.74571246,2,Tier 1,UK,100-300,0,65.89918817,61.23554203,AI/ML,Tech,5.687068008,Placed,120000.0,3,2
7.277367982,1,Tier 1,USA,100-300,1,64.91990693,73.21422421,Cybersecurity,Tech,4.887297078,Placed,120000.0,3,2
9.009245241,0,Tier 1,Germany,300+,0,48.65216912,100.0,Cloud,Healthcare,7.158643786,Placed,109752.2234,3,1
7.512434348,1,Tier 3,Canada,300+,3,81.45680977,30.0,Cloud,Finance,5.072243882,Placed,79954.28227,1,1
7.098462561,1,Tier 1,Canada,Top 100,1,62.76686465,71.60745441,Cybersecurity,Tech,3.942252162,Placed,120000.0,3,3
7.955673776,1,Tier 1,Germany,300+,4,64.75359915,65.1917601,Core CS,Consulting,6.11144166,Placed,101529.3822,3,1
7.183259751,1,Tier 3,India,Top 100,0,70.1094924,42.28337148,Data Science,Healthcare,6.368700512,Placed,46778.86762,1,3
7.179471725,2,Tier 2,India,300+,5,67.3687162,50.11143366,Cloud,Consulting,6.663602696,Placed,43437.6498,2,1
7.723214044,2,Tier 2,Canada,300+,1,75.05970789,85.29291779,Data Science,Tech,7.345254781,Placed,104826.5231,2,1
6.762014239,1,Tier 1,India,100-300,3,93.18509328,59.20015776,AI/ML,Tech,3.285687823,Placed,74778.98659,3,2
7.155241555,2,Tier 3,Canada,Top 100,5,86.08428681,57.36017418,Cybersecurity,Consulting,5.51211721,Placed,83884.12452,1,3
7.229564683,0,Tier 2,India,100-300,1,64.53774464,53.95288144,Data Science,Finance,5.578298814,Placed,57655.08373,2,2
6.489373819,0,Tier 1,USA,100-300,1,89.92570399,56.4080502,AI/ML,Manufacturing,3.192569961,Placed,120000.0,3,2
6.347699497,2,Tier 1,UK,Top 100,5,75.3235971,57.36905183,Data Science,Other,2.010753251,Placed,120000.0,3,3
6.147012054,1,Tier 1,UK,100-300,5,55.64461702,73.40052035,AI/ML,Healthcare,4.535668847,Placed,120000.0,3,2
8.699817122,0,Tier 3,Canada,Top 100,1,88.54321165,75.25535771,Data Science,Healthcare,7.547906132,Placed,91588.06419,1,3
8.06507125,0,Tier 2,Germany,Top 100,2,94.24879448,61.34091362,Cybersecurity,Manufacturing,5.709925734,Placed,89660.64015,2,3
8.536294002,0,Tier 1,India,100-300,1,49.67343916,70.34898091,Cloud,Manufacturing,6.350252622,Placed,48529.511,3,2
6.021683984,0,Tier 1,UK,100-300,3,86.30111195,43.85873509,Cloud,Finance,4.358411356,Placed,111260.6951,3,2
5.9651939,1,Tier 1,Germany,100-300,1,46.62354928,41.85290504,Core CS,Other,2.000131229,Placed,101704.3927,3,2
6.443444098,0,Tier 2,Germany,300+,4,68.68310833,58.93615887,Core CS,Manufacturing,6.412929526,Placed,82099.26056,2,1
7.991667205,1,Tier 1,India,Top 100,2,42.41264241,79.48157838,Data Science,Tech,6.471777432,Placed,73322.46518,3,3
7.854703467,1,Tier 3,Canada,300+,2,60.87376822,44.0688046,Cloud,Other,4.568603269,Placed,64595.47851,1,1
7.483296712,0,Tier 2,USA,Top 100,1,76.31330018,79.52649025,Cybersecurity,Manufacturing,5.914292681,Placed,117594.933,2,3
5.816444621,2,Tier 1,USA,Top 100,3,65.90415608,75.31375504,Data Science,Manufacturing,4.522503651,Placed,120000.0,3,3
8.007386592,2,Tier 3,Canada,Top 100,1,61.25276383,77.44263255,Cybersecurity,Healthcare,7.003401449,Placed,76593.04663,1,3
7.917152696,1,Tier 1,UK,Top 100,0,71.77661554,73.35723826,Cybersecurity,Manufacturing,6.788198222,Placed,118926.364,3,3
7.805706669,0,Tier 3,Canada,100-300,4,70.0431688,70.34332363,Core CS,Healthcare,5.807156089,Placed,79174.33859,1,2
8.639849677,0,Tier 2,UK,Top 100,1,77.60737634,65.52839872,Cloud,Other,2.962641322,Placed,109107.061,2,3
7.625704001,1,Tier 1,Canada,300+,2,97.10191346,60.72841546,Core CS,Finance,3.350676294,Placed,113732.9561,3,1
6.367280495,1,Tier 2,UK,100-300,2,83.98439467,89.87723277,Data Science,Tech,4.616887251,Placed,119256.7693,2,2
6.376117643,1,Tier 2,USA,100-300,1,51.81957106,75.75020529,Cybersecurity,Manufacturing,5.133486961,Placed,105169.049,2,2
7.865587847,4,Tier 1,Germany,Top 100,2,90.15456566,52.38862842,Data Science,Healthcare,3.133015271,Placed,120000.0,3,3
5.920339031,1,Tier 2,India,Top 100,1,55.81917522,81.31859742,Cybersecurity,Consulting,3.601931406,Placed,43106.66675,2,3
7.027221929,2,Tier 1,USA,300+,2,63.22192569,63.89540313,Cybersecurity,Healthcare,7.765742948,Placed,119041.0054,3,1
6.856725372,2,Tier 3,India,100-300,1,100.0,35.08794091,Core CS,Consulting,4.871253608,Placed,40048.87517,1,2
7.316655825,1,Tier 3,USA,100-300,1,66.31433956,77.90558859,Cloud,Tech,5.570259374,Placed,101070.4133,1,2
7.554284605,0,Tier 2,India,100-300,0,100.0,54.81868997,Data Science,Tech,7.771974466,Placed,57792.16249,2,2
7.587710036,1,Tier 2,USA,Top 100,0,82.94490935,68.98039278,Cloud,Healthcare,5.407281658,Placed,120000.0,2,3
6.211356953,2,Tier 1,India,100-300,3,62.92060941,41.47164974,Core CS,Tech,7.43519163,Placed,56111.8474,3,2
7.95581029,1,Tier 1,USA,300+,0,54.91683569,71.77054215,Data Science,Finance,6.37132782,Placed,120000.0,3,1
7.71571775,0,Tier 3,India,Top 100,3,63.04187811,81.79080115,AI/ML,Tech,4.004327504,Placed,52510.14629,1,3
5.901712439,3,Tier 3,USA,100-300,2,58.3515468,86.56882242,Cloud,Finance,4.2974686,Placed,79861.0093,1,2
7.28118392,3,Tier 3,India,100-300,3,79.96120336,74.31810279,AI/ML,Finance,4.417465202,Placed,30659.41074,1,2
7.037547922,1,Tier 1,Germany,100-300,3,70.97950191,54.21546223,Cybersecurity,Tech,6.661826355,Placed,109192.2188,3,2
8.518213613,0,Tier 2,USA,Top 100,1,65.85633738,34.70365139,Cybersecurity,Finance,3.965905075,Placed,120000.0,2,3
6.241685826,0,Tier 2,UK,100-300,1,66.41291958,65.99083587,Core CS,Tech,3.793716428,Placed,95060.02969,2,2
6.332541564,0,Tier 2,Canada,100-300,0,42.52310717,60.0404535,AI/ML,Healthcare,4.446394775,Placed,98513.14811,2,2
6.493795976,1,Tier 3,India,100-300,2,100.0,62.9377911,Data Science,Finance,2.013703476,Placed,42589.90348,1,2
7.595348568,1,Tier 2,Canada,100-300,0,75.99208912,77.22864079,Core CS,Manufacturing,7.240466682,Placed,90104.79209,2,2
7.213454717,0,Tier 1,USA,100-300,1,88.03543898,56.31786359,Data Science,Manufacturing,4.33191171,Placed,120000.0,3,2
6.728702177,3,Tier 1,USA,100-300,0,71.44197588,84.12179007,Cybersecurity,Other,5.182741838,Placed,113534.0297,3,2
7.296048892,0,Tier 1,USA,300+,3,72.19718224,63.9594748,Data Science,Other,6.615740183,Placed,120000.0,3,1
6.901013856,0,Tier 3,Germany,100-300,0,76.32295977,84.16133142,Cloud,Manufacturing,3.997962904,Placed,66003.35603,1,2
6.85394482,3,Tier 1,UK,100-300,3,69.40317953,70.01766687,AI/ML,Healthcare,5.436150066,Placed,117671.8124,3,2
6.10876284,1,Tier 2,USA,100-300,1,54.47765491,74.78272504,Cybersecurity,Consulting,6.522430172,Placed,100824.8625,2,2
7.206928918,2,Tier 2,USA,300+,1,75.52358545,79.03787581,AI/ML,Manufacturing,6.432198698,Placed,115082.9019,2,1
7.170191821,3,Tier 3,UK,300+,1,90.83697634,92.48106827,Cybersecurity,Healthcare,5.843168609,Placed,73629.49826,1,1
7.626298988,2,Tier 2,UK,300+,3,68.04644989,64.90351992,Cybersecurity,Finance,7.127930682,Placed,84195.39654,2,1
7.326442277,0,Tier 2,USA,300+,0,84.95016677,46.37743934,Cybersecurity,Manufacturing,3.690844887,Placed,112797.7393,2,1
7.440638058,1,Tier 3,Canada,300+,1,54.31583091,81.53830013,AI/ML,Finance,5.430493687,Placed,92090.84472,1,1
7.355819046,2,Tier 2,UK,100-300,1,62.02598101,44.4388246,Cloud,Healthcare,7.392866297,Placed,89599.53496,2,2
7.119490786,0,Tier 1,India,300+,2,42.13480578,56.44257759,Cloud,Manufacturing,4.586136029,Placed,55490.39934,3,1
7.291312237,1,Tier 2,India,100-300,0,57.5522409,73.54024466,Cloud,Other,5.662486553,Placed,43852.59755,2,2
7.005742774,2,Tier 3,Germany,300+,4,76.24296907,59.42296926,Core CS,Manufacturing,7.271755016,Placed,78618.96701,1,1
7.128391699,1,Tier 3,USA,Top 100,1,51.24599101,60.36218733,Data Science,Healthcare,3.756835881,Placed,98611.56787,1,3
8.770024832,1,Tier 2,UK,100-300,2,70.5611594,67.56559471,Cybersecurity,Tech,5.691559606,Placed,117879.0203,2,2
6.711968585,1,Tier 2,Canada,Top 100,1,88.91939153,67.43600968,Cloud,Consulting,5.067802152,Placed,95044.70033,2,3
7.249902568,2,Tier 3,UK,100-300,0,67.20835204,62.12987582,Data Science,Tech,3.054635731,Placed,91255.68849,1,2
7.954188132,1,Tier 2,USA,300+,1,98.77400485,64.86331608,Core CS,Tech,5.124713931,Placed,120000.0,2,1
5.993705475,2,Tier 1,USA,Top 100,2,54.77205515,80.92987277,Cybersecurity,Manufacturing,4.668040478,Placed,120000.0,3,3
7.270949854,1,Tier 1,USA,300+,1,58.9547444,84.7398564,AI/ML,Finance,7.832869836,Placed,120000.0,3,1
7.823565985,0,Tier 2,Germany,Top 100,3,97.66427249,51.43284091,Cybersecurity,Other,4.652557734,Placed,93603.57937,2,3
6.08558455,3,Tier 2,USA,100-300,0,49.24229066,81.38277661,AI/ML,Tech,6.910649616,Placed,120000.0,2,2
6.948249116,0,Tier 1,Canada,100-300,1,69.2488049,71.53850085,Cloud,Other,5.612109326,Placed,104969.9496,3,2
7.058557593,1,Tier 3,USA,100-300,5,56.8666677,65.65826873,Data Science,Tech,7.552354075,Placed,108520.6747,1,2
6.933025632,1,Tier 2,USA,Top 100,1,66.64514868,73.07085267,Data Science,Healthcare,5.595496531,Placed,120000.0,2,3
6.104363097,1,Tier 3,Germany,300+,0,69.84609848,66.97341984,Core CS,Healthcare,4.553172862,Placed,68873.02656,1,1
7.142955773,1,Tier 3,India,Top 100,2,64.69386012,77.50128772,Cloud,Manufacturing,6.475410394,Placed,34404.27017,1,3
7.983371827,1,Tier 1,Canada,Top 100,0,68.16326002,71.45659606,Cybersecurity,Finance,6.582691288,Placed,120000.0,3,3
7.482475748,3,Tier 1,Canada,100-300,2,62.2996652,86.65922021,Core CS,Finance,7.196497573,Placed,109795.8388,3,2
8.988151933,1,Tier 3,UK,Top 100,1,78.11400372,47.30255045,Data Science,Tech,3.112884227,Placed,107653.6818,1,3
7.211820249,1,Tier 3,Germany,300+,1,49.10078278,57.48524619,Cloud,Finance,7.874459459,Placed,83651.16783,1,1
8.02031259,0,Tier 3,Germany,100-300,1,68.93043522,84.63979965,Data Science,Other,3.196604555,Placed,92204.47225,1,2
7.426687396,1,Tier 3,India,100-300,2,61.27805851,58.21530705,Cloud,Healthcare,4.34184048,Placed,35691.73729,1,2
7.671574804,0,Tier 3,USA,Top 100,3,82.86528518,90.89705807,Cloud,Consulting,6.099810133,Placed,92478.19298,1,3
7.974555769,2,Tier 3,Germany,300+,3,80.84988721,57.64092545,Data Science,Consulting,4.841405283,Placed,77801.32433,1,1
7.6977576,1,Tier 1,Canada,100-300,0,78.1331794,75.09484606,Cloud,Consulting,3.518441372,Placed,113083.9946,3,2
6.747930615,0,Tier 2,Germany,100-300,2,77.0813278,56.27485696,AI/ML,Healthcare,4.570358664,Placed,89245.98862,2,2
6.542603166,3,Tier 2,Canada,100-300,2,57.6888588,54.81348447,Cloud,Tech,6.219956116,Placed,96777.7821,2,2
7.266086008,2,Tier 3,Canada,Top 100,0,68.16555596,67.65837486,Data Science,Healthcare,6.758854689,Placed,99833.51158,1,3
7.746502458,2,Tier 2,India,100-300,3,58.11571707,68.036105,Core CS,Finance,6.422752444,Placed,51594.02544,2,2
6.821823439,2,Tier 2,Canada,Top 100,1,69.63037884,94.21917102,Cloud,Finance,5.63921713,Placed,100798.8399,2,3
7.852137573,1,Tier 3,USA,100-300,0,30.0,39.31882943,Cybersecurity,Manufacturing,4.270780229,Placed,97207.58545,1,2
6.266943265,0,Tier 1,UK,100-300,2,72.89916384,65.10337488,Cloud,Consulting,5.933706325,Placed,102204.4792,3,2
6.330463437,0,Tier 2,India,300+,0,89.79214956,59.29302767,Cloud,Finance,4.927028369,Placed,38350.81766,2,1
7.246090135,1,Tier 2,Canada,100-300,2,56.03856347,81.90331412,Cybersecurity,Other,6.406185777,Placed,95006.39155,2,2
6.580346389,0,Tier 3,Germany,300+,0,62.41296188,94.02025515,Data Science,Other,3.99740202,Placed,80569.80531,1,1
8.081762143,0,Tier 2,USA,100-300,4,74.45442134,37.34696663,Cloud,Healthcare,7.425777722,Placed,120000.0,2,2
7.339253489,0,Tier 1,Germany,100-300,2,95.59539007,32.71158055,Data Science,Manufacturing,4.372848819,Placed,117527.7005,3,2
5.947347347,2,Tier 2,USA,300+,3,60.94893894,84.92316863,AI/ML,Manufacturing,4.223674583,Placed,107918.0409,2,1
7.2248074,0,Tier 1,UK,300+,0,69.2144439,56.42180491,AI/ML,Manufacturing,5.987609054,Placed,120000.0,3,1
9.594474376,0,Tier 2,Canada,300+,0,75.26913198,56.62804565,Cybersecurity,Manufacturing,4.228505279,Placed,95502.46374,2,1
8.846333,0,Tier 2,India,Top 100,0,43.91549928,59.37821033,AI/ML,Manufacturing,5.880642891,Placed,65469.39029,2,3
6.854840745,3,Tier 2,USA,100-300,2,80.86021648,70.28262023,Data Science,Consulting,7.997086626,Placed,120000.0,2,2
6.914930398,2,Tier 2,UK,300+,2,81.29703551,71.65882086,Core CS,Other,4.953855962,Placed,92586.80355,2,1
7.796465211,3,Tier 3,USA,100-300,1,88.22041131,83.76223985,Cybersecurity,Finance,2.639834332,Placed,93706.20411,1,2
8.362538088,0,Tier 2,UK,Top 100,4,70.10437203,66.74458657,Cloud,Manufacturing,4.114614048,Placed,102879.3407,2,3
7.466190067,2,Tier 1,Canada,100-300,2,70.37753729,54.86882305,Cloud,Healthcare,4.527747656,Placed,99368.50075,3,2
7.397498872,2,Tier 1,Canada,Top 100,1,70.17711593,96.80536566,Core CS,Manufacturing,1.0,Placed,106529.1379,3,3
7.855817164,3,Tier 3,India,Top 100,2,88.82439205,54.919161,AI/ML,Manufacturing,8.946606681,Placed,44200.49292,1,3
7.686411356,1,Tier 2,Canada,300+,1,100.0,69.59205524,AI/ML,Finance,3.862677083,Placed,102376.6979,2,1
6.337442982,1,Tier 1,Germany,300+,1,88.27555296,64.02568632,Core CS,Finance,4.659704213,Placed,95630.03521,3,1
7.634540551,0,Tier 1,UK,100-300,2,79.19813418,52.22244514,Cloud,Manufacturing,3.062021082,Placed,114269.4958,3,2
6.902354294,0,Tier 3,Canada,100-300,1,87.33955889,61.28845768,Core CS,Other,6.91331726,Placed,66429.00666,1,2
6.633721291,2,Tier 2,Canada,300+,2,57.31623926,83.45719924,Cybersecurity,Tech,5.640626972,Placed,87451.36576,2,1
6.872510214,0,Tier 1,UK,300+,3,50.98675409,67.95352544,AI/ML,Healthcare,2.875425116,Placed,120000.0,3,1
6.70353379,0,Tier 3,India,300+,3,77.90908597,66.91237296,AI/ML,Consulting,3.871717277,Placed,40757.6702,1,1
6.428255458,1,Tier 2,UK,300+,1,82.479485,88.81255598,Cybersecurity,Healthcare,4.593729876,Placed,88752.93974,2,1
7.417023924,0,Tier 3,UK,300+,0,64.99828289,53.11110391,AI/ML,Tech,6.511849246,Placed,99806.28958,1,1
7.257342833,0,Tier 2,USA,Top 100,0,70.64437977,76.93344999,AI/ML,Tech,6.727295036,Placed,120000.0,2,3
6.203881215,2,Tier 1,India,Top 100,1,76.70564852,71.77565686,Cybersecurity,Manufacturing,6.389197235,Placed,58595.60654,3,3
6.85479747,1,Tier 2,India,100-300,4,67.01086507,44.45294709,AI/ML,Other,5.658971577,Placed,55340.75984,2,2
8.143086166,0,Tier 1,Germany,300+,2,94.90182859,43.67252819,AI/ML,Healthcare,4.565920663,Placed,103826.6454,3,1
6.531257861,0,Tier 1,UK,Top 100,2,73.04182392,84.60203501,Cloud,Healthcare,3.827618221,Placed,106050.5125,3,3
7.263285423,0,Tier 2,India,100-300,1,59.5193841,74.64358993,AI/ML,Consulting,5.594410644,Placed,46797.70874,2,2
6.446199737,1,Tier 2,Canada,100-300,2,49.56806119,59.78272787,Cybersecurity,Other,4.965229988,Placed,85399.35892,2,2
7.082750503,1,Tier 3,UK,Top 100,3,95.07829586,82.25954701,AI/ML,Tech,6.564197948,Placed,97946.76313,1,3
8.633660832,0,Tier 2,Canada,Top 100,1,49.50669393,42.20156482,AI/ML,Manufacturing,6.561243766,Placed,120000.0,2,3
6.982176817,1,Tier 2,Germany,300+,0,74.03061904,37.32091626,Cybersecurity,Tech,4.956496288,Placed,81847.75687,2,1
7.257665849,3,Tier 1,UK,Top 100,1,70.89585605,61.24260191,Data Science,Other,3.475714797,Placed,120000.0,3,3
6.991126397,1,Tier 1,India,100-300,2,71.62348104,65.53844903,Cloud,Finance,3.775147342,Placed,54577.67415,3,2
7.658623933,0,Tier 2,Canada,Top 100,3,96.7472966,69.94376229,Core CS,Other,5.969530432,Placed,98094.78571,2,3
7.180609218,1,Tier 1,Canada,300+,2,44.13018907,65.11724159,Data Science,Finance,2.689886199,Placed,120000.0,3,1
7.014090602,2,Tier 1,Germany,100-300,1,100.0,79.56168833,AI/ML,Other,5.489229852,Placed,118420.7581,3,2
6.219707178,1,Tier 1,UK,300+,1,62.26015275,56.43062282,Data Science,Healthcare,5.214318055,Placed,115445.1415,3,1
8.042806346,0,Tier 3,Canada,100-300,0,62.35281232,55.01351229,AI/ML,Consulting,3.622760434,Placed,88589.00599,1,2
7.531762196,0,Tier 1,Germany,100-300,2,69.92134873,52.81288597,AI/ML,Healthcare,4.9555777,Placed,119758.3774,3,2
6.55766333,0,Tier 1,USA,Top 100,0,59.5448552,69.6206201,AI/ML,Finance,3.265258391,Placed,120000.0,3,3
7.801459883,0,Tier 2,UK,100-300,2,100.0,82.90977506,Cybersecurity,Healthcare,2.492986328,Placed,99302.906,2,2
6.601943329,0,Tier 2,India,100-300,3,73.3955627,64.59359779,Data Science,Manufacturing,6.431749422,Placed,50391.97767,2,2
6.374397206,0,Tier 2,UK,100-300,5,82.53427149,64.04536334,Cybersecurity,Manufacturing,6.16875993,Placed,91942.02908,2,2
7.377233904,3,Tier 3,UK,100-300,1,57.87425899,43.27726922,Data Science,Finance,3.432203285,Placed,102109.1978,1,2
5.535084097,3,Tier 1,India,Top 100,3,77.19338913,70.95048368,AI/ML,Tech,5.850304513,Placed,72060.97309,3,3
6.931144246,0,Tier 1,USA,300+,5,56.39669724,65.09640727,Cloud,Consulting,5.449042766,Placed,120000.0,3,1
6.879743632,2,Tier 1,USA,100-300,2,66.84980194,57.84798076,AI/ML,Tech,5.527880946,Placed,120000.0,3,2
6.062212997,0,Tier 1,USA,300+,2,54.99123215,57.29472357,Cloud,Other,3.989070552,Placed,113073.7207,3,1
6.559558455,0,Tier 1,Germany,100-300,1,41.0713931,69.43262053,Cybersecurity,Healthcare,5.904799063,Placed,90739.51556,3,2
7.253086657,0,Tier 2,USA,100-300,2,72.47787636,66.79779226,AI/ML,Healthcare,5.550099774,Placed,120000.0,2,2
6.291801051,2,Tier 1,USA,Top 100,2,72.14776126,61.20378344,AI/ML,Finance,3.749098135,Placed,120000.0,3,3
7.144850194,2,Tier 3,Canada,Top 100,2,86.59480504,46.59738828,Cybersecurity,Consulting,4.176081729,Placed,72844.10742,1,3
8.04262243,0,Tier 3,Germany,100-300,2,52.77892482,60.83051616,Cloud,Consulting,3.950219542,Placed,73555.01159,1,2
7.46893264,0,Tier 2,Germany,100-300,2,61.19625658,58.45862257,Data Science,Finance,5.396730598,Placed,104784.9518,2,2
7.205759176,2,Tier 2,Canada,Top 100,0,79.01410296,65.41200658,Cybersecurity,Healthcare,6.764877741,Placed,105469.194,2,3
6.80746786,1,Tier 3,India,300+,2,88.06700052,78.88090403,Cybersecurity,Finance,2.703705396,Placed,30517.08931,1,1
7.006304148,0,Tier 1,Canada,Top 100,4,94.29071254,62.28346175,AI/ML,Manufacturing,4.666437041,Placed,120000.0,3,3
6.739511158,3,Tier 3,Canada,100-300,2,96.56317017,71.77709185,Core CS,Tech,3.921972527,Placed,81285.81188,1,2
6.868531835,1,Tier 3,Germany,100-300,1,66.95758737,87.2168692,Cloud,Finance,5.032613975,Placed,73666.35892,1,2
7.169674682,0,Tier 1,USA,Top 100,5,67.65046456,56.56226826,Cloud,Finance,6.050750616,Placed,120000.0,3,3
6.187296938,1,Tier 3,USA,100-300,0,59.10989544,63.76552941,Data Science,Other,5.832069253,Placed,93775.53253,1,2
5.889165957,2,Tier 2,Canada,100-300,2,75.44855499,71.88853808,Cloud,Tech,5.52954981,Placed,95974.05201,2,2
7.127570005,1,Tier 1,India,100-300,3,64.47401459,100.0,Core CS,Finance,5.768870864,Placed,52008.04813,3,2
6.285769988,0,Tier 1,UK,100-300,2,88.45312128,66.69475311,Data Science,Other,3.75975719,Placed,120000.0,3,2
7.027770999,2,Tier 2,UK,300+,4,69.049681,84.54647753,Core CS,Healthcare,6.297444474,Placed,85829.79677,2,1
7.523980467,4,Tier 2,UK,100-300,1,45.74697063,68.17850272,AI/ML,Tech,6.154746359,Placed,116917.1115,2,2
7.336153234,0,Tier 3,India,300+,2,83.27519574,78.99605251,AI/ML,Consulting,2.71979182,Placed,40492.10325,1,1
6.31480141,0,Tier 2,UK,100-300,1,52.92676723,77.53753373,Cloud,Healthcare,2.41111536,Placed,87858.78187,2,2
7.078136301,1,Tier 3,UK,100-300,1,39.19041962,49.30275355,Core CS,Other,4.315937699,Placed,73748.01337,1,2
5.988401274,2,Tier 1,USA,300+,0,100.0,96.72897764,Cloud,Finance,6.593283856,Placed,120000.0,3,1
6.901016843,0,Tier 1,USA,100-300,1,58.77950735,36.31579461,Data Science,Other,5.791826203,Placed,120000.0,3,2
6.681856245,0,Tier 3,Germany,300+,1,100.0,68.45735207,Cybersecurity,Consulting,3.833063159,Placed,68458.95017,1,1
7.215435802,1,Tier 3,Germany,100-300,1,100.0,67.58212501,Cybersecurity,Tech,6.779047492,Placed,77628.60875,1,2
6.964085576,1,Tier 2,Germany,100-300,3,76.69514955,88.75115452,Core CS,Manufacturing,3.529432653,Placed,84635.32546,2,2
7.146000824,0,Tier 1,Germany,Top 100,3,71.73271901,63.70569396,Cloud,Other,5.350132807,Placed,105623.8596,3,3
6.46390784,1,Tier 3,India,100-300,0,76.18631977,63.48186858,Data Science,Manufacturing,4.547318217,Placed,42215.30724,1,2
7.937374332,1,Tier 1,USA,300+,3,69.2082564,76.0969808,AI/ML,Finance,3.74590814,Placed,120000.0,3,1
7.945512874,1,Tier 1,USA,100-300,2,65.28298037,62.94369131,Cloud,Manufacturing,5.040714553,Placed,120000.0,3,2
7.828870121,2,Tier 3,USA,300+,1,70.74891312,67.67382816,Cloud,Healthcare,5.72551539,Placed,83016.41806,1,1
5.86162006,1,Tier 1,USA,100-300,1,79.66267499,74.73958648,Data Science,Consulting,6.487435705,Placed,120000.0,3,2
6.223900592,0,Tier 1,UK,100-300,2,90.8051224,62.85417557,Data Science,Healthcare,6.168669105,Placed,120000.0,3,2
6.681953788,2,Tier 2,UK,Top 100,4,71.67160849,52.29891447,Data Science,Tech,6.09574339,Placed,109935.3827,2,3
7.990123006,0,Tier 2,USA,300+,1,79.49603708,84.23114105,Cybersecurity,Tech,4.601466578,Placed,120000.0,2,1
7.303814109,1,Tier 2,India,300+,3,85.09191988,62.38945576,Cybersecurity,Tech,4.037476992,Placed,46165.29158,2,1
6.751753836,4,Tier 2,Germany,100-300,0,78.6335618,75.30708456,Data Science,Finance,6.250834544,Placed,103065.0673,2,2
6.508541485,3,Tier 3,India,Top 100,1,68.96567596,70.23832054,Cybersecurity,Manufacturing,6.002259633,Placed,32373.63308,1,3
6.432168806,2,Tier 1,USA,100-300,2,84.00766737,58.15729101,Core CS,Consulting,2.266307551,Placed,120000.0,3,2
7.783111647,0,Tier 2,Germany,300+,0,58.44602422,54.7567555,Data Science,Consulting,6.73507278,Placed,100617.69,2,1
8.287024685,0,Tier 3,India,300+,2,63.91773283,55.54993886,AI/ML,Other,5.417894958,Placed,50662.03144,1,1
7.662583752,3,Tier 2,USA,100-300,0,84.47990892,68.64984673,Cloud,Healthcare,6.854472013,Placed,110755.7749,2,2
7.872689336,1,Tier 3,Germany,300+,2,56.20556214,84.02186755,AI/ML,Other,5.679013595,Placed,85232.35756,1,1
6.62964839,1,Tier 3,UK,100-300,0,87.55046035,99.52715637,Data Science,Finance,3.55755662,Placed,92036.4076,1,2
7.394923878,0,Tier 2,Canada,Top 100,0,73.00470116,47.87205762,Data Science,Tech,6.042814519,Placed,116182.7254,2,3
8.036850449,0,Tier 1,USA,100-300,1,53.40379781,74.51045193,Data Science,Consulting,8.772537016,Placed,120000.0,3,2
6.70759525,0,Tier 3,Germany,Top 100,0,80.82709076,73.87508713,Data Science,Consulting,3.572388394,Placed,88870.99323,1,3
5.883368638,1,Tier 2,India,300+,1,65.06687699,68.3002443,Core CS,Tech,4.229308494,Placed,51847.58061,2,1
6.827512337,2,Tier 2,USA,300+,4,73.98896448,52.14842562,AI/ML,Consulting,8.127294876,Placed,112143.2444,2,1
6.702513694,0,Tier 2,Canada,100-300,1,89.99416452,66.36680958,Cybersecurity,Tech,4.216443139,Placed,100847.7191,2,2
6.417230703,2,Tier 2,India,100-300,2,69.02072819,72.33946819,Cybersecurity,Healthcare,5.279676552,Placed,43126.33441,2,2
7.255619737,0,Tier 2,USA,100-300,1,79.67478548,62.72405058,Core CS,Tech,3.436469707,Placed,119204.0665,2,2
8.322893815,0,Tier 1,USA,100-300,2,61.81836043,64.13127312,Cybersecurity,Consulting,4.187802626,Placed,120000.0,3,2
7.111909786,3,Tier 1,Germany,Top 100,2,41.34528069,72.86029132,Core CS,Consulting,3.534218063,Placed,109051.8148,3,3
7.796894572,2,Tier 3,UK,Top 100,2,98.92692301,75.58974587,AI/ML,Manufacturing,4.303339902,Placed,100667.3074,1,3
5.88782246,1,Tier 1,Germany,100-300,2,95.27545598,32.02342935,AI/ML,Consulting,4.628181656,Placed,111461.182,3,2
7.126209151,0,Tier 3,UK,100-300,0,78.27717128,72.47376718,AI/ML,Healthcare,6.677104137,Placed,87199.75877,1,2
6.122105345,1,Tier 2,USA,300+,2,62.41850867,73.18758425,Core CS,Healthcare,6.77755337,Placed,99689.06546,2,1
6.408502874,1,Tier 3,UK,300+,0,73.00515653,71.85089973,Data Science,Healthcare,5.925793523,Placed,79930.18164,1,1
7.760012663,1,Tier 2,USA,100-300,2,68.26952987,82.14134984,Cloud,Other,8.342551565,Placed,106395.7357,2,2
7.194403778,3,Tier 2,Canada,100-300,3,60.83921803,66.62926154,Cloud,Consulting,3.916027599,Placed,90688.95173,2,2
6.842975479,1,Tier 1,USA,100-300,2,46.66473247,63.17195148,Cybersecurity,Manufacturing,4.350581798,Placed,120000.0,3,2
7.241360007,0,Tier 2,UK,Top 100,2,57.0143892,78.00012682,AI/ML,Consulting,6.579941181,Placed,116945.5757,2,3
6.287745722,0,Tier 2,USA,Top 100,0,75.43210737,71.97153215,Cybersecurity,Healthcare,6.191834769,Placed,105553.023,2,3
7.429032728,0,Tier 3,USA,100-300,0,67.21659287,99.13892663,Cybersecurity,Consulting,6.034602636,Placed,89495.74777,1,2
7.114439016,2,Tier 3,Canada,300+,1,72.15254097,67.90057034,Data Science,Healthcare,4.191804327,Placed,81839.45678,1,1
7.679689591,0,Tier 1,Canada,300+,2,81.0775352,67.70859854,Data Science,Healthcare,5.030740646,Placed,120000.0,3,1
7.554286067,2,Tier 2,Canada,100-300,3,75.9762847,72.42431415,Cybersecurity,Other,5.487566881,Placed,88954.94826,2,2
7.466057055,1,Tier 2,Germany,100-300,3,53.00636357,42.88864719,Cybersecurity,Finance,7.298199102,Placed,93509.82367,2,2
6.685557794,2,Tier 3,Germany,Top 100,1,45.74953257,88.52091236,Data Science,Consulting,8.735968141,Placed,77282.00969,1,3
7.80130546,1,Tier 1,Germany,100-300,1,83.65155483,77.52926576,Core CS,Tech,4.555357326,Placed,117115.117,3,2
8.114763622,3,Tier 1,India,300+,1,91.48451616,72.72356549,Core CS,Healthcare,8.086223992,Placed,63264.79574,3,1
7.568439282,2,Tier 2,UK,300+,2,73.56169116,53.53222125,Core CS,Finance,7.326369562,Placed,94424.02763,2,1
7.343472658,0,Tier 2,UK,300+,0,63.8983536,47.308511,Cybersecurity,Finance,3.592886985,Placed,96823.4752,2,1
7.303711719,0,Tier 2,Canada,Top 100,2,47.73268845,83.83596197,AI/ML,Healthcare,2.982903521,Placed,109071.4846,2,3
6.895951765,0,Tier 3,Canada,100-300,2,79.0150003,73.07747204,Core CS,Manufacturing,6.32642027,Placed,75571.28516,1,2
8.335255621,1,Tier 1,Germany,300+,1,84.05072289,84.40314012,AI/ML,Manufacturing,5.44133092,Placed,117212.9102,3,1
6.245953595,1,Tier 2,Canada,300+,4,80.35833793,40.30970973,Cybersecurity,Other,4.841545254,Placed,74224.39605,2,1
8.291823033,0,Tier 1,USA,Top 100,0,30.0,60.20524616,Cloud,Healthcare,6.053760847,Placed,120000.0,3,3
8.060345687,0,Tier 2,Germany,300+,3,79.05441633,68.29648733,AI/ML,Healthcare,5.487952228,Placed,104074.9553,2,1
7.468723361,0,Tier 3,Germany,100-300,1,60.31767178,78.8247714,Core CS,Consulting,4.590952507,Placed,67018.83909,1,2
6.410583891,2,Tier 2,India,300+,1,57.79674405,70.67011706,Core CS,Tech,2.907523907,Placed,39184.65951,2,1
7.174827234,1,Tier 2,UK,Top 100,3,80.14216001,62.50067422,Core CS,Finance,5.540423349,Placed,99217.18722,2,3
5.800787232,2,Tier 2,Canada,Top 100,2,92.15268502,89.58160014,Cybersecurity,Other,4.069190298,Placed,87364.09726,2,3
6.926524189,1,Tier 1,Germany,Top 100,2,78.36414202,61.76094236,AI/ML,Finance,6.100766478,Placed,120000.0,3,3
7.438655702,1,Tier 3,UK,300+,0,71.07558804,61.54430295,Core CS,Finance,5.400164181,Placed,80667.41553,1,1
7.759675657,3,Tier 3,Canada,300+,0,82.97207956,68.3986719,Cybersecurity,Healthcare,5.595188245,Placed,73854.39208,1,1
6.952467855,0,Tier 1,USA,100-300,1,76.95797059,52.88703073,Core CS,Finance,6.83055088,Placed,120000.0,3,2
8.484402652,0,Tier 1,Canada,100-300,0,60.45517036,74.36993444,Cloud,Tech,7.443909974,Placed,120000.0,3,2
6.722858795,1,Tier 2,UK,300+,2,85.74304444,69.96384615,Cloud,Manufacturing,7.00889284,Placed,94806.89001,2,1
5.710746113,3,Tier 1,USA,100-300,0,92.08397108,98.00934679,Core CS,Finance,4.909380221,Placed,119034.0844,3,2
6.730890444,1,Tier 3,USA,300+,3,90.70844265,47.12075462,Cybersecurity,Manufacturing,5.393724981,Placed,78582.1897,1,1
7.768243837,2,Tier 2,India,300+,2,52.10391764,68.13331611,Data Science,Tech,4.231700379,Placed,54807.09077,2,1
7.369986899,1,Tier 2,India,100-300,2,76.01105503,66.53140018,Cybersecurity,Consulting,6.98881992,Placed,44114.05784,2,2
7.137803509,1,Tier 1,UK,Top 100,2,46.26439022,44.671291,AI/ML,Tech,6.391622635,Placed,120000.0,3,3
7.537224937,0,Tier 2,India,100-300,1,73.32720047,92.90282165,AI/ML,Tech,3.957730177,Placed,58863.34868,2,2
8.222425088,0,Tier 2,Canada,300+,3,63.34122236,57.59642613,Cloud,Finance,3.79763074,Placed,95177.17391,2,1
7.310649604,0,Tier 1,Germany,100-300,1,58.55249118,68.97677428,Core CS,Healthcare,6.921876584,Placed,108953.2202,3,2
7.999603921,1,Tier 3,Canada,Top 100,0,61.60833533,76.07926386,Cybersecurity,Tech,6.175925415,Placed,88798.83484,1,3
6.381945001,1,Tier 2,USA,100-300,3,92.03623359,80.29639003,Core CS,Healthcare,4.191154464,Placed,106548.524,2,2
6.522420571,2,Tier 2,Canada,300+,4,68.26133055,56.55143513,Data Science,Tech,6.640891,Placed,98771.8102,2,1
6.670223404,3,Tier 3,Germany,100-300,4,82.19831494,58.72468276,Data Science,Other,3.266801185,Placed,77939.52602,1,2
7.730778986,2,Tier 3,UK,Top 100,2,69.17223156,60.48388051,Core CS,Tech,3.223725369,Placed,87703.43843,1,3
7.342548998,1,Tier 3,India,300+,3,60.42975867,55.59255156,AI/ML,Consulting,5.189386568,Placed,36771.22848,1,1
6.776005359,1,Tier 3,India,300+,2,93.67716743,94.85798777,Cloud,Other,2.936184959,Placed,34734.76582,1,1
5.976775411,2,Tier 2,India,300+,0,90.54303488,64.40259089,Cybersecurity,Healthcare,6.373217649,Placed,38510.47881,2,1
8.747277387,0,Tier 2,UK,300+,0,89.67536868,69.47980369,Cloud,Healthcare,4.251870892,Placed,102161.0765,2,1
7.456405767,0,Tier 3,India,300+,1,81.56216601,77.54642787,Data Science,Healthcare,6.527964287,Placed,43283.97754,1,1
7.89346702,1,Tier 2,USA,100-300,3,57.21285065,48.88529412,Cloud,Tech,6.895694712,Placed,120000.0,2,2
7.149132936,4,Tier 2,UK,Top 100,3,58.95223135,73.44948673,Core CS,Healthcare,5.604301968,Placed,89379.63373,2,3
8.512352548,0,Tier 3,UK,300+,0,100.0,59.03392208,Cybersecurity,Tech,3.837263744,Placed,92166.24016,1,1
7.039446665,1,Tier 3,Canada,Top 100,2,67.00130249,59.62567064,Cloud,Manufacturing,5.248799019,Placed,66942.44429,1,3
7.615071741,0,Tier 1,UK,100-300,3,87.24127317,70.08153146,Cybersecurity,Tech,4.826969728,Placed,120000.0,3,2
6.513418794,1,Tier 2,UK,100-300,1,75.42609293,56.90623473,Core CS,Consulting,5.161817808,Placed,88241.96769,2,2
7.248887993,3,Tier 1,Germany,Top 100,3,66.42544394,72.26842164,Cybersecurity,Other,8.423190912,Placed,107934.7765,3,3
5.488280566,1,Tier 2,India,300+,2,92.09841053,47.68843624,Cloud,Other,1.984193175,Placed,39319.72671,2,1
8.612220088,0,Tier 2,Canada,300+,0,65.87869468,70.82270274,Cybersecurity,Healthcare,5.163094219,Placed,89575.06454,2,1
8.032515569,0,Tier 3,Canada,300+,0,61.76689225,75.0203153,AI/ML,Other,4.205560507,Placed,90301.19357,1,1
6.118184208,0,Tier 2,UK,300+,0,93.71734932,70.38121205,Core CS,Tech,5.675610182,Placed,85027.08822,2,1
7.278049291,0,Tier 2,USA,100-300,0,82.04475526,81.01122475,Core CS,Other,4.781764175,Placed,113097.4231,2,2
7.284535159,1,Tier 3,Canada,100-300,2,67.15675358,55.7634179,AI/ML,Consulting,4.40029456,Placed,87180.17889,1,2
7.153261917,0,Tier 2,UK,100-300,1,91.26786771,74.90356556,AI/ML,Healthcare,6.035239799,Placed,106154.73,2,2
7.404992791,1,Tier 2,Germany,300+,1,73.18956274,59.9569193,AI/ML,Manufacturing,6.58787385,Placed,97100.67985,2,1
8.15784456,1,Tier 1,UK,100-300,2,47.42666326,72.30585253,Cybersecurity,Other,7.714996497,Placed,114589.5966,3,2
7.454482564,2,Tier 2,USA,100-300,0,80.33975661,74.98597672,Cybersecurity,Other,5.630728737,Placed,105767.0614,2,2
6.160275601,0,Tier 3,UK,100-300,2,65.2118474,89.90400763,Data Science,Manufacturing,3.985739799,Placed,76661.09097,1,2
8.090050282,0,Tier 3,USA,300+,2,54.48162793,76.94703256,Cybersecurity,Tech,4.381735982,Placed,94948.36401,1,1
9.521645388,1,Tier 1,Germany,100-300,2,72.9678324,59.64152487,AI/ML,Manufacturing,7.736793398,Placed,120000.0,3,2
7.442519325,1,Tier 2,India,Top 100,2,86.80571948,36.57653292,Data Science,Tech,5.245133188,Placed,67026.0683,2,3
6.561439761,1,Tier 3,Germany,100-300,1,89.80936116,40.47728127,Cloud,Consulting,7.452100246,Placed,70829.70238,1,2
8.538756636,0,Tier 3,USA,100-300,3,56.98016206,83.12151399,AI/ML,Healthcare,2.798492693,Placed,109386.5575,1,2
6.380308024,1,Tier 1,Canada,300+,3,65.33398497,68.82963951,AI/ML,Tech,2.32417526,Placed,111945.885,3,1
5.64865357,2,Tier 3,UK,300+,3,96.94889343,75.49409162,Core CS,Healthcare,6.875881295,Placed,64494.205,1,1
6.622989007,0,Tier 3,USA,Top 100,0,57.47555159,66.12472318,Data Science,Manufacturing,5.378582785,Placed,106039.1311,1,3
5.419609783,2,Tier 2,Canada,100-300,2,78.31512028,69.2986107,Data Science,Manufacturing,4.49773862,Placed,92364.05443,2,2
7.600879564,0,Tier 3,Germany,300+,3,64.93368156,79.19918724,Data Science,Tech,6.541082283,Placed,83366.14993,1,1
5.337750544,1,Tier 3,Germany,Top 100,5,47.75258645,83.28658342,Data Science,Tech,4.485287422,Placed,80156.82158,1,3
8.314702525,1,Tier 2,India,100-300,0,57.02561992,80.62643554,Cybersecurity,Healthcare,4.057329437,Placed,53660.25841,2,2
6.309205116,0,Tier 3,USA,Top 100,1,94.39532801,75.94648435,Cloud,Tech,4.840139803,Placed,106449.4922,1,3
7.014413498,1,Tier 2,Germany,300+,1,62.09327844,46.21232895,Cybersecurity,Consulting,4.377035205,Placed,87807.61303,2,1
7.378104277,0,Tier 2,UK,300+,0,54.08901711,79.77146379,Cybersecurity,Manufacturing,5.796427782,Placed,90171.24966,2,1
7.474053819,0,Tier 2,Germany,Top 100,0,69.57090718,63.62717684,AI/ML,Finance,5.735093907,Placed,104079.7599,2,3
7.506661461,0,Tier 2,India,300+,3,50.31812378,66.23471672,Cloud,Manufacturing,6.943058434,Placed,43053.82621,2,1
7.018104682,3,Tier 3,India,300+,1,74.89258125,49.65600073,Cybersecurity,Manufacturing,5.046893439,Placed,42977.92999,1,1
7.158944008,2,Tier 3,Germany,Top 100,1,62.7952629,82.51626317,Cybersecurity,Consulting,5.567829937,Placed,72002.52117,1,3
6.936746127,1,Tier 2,India,100-300,0,41.74282037,51.11547315,Cloud,Healthcare,7.403598553,Placed,34054.24601,2,2
6.536700712,0,Tier 3,Canada,300+,0,78.14140483,52.20752814,AI/ML,Healthcare,4.177120702,Placed,68908.60053,1,1
6.615332968,1,Tier 1,UK,100-300,1,88.54105581,67.35113461,Core CS,Healthcare,6.008305314,Placed,101647.3064,3,2
7.556934398,0,Tier 2,Germany,300+,0,69.71354537,60.49059733,AI/ML,Finance,5.801655067,Placed,88083.31676,2,1
8.73594927,1,Tier 2,Germany,100-300,5,70.24995989,78.03533737,Cloud,Other,6.654393873,Placed,97736.7258,2,2
5.86105389,1,Tier 1,India,300+,2,73.13088873,46.87837096,AI/ML,Tech,7.054822139,Placed,73930.45613,3,1
7.626871732,0,Tier 2,USA,Top 100,0,79.08754303,69.89902797,Data Science,Consulting,5.429731147,Placed,120000.0,2,3
6.457085551,0,Tier 2,Canada,100-300,2,73.32617732,47.84251618,AI/ML,Manufacturing,5.716948284,Placed,103684.3164,2,2
6.745409978,1,Tier 2,UK,100-300,2,75.59302964,58.51482614,AI/ML,Consulting,3.654713459,Placed,109460.9178,2,2
6.375074897,2,Tier 2,USA,Top 100,1,87.75593044,57.19712025,Core CS,Finance,5.481168859,Placed,107113.6999,2,3
6.792159887,1,Tier 2,India,Top 100,2,58.4339259,34.49584145,Data Science,Finance,5.477314972,Placed,56377.40997,2,3
7.68977881,2,Tier 2,Germany,Top 100,3,66.91484369,38.7619956,AI/ML,Finance,3.22921231,Placed,110752.8666,2,3
5.867018355,2,Tier 2,Germany,300+,2,88.65222083,61.74440061,Cloud,Consulting,4.700100982,Placed,85456.87103,2,1
7.413557213,3,Tier 1,Canada,Top 100,5,92.83491785,60.40439275,Data Science,Finance,4.959256985,Placed,120000.0,3,3
6.982159773,2,Tier 1,Canada,300+,4,87.41993814,46.01224524,Cloud,Consulting,4.842622602,Placed,104983.7628,3,1
7.612702624,3,Tier 2,Germany,300+,4,80.29924005,80.49603201,Cloud,Tech,8.81197386,Placed,90000.63002,2,1
7.23971815,1,Tier 2,India,300+,1,60.91871716,95.48670663,Core CS,Consulting,5.115259243,Placed,39503.10501,2,1
7.56056049,1,Tier 3,UK,300+,1,92.14663644,79.35195659,Core CS,Finance,4.564064755,Placed,74025.5811,1,1
9.251723556,2,Tier 2,UK,300+,2,68.07671804,80.14395702,AI/ML,Consulting,5.028458361,Placed,108613.4472,2,1
6.916525766,1,Tier 2,UK,300+,4,76.18009738,60.14163674,AI/ML,Other,5.773718784,Placed,102127.9227,2,1
7.14500093,3,Tier 1,UK,300+,4,67.47033549,42.64767435,Cybersecurity,Finance,6.703469109,Placed,116172.8771,3,1
7.3682173,1,Tier 1,India,300+,0,71.58975538,66.55875245,Cloud,Manufacturing,3.579302695,Placed,66940.41866,3,1
7.155873872,1,Tier 1,Canada,100-300,2,56.77891466,66.38520177,AI/ML,Finance,3.973857946,Placed,120000.0,3,2
6.184243744,0,Tier 1,Canada,100-300,4,76.56308519,56.16132147,Cybersecurity,Consulting,5.286804281,Placed,95463.04892,3,2
7.165089417,1,Tier 2,Germany,100-300,3,55.8548416,92.54634642,Cloud,Other,6.149121712,Placed,90830.57156,2,2
8.169756751,0,Tier 1,Canada,300+,0,95.71498784,51.31503562,Cloud,Other,4.992010463,Placed,112783.4021,3,1
7.769589751,2,Tier 3,Canada,100-300,3,68.75284173,55.90271036,Core CS,Healthcare,5.53998149,Placed,74975.76857,1,2
7.223414271,1,Tier 3,USA,300+,3,63.221622,67.90393901,Cybersecurity,Tech,6.548120627,Placed,90285.21598,1,1
6.239271416,1,Tier 3,USA,100-300,2,84.95632449,51.33009088,Data Science,Healthcare,3.286184151,Placed,88278.23282,1,2
7.254816804,0,Tier 3,UK,300+,3,59.07681128,90.24036721,Core CS,Finance,9.101112348,Placed,74137.4213,1,1
6.206642669,0,Tier 2,India,100-300,2,73.18225504,100.0,Core CS,Finance,3.982841652,Placed,46725.50673,2,2
7.151462646,1,Tier 1,UK,Top 100,1,77.52943532,65.19535064,AI/ML,Consulting,6.685142419,Placed,120000.0,3,3
7.237795419,0,Tier 1,Germany,300+,2,62.3708043,70.04484966,AI/ML,Finance,4.63455998,Placed,115031.0492,3,1
7.843188617,1,Tier 3,Canada,300+,2,37.25781088,52.4317134,Data Science,Healthcare,6.716368157,Placed,85612.50875,1,1
7.457605023,0,Tier 1,UK,100-300,1,77.57769033,40.53747545,Data Science,Consulting,4.635679427,Placed,120000.0,3,2
6.436217252,0,Tier 1,Canada,300+,2,87.5433935,81.54530299,Cybersecurity,Other,2.25347393,Placed,94827.10563,3,1
6.884076337,1,Tier 1,Canada,Top 100,1,34.29720311,68.07293917,Cybersecurity,Healthcare,5.855362023,Placed,101781.8866,3,3
7.090512366,2,Tier 3,USA,Top 100,3,67.06054832,55.00484337,Data Science,Manufacturing,5.303619438,Placed,105895.0961,1,3
6.709506671,1,Tier 1,Canada,100-300,5,57.071699,54.77497479,Cloud,Finance,6.421027612,Placed,102724.9782,3,2
6.689322449,1,Tier 2,Germany,100-300,1,55.17829979,69.32334411,Data Science,Tech,6.031907186,Placed,97527.24478,2,2
7.50692882,2,Tier 3,India,100-300,4,82.906127,46.12315466,Cloud,Consulting,5.28963796,Placed,46554.21605,1,2
8.342939739,0,Tier 2,USA,300+,3,47.0886163,86.78172482,Cybersecurity,Healthcare,3.801381254,Placed,109991.3044,2,1
8.048933998,1,Tier 3,UK,300+,1,67.64167417,30.0,Data Science,Other,6.595370156,Placed,92043.0136,1,1
7.687667898,1,Tier 1,USA,100-300,2,83.0075479,52.04651355,Cybersecurity,Healthcare,7.389811632,Placed,120000.0,3,2
7.063841187,0,Tier 3,Germany,300+,2,55.25701604,43.78879367,AI/ML,Other,4.317236395,Placed,71574.5513,1,1
7.911644429,3,Tier 2,Germany,Top 100,1,47.86071306,66.59997267,Cybersecurity,Finance,7.541023066,Placed,98646.99475,2,3
6.12110366,1,Tier 3,Germany,Top 100,2,95.15998391,58.06672671,Cloud,Tech,4.022071294,Placed,76729.60376,1,3
8.13640343,1,Tier 2,Canada,Top 100,2,66.18726147,91.21720707,Data Science,Finance,5.586148348,Placed,119276.9284,2,3
6.909215483,0,Tier 2,USA,Top 100,1,81.62249894,89.49354862,AI/ML,Healthcare,3.896199621,Placed,120000.0,2,3
7.177246779,0,Tier 2,UK,Top 100,2,62.48018855,48.63049687,Cybersecurity,Consulting,5.519677795,Placed,99664.59779,2,3
7.987801531,1,Tier 2,USA,300+,1,65.80253694,76.03050348,AI/ML,Manufacturing,2.833611196,Placed,120000.0,2,1
7.476392718,0,Tier 3,Germany,100-300,0,67.569178,53.20372985,AI/ML,Other,4.178019359,Placed,85031.9424,1,2
6.894264515,1,Tier 2,Canada,100-300,2,70.84435198,48.87921944,AI/ML,Finance,6.767414142,Placed,100248.6968,2,2
6.376930366,1,Tier 1,India,100-300,2,86.68287473,47.36326126,Data Science,Tech,6.549314333,Placed,57865.34303,3,2
8.080858314,0,Tier 2,India,100-300,2,74.31424265,57.18783658,Core CS,Tech,5.536589941,Placed,51319.53948,2,2
7.708952951,0,Tier 2,Canada,300+,2,73.6754785,64.92175072,Core CS,Tech,5.799229581,Placed,98032.04735,2,1
6.949888338,1,Tier 2,Canada,Top 100,2,67.31185491,58.72976188,Cybersecurity,Healthcare,6.94514671,Placed,95698.73202,2,3
6.764605995,1,Tier 3,UK,100-300,0,84.1145392,68.76074695,AI/ML,Finance,6.722611136,Placed,99893.16891,1,2
8.085266709,1,Tier 1,India,100-300,2,95.20569312,85.54452244,Data Science,Healthcare,2.858639952,Placed,63046.18672,3,2
7.185473674,1,Tier 2,Germany,Top 100,2,76.69501185,80.02719275,AI/ML,Manufacturing,8.028343981,Placed,108202.9226,2,3
7.916824115,2,Tier 2,UK,300+,1,43.63412342,66.18337814,Core CS,Tech,6.724029524,Placed,104411.0337,2,1
6.378102812,0,Tier 2,Germany,300+,1,60.83428165,38.78574324,Cloud,Tech,4.838532921,Placed,84071.13692,2,1
8.247031348,1,Tier 1,USA,100-300,2,100.0,70.86848503,Core CS,Finance,8.461782337,Placed,120000.0,3,2
8.303713705,0,Tier 2,Germany,300+,3,76.6387468,85.76457483,Data Science,Consulting,6.180663669,Placed,103715.7372,2,1
6.701859533,0,Tier 2,India,Top 100,1,43.52889919,58.22223046,Core CS,Finance,4.755905858,Placed,50889.75684,2,3
6.805841002,1,Tier 2,Germany,100-300,1,83.98801851,64.08143169,Cloud,Finance,4.976628995,Placed,94857.70606,2,2
5.487991863,3,Tier 2,USA,Top 100,0,73.99859244,83.14977091,Data Science,Consulting,5.676458659,Placed,114483.6862,2,3
6.890151227,0,Tier 1,UK,300+,0,57.43883341,82.69831623,Data Science,Other,7.032617687,Placed,120000.0,3,1
7.766233292,1,Tier 1,Germany,300+,2,79.72679038,88.24752943,Cloud,Healthcare,5.74546829,Placed,92938.84173,3,1
7.246141323,0,Tier 3,Canada,300+,0,71.19404489,72.57107753,Cybersecurity,Consulting,5.403732101,Placed,63730.28718,1,1
8.438980015,1,Tier 3,UK,300+,1,40.45045642,59.88336911,Data Science,Tech,6.465921904,Placed,100279.1177,1,1
6.411839172,1,Tier 3,USA,300+,1,81.77583227,79.0757198,Cybersecurity,Tech,2.186065185,Placed,87011.35454,1,1
8.324966602,0,Tier 2,Germany,100-300,2,51.52893169,62.73542824,Cloud,Manufacturing,5.857308667,Placed,97546.8591,2,2
7.001830349,1,Tier 1,USA,100-300,4,65.20378187,67.89552644,Core CS,Consulting,5.149163568,Placed,120000.0,3,2
8.017513938,0,Tier 3,Germany,300+,0,39.71607585,40.20740812,Core CS,Consulting,6.371333708,Placed,73626.13051,1,1
6.689405557,0,Tier 1,Canada,300+,2,96.4909287,74.5267912,AI/ML,Finance,7.464625603,Placed,119874.556,3,1
6.955263641,1,Tier 3,USA,300+,1,65.31690149,72.94983661,Core CS,Other,6.577292623,Placed,80324.65423,1,1
7.270366023,2,Tier 3,Canada,300+,1,73.23398513,60.77329073,Data Science,Consulting,5.462611777,Placed,67257.75472,1,1
7.713042949,1,Tier 1,Canada,100-300,1,83.57174141,80.3086823,Data Science,Manufacturing,4.815725502,Placed,120000.0,3,2
8.310687786,0,Tier 1,Germany,100-300,1,62.94267729,53.55786843,Data Science,Other,4.502817942,Placed,120000.0,3,2
7.30504769,1,Tier 1,India,300+,1,78.44905934,86.31721394,AI/ML,Consulting,7.577448803,Placed,56321.82651,3,1
7.249322285,2,Tier 1,Germany,300+,3,95.7053826,78.64274539,Cloud,Finance,1.762622342,Placed,110708.6606,3,1
6.924140615,0,Tier 3,India,Top 100,2,71.66512948,58.7502188,AI/ML,Finance,5.462986294,Placed,47799.90314,1,3
6.58817386,2,Tier 2,USA,100-300,0,100.0,95.36235395,Cybersecurity,Manufacturing,7.328940204,Placed,108593.8632,2,2
6.618071435,2,Tier 2,India,100-300,2,63.43634784,53.5555592,Cybersecurity,Consulting,7.704236012,Placed,52225.91252,2,2
7.067334584,1,Tier 2,Germany,300+,1,84.16889157,65.71199287,Cloud,Consulting,6.110843824,Placed,77698.4144,2,1
7.010262915,3,Tier 1,UK,300+,3,69.91481347,66.51107979,Cybersecurity,Finance,2.782622807,Placed,110036.8832,3,1
6.785083397,5,Tier 3,India,Top 100,2,82.1657496,63.57362007,Cloud,Healthcare,7.230076221,Placed,41889.97311,1,3
6.653780893,1,Tier 2,Germany,300+,0,56.12992359,50.44536711,Data Science,Consulting,5.415246784,Placed,84972.20453,2,1
7.635054774,0,Tier 3,India,100-300,2,56.25170002,66.6886033,AI/ML,Manufacturing,4.813175957,Placed,46936.30373,1,2
6.762099137,1,Tier 3,USA,100-300,3,63.42544524,39.43433962,Cloud,Other,5.591852969,Placed,92941.0204,1,2
6.802893278,1,Tier 3,USA,300+,1,90.7747397,86.1598117,Cloud,Other,4.953274029,Placed,87590.67712,1,1
7.789101205,3,Tier 1,UK,Top 100,1,55.08195771,65.00085263,Cybersecurity,Consulting,4.813178827,Placed,120000.0,3,3
6.430421418,2,Tier 2,Germany,Top 100,2,98.84911992,91.64910512,AI/ML,Tech,5.435539146,Placed,100424.1091,2,3
6.871495104,0,Tier 3,USA,300+,1,80.07897406,79.06046125,AI/ML,Other,5.467021261,Placed,97249.13774,1,1
6.227002944,1,Tier 2,UK,100-300,1,100.0,58.41394081,Cybersecurity,Other,6.402602944,Placed,81647.07028,2,2
7.393204518,2,Tier 1,Germany,Top 100,0,60.52343556,87.55742864,Cloud,Tech,5.511546642,Placed,116713.8315,3,3
8.450726159,0,Tier 3,Canada,Top 100,1,55.55113239,61.88552736,AI/ML,Tech,6.400598727,Placed,103536.8257,1,3
7.222678908,3,Tier 2,USA,100-300,4,67.88411384,76.8338658,Data Science,Finance,5.857886013,Placed,120000.0,2,2
6.532073877,0,Tier 1,India,Top 100,1,64.29776055,81.76908245,Core CS,Finance,6.113258318,Placed,64462.16226,3,3
6.616993143,1,Tier 3,Canada,100-300,0,65.91481249,43.0965198,AI/ML,Tech,4.677020873,Placed,82702.70827,1,2
8.879260629,3,Tier 2,India,Top 100,0,73.31184811,95.49747436,AI/ML,Manufacturing,8.426680819,Placed,73440.11259,2,3
6.427165251,1,Tier 3,UK,300+,3,75.32695908,65.84397518,Core CS,Finance,4.687847056,Placed,78115.62401,1,1
6.666699756,1,Tier 1,Germany,Top 100,3,78.32245061,86.54235681,Cloud,Consulting,5.397771389,Placed,106149.6037,3,3
7.316639079,1,Tier 3,UK,300+,3,55.86103784,77.2760487,Data Science,Finance,5.956425397,Placed,90748.47952,1,1
7.21084065,0,Tier 2,Germany,Top 100,2,60.60240594,37.16860748,AI/ML,Finance,4.598517409,Placed,99579.15835,2,3
8.027276635,0,Tier 3,UK,300+,4,81.6139109,48.5137087,AI/ML,Manufacturing,6.573980558,Placed,86119.13009,1,1
6.603297462,2,Tier 3,India,300+,0,67.65658576,65.46289692,Core CS,Other,4.045639875,Placed,34071.79453,1,1
7.87784015,0,Tier 1,UK,300+,1,88.73348875,84.83173268,Cybersecurity,Healthcare,6.864883699,Placed,110553.0483,3,1
7.456943525,1,Tier 1,USA,100-300,3,61.1685657,51.43112741,Cloud,Healthcare,2.013492144,Placed,120000.0,3,2
6.211568319,3,Tier 2,India,100-300,3,70.70277216,82.61561304,AI/ML,Tech,3.858201765,Placed,63829.971,2,2
6.224205024,1,Tier 2,India,300+,3,83.75265781,58.91663262,Cybersecurity,Tech,4.810578396,Placed,42169.32583,2,1
7.088428254,0,Tier 2,India,Top 100,0,84.47495488,56.13048472,Data Science,Healthcare,3.201356901,Placed,53913.25376,2,3
6.498947779,0,Tier 1,USA,100-300,2,68.16727408,55.54947998,AI/ML,Healthcare,5.403457012,Placed,120000.0,3,2
7.395251135,1,Tier 1,India,300+,0,49.9530379,58.66556288,Data Science,Tech,8.52217295,Placed,67581.72728,3,1
6.314518508,1,Tier 2,UK,100-300,2,58.86690662,81.61254361,Cybersecurity,Healthcare,5.401272959,Placed,78832.57184,2,2
6.794927457,1,Tier 3,Canada,300+,1,80.6646366,59.1216733,Cloud,Tech,8.648148648,Placed,73825.28012,1,1
6.569561793,1,Tier 3,Canada,Top 100,3,40.83097996,47.07924427,Cybersecurity,Other,4.284211015,Placed,78555.98375,1,3
7.638275024,2,Tier 3,USA,300+,5,63.7972303,47.46237996,Cybersecurity,Tech,4.613939991,Placed,98199.97362,1,1
7.036393181,0,Tier 3,India,300+,2,30.0,71.61070885,AI/ML,Consulting,2.792177705,Placed,34672.22896,1,1
8.485317949,0,Tier 3,USA,100-300,3,46.59060579,55.45027457,AI/ML,Other,5.492627288,Placed,111597.5033,1,2
6.614587223,0,Tier 1,India,300+,3,83.74861708,82.64970772,Cybersecurity,Tech,5.353119274,Placed,59414.08215,3,1
7.675819501,2,Tier 3,India,100-300,2,100.0,30.49081295,Cloud,Tech,5.672569978,Placed,44560.49701,1,2
6.995551765,2,Tier 1,UK,300+,1,70.0919303,65.30819623,Core CS,Tech,5.542387011,Placed,118281.812,3,1
8.495054272,0,Tier 3,Germany,Top 100,1,76.36343148,76.88018755,Core CS,Tech,3.806562552,Placed,93846.98385,1,3
7.221265204,1,Tier 2,Canada,100-300,2,55.35434239,84.44136974,AI/ML,Healthcare,5.119204142,Placed,109047.3261,2,2
7.006844865,1,Tier 2,USA,300+,1,70.80098072,86.32124546,Cybersecurity,Finance,6.473660831,Placed,106184.2077,2,1
8.084458349,0,Tier 3,Canada,100-300,2,71.74293553,60.14665318,Data Science,Manufacturing,5.899021637,Placed,85741.11056,1,2
6.511313888,0,Tier 3,India,100-300,0,61.15444644,57.15270497,Core CS,Consulting,4.948325473,Placed,32633.90397,1,2
7.403586605,2,Tier 2,Germany,100-300,1,72.56326743,94.76353021,Core CS,Manufacturing,3.596030145,Placed,87466.32357,2,2
6.056432268,0,Tier 2,USA,300+,2,66.13869901,73.99700816,Data Science,Consulting,5.687524325,Placed,116902.1894,2,1
8.148069919,1,Tier 2,USA,300+,1,56.57633026,56.18127289,Core CS,Other,3.503371339,Placed,104593.4596,2,1
6.722158169,0,Tier 3,USA,100-300,1,42.14411977,71.03501492,AI/ML,Other,4.349979694,Placed,101044.9861,1,2
8.162620381,1,Tier 2,Germany,Top 100,2,90.80965144,61.07368907,Cloud,Manufacturing,3.624113332,Placed,90235.88584,2,3
6.937415473,3,Tier 2,UK,100-300,2,61.84524187,66.02659583,Core CS,Healthcare,3.49474919,Placed,86500.68251,2,2
7.71365408,1,Tier 3,UK,300+,2,70.88486652,58.0480013,Data Science,Finance,4.782753347,Placed,92915.23161,1,1
7.020168694,1,Tier 2,India,300+,4,58.61026622,45.89100201,Cybersecurity,Manufacturing,4.643874667,Placed,54163.93996,2,1
7.131435812,1,Tier 3,Germany,Top 100,2,99.88958653,70.23593901,Cybersecurity,Manufacturing,4.537711195,Placed,72549.36415,1,3
8.756978514,0,Tier 1,India,Top 100,5,94.96391718,91.77122612,Cybersecurity,Other,6.961438294,Placed,67495.85533,3,3
7.394389167,1,Tier 3,UK,100-300,3,46.57863413,44.04509503,Cybersecurity,Finance,3.634906794,Placed,82136.43448,1,2
6.953985798,1,Tier 3,USA,300+,0,70.35598595,87.68108878,Core CS,Healthcare,3.386301055,Placed,84712.48974,1,1
7.860274722,0,Tier 2,UK,Top 100,0,59.657897,52.17436304,AI/ML,Finance,3.10946262,Placed,120000.0,2,3
6.126699862,1,Tier 1,USA,Top 100,0,100.0,53.60836223,Cybersecurity,Manufacturing,3.110780082,Placed,120000.0,3,3
7.187078421,2,Tier 2,UK,Top 100,2,68.48970991,60.36033055,Cybersecurity,Finance,3.395991292,Placed,94382.12851,2,3
7.828354733,2,Tier 1,USA,100-300,1,60.10501862,55.81499553,AI/ML,Tech,4.676461641,Placed,120000.0,3,2
6.331150278,1,Tier 2,USA,Top 100,2,58.63338657,67.52305522,Cybersecurity,Finance,3.844664423,Placed,112182.083,2,3
8.139596657,1,Tier 2,Canada,100-300,1,72.46951535,81.70608135,Core CS,Other,5.539899727,Placed,96284.05858,2,2
6.926635181,0,Tier 3,Canada,Top 100,1,55.72817377,41.04296686,Core CS,Tech,4.168037168,Placed,83499.02362,1,3
6.289784391,0,Tier 3,India,300+,1,60.33044473,60.58290618,Cybersecurity,Tech,3.291382355,Placed,35332.47982,1,1
7.798105662,0,Tier 3,USA,300+,3,75.98932641,72.56770919,AI/ML,Finance,4.535331942,Placed,108132.4768,1,1
7.60761191,1,Tier 1,USA,100-300,1,72.48255316,39.69204957,Core CS,Finance,6.724902014,Placed,120000.0,3,2
6.952139085,0,Tier 1,Germany,300+,2,47.1371848,48.79316166,Cybersecurity,Finance,2.221851808,Placed,95384.13741,3,1
7.394848163,0,Tier 1,Canada,Top 100,0,71.69217581,52.93465919,Data Science,Manufacturing,5.815031382,Placed,118737.8502,3,3
7.232717646,0,Tier 2,Canada,300+,2,71.10744514,84.20862793,AI/ML,Tech,5.21325565,Placed,108439.2651,2,1
7.743527988,1,Tier 2,USA,300+,0,54.36670308,50.28464069,Data Science,Tech,4.162297275,Placed,120000.0,2,1
6.581014958,1,Tier 1,India,100-300,3,49.03743607,73.02197001,AI/ML,Manufacturing,6.314282912,Placed,60729.22302,3,2
6.226729687,1,Tier 3,India,300+,3,71.43674163,66.07601461,Cybersecurity,Other,4.957318414,Placed,27695.37658,1,1
6.94550126,1,Tier 1,UK,300+,0,67.16108381,72.59678676,Data Science,Healthcare,4.813939928,Placed,120000.0,3,1
7.291176505,0,Tier 3,Germany,100-300,2,88.98459019,58.42903602,AI/ML,Tech,6.566443676,Placed,85264.59611,1,2
8.674558346,0,Tier 2,Canada,300+,0,43.84809943,53.57110956,Core CS,Consulting,4.504739027,Placed,82641.55191,2,1
7.927504835,1,Tier 3,India,100-300,1,47.63125712,73.82758578,Core CS,Finance,4.751924693,Placed,41135.63096,1,2
7.162588764,1,Tier 3,India,100-300,3,98.53746935,52.84947285,AI/ML,Finance,5.676627817,Placed,51392.84118,1,2
6.633893401,2,Tier 2,USA,Top 100,1,63.70162221,61.55654824,AI/ML,Other,4.009739843,Placed,120000.0,2,3
7.148550864,0,Tier 2,India,300+,2,71.35147518,58.67275822,Cloud,Tech,2.316789216,Placed,44173.20899,2,1
8.207304811,1,Tier 2,India,300+,2,92.61993763,80.92010841,Data Science,Other,6.073114334,Placed,50073.23871,2,1
6.655752544,2,Tier 3,India,300+,5,65.36904147,79.18804623,Cybersecurity,Consulting,6.354105267,Placed,41326.5534,1,1
5.778265715,3,Tier 2,USA,Top 100,3,57.81419653,65.52856072,Data Science,Other,5.186048903,Placed,116179.3112,2,3
6.155928505,1,Tier 1,UK,100-300,3,88.29211254,38.75234311,Data Science,Consulting,3.829858287,Placed,112636.2772,3,2
6.212276172,3,Tier 3,India,Top 100,2,65.97776115,60.27760891,Cloud,Consulting,5.403202985,Placed,31424.96007,1,3
6.661121135,2,Tier 1,UK,100-300,2,85.0355484,57.49202338,Cloud,Other,4.848217554,Placed,105074.939,3,2
5.954104174,2,Tier 3,India,Top 100,1,63.06998971,46.41367468,Cloud,Other,5.362040022,Placed,43195.62614,1,3
6.495980016,1,Tier 1,India,100-300,4,90.98410309,92.03308662,Core CS,Tech,2.545896156,Placed,61450.22672,3,2
5.603434054,3,Tier 3,Germany,300+,0,59.67796268,61.49727228,AI/ML,Consulting,3.878861413,Placed,71389.21689,1,1
7.395764523,0,Tier 1,Canada,300+,2,56.35007307,43.57751176,AI/ML,Tech,5.773309899,Placed,120000.0,3,1
7.306748025,2,Tier 2,India,300+,0,64.58669519,54.42537735,Cybersecurity,Manufacturing,4.250787024,Placed,48201.83245,2,1
7.804739609,2,Tier 1,Canada,300+,1,71.59507819,60.28284906,Cybersecurity,Consulting,7.86407513,Placed,120000.0,3,1
7.123594932,1,Tier 1,USA,100-300,1,81.43649236,95.18518983,Core CS,Other,6.269429421,Placed,120000.0,3,2
6.730757928,3,Tier 1,India,300+,0,57.20053764,55.56948337,Cybersecurity,Healthcare,4.910553665,Placed,52020.6954,3,1
6.984101092,2,Tier 3,Canada,100-300,4,50.30161832,44.02780138,Core CS,Tech,5.648992703,Placed,75715.01312,1,2
6.914188187,0,Tier 2,Germany,300+,1,82.53018071,53.60021962,Data Science,Other,4.467226594,Placed,94524.1746,2,1
7.976226317,0,Tier 3,Canada,100-300,3,74.34328319,64.04529363,Cloud,Finance,4.679874462,Placed,79292.26014,1,2
6.389984609,1,Tier 3,USA,300+,2,79.47031081,89.66289093,AI/ML,Consulting,7.650822196,Placed,110345.3208,1,1
7.720426462,2,Tier 1,USA,Top 100,1,79.55735864,32.54113991,Data Science,Other,4.193546949,Placed,120000.0,3,3
7.603786638,0,Tier 2,USA,Top 100,2,79.45450141,50.98963366,AI/ML,Other,3.470298214,Placed,120000.0,2,3
7.159539189,0,Tier 2,UK,Top 100,1,94.55646886,63.80831238,AI/ML,Finance,6.156149604,Placed,116778.9355,2,3
7.378430626,3,Tier 2,UK,300+,0,56.13938737,73.99431444,Data Science,Healthcare,5.982754572,Placed,108583.1079,2,1
6.483542342,0,Tier 2,Germany,300+,0,43.5777829,63.46407553,AI/ML,Finance,6.872652113,Placed,97895.57288,2,1
5.671133268,2,Tier 2,Canada,300+,2,83.3470401,84.44341431,Data Science,Consulting,5.733175138,Placed,93284.55745,2,1
7.402601652,0,Tier 2,USA,100-300,2,82.67957858,46.95994145,Cybersecurity,Other,4.925285986,Placed,110301.9436,2,2
6.746119606,1,Tier 2,UK,100-300,3,84.619533,39.64360178,AI/ML,Consulting,6.893729147,Placed,96137.1585,2,2
7.752945493,0,Tier 2,USA,100-300,1,91.94839095,74.04171672,Data Science,Healthcare,5.425513456,Placed,120000.0,2,2
8.558674116,0,Tier 3,USA,300+,0,90.98625316,31.03470246,Data Science,Finance,3.008334302,Placed,103445.312,1,1
7.820087322,1,Tier 1,Germany,300+,3,44.31806162,67.23444306,Cloud,Consulting,5.681707926,Placed,109099.8196,3,1
6.476881289,1,Tier 2,Germany,100-300,1,71.45571958,64.48765744,Cybersecurity,Manufacturing,4.998477643,Placed,84714.01001,2,2
6.247680867,0,Tier 3,UK,100-300,4,84.43916426,74.55830414,AI/ML,Consulting,8.248812159,Placed,84423.45443,1,2
7.037994775,2,Tier 3,USA,300+,0,83.43973534,67.0436492,Data Science,Tech,6.073815808,Placed,108738.9273,1,1
7.572698196,2,Tier 3,USA,100-300,1,65.52560535,83.92962772,Data Science,Tech,2.840487207,Placed,120000.0,1,2
7.181627583,0,Tier 1,UK,100-300,0,47.57889885,81.22700365,Cybersecurity,Tech,6.656066454,Placed,120000.0,3,2
6.74074546,0,Tier 1,Germany,Top 100,2,48.57693523,65.63061797,AI/ML,Healthcare,5.779429678,Placed,110120.5973,3,3
7.544176288,1,Tier 1,Canada,300+,3,63.78862592,67.56270071,Cloud,Consulting,3.216077348,Placed,93117.8819,3,1
7.245922856,1,Tier 2,USA,Top 100,2,76.00882226,84.68496561,AI/ML,Consulting,2.353347668,Placed,120000.0,2,3
6.3403102,0,Tier 3,Germany,100-300,1,74.06717333,51.00763516,Cybersecurity,Healthcare,4.354022597,Placed,66601.37973,1,2
7.221280612,0,Tier 1,UK,100-300,1,75.13263994,84.67637257,Data Science,Tech,6.803864987,Placed,120000.0,3,2
7.025925611,0,Tier 2,India,100-300,1,86.25339759,48.70946102,Cybersecurity,Consulting,3.979272556,Placed,46856.88747,2,2
6.462011523,3,Tier 2,USA,100-300,5,62.58832646,100.0,Cloud,Consulting,7.551885169,Placed,99439.66174,2,2
7.178616669,1,Tier 3,Germany,300+,2,78.33128177,57.27267178,Cloud,Manufacturing,3.850757456,Placed,70452.89858,1,1
7.108270678,1,Tier 2,USA,100-300,1,60.72499724,43.28929369,Core CS,Consulting,4.658390914,Placed,104336.9027,2,2
7.7955579,2,Tier 1,Canada,300+,3,78.29025884,49.08227881,Cybersecurity,Tech,4.236532012,Placed,116214.8423,3,1
8.633655722,0,Tier 1,Canada,100-300,4,69.93341004,69.78945655,Cloud,Tech,5.442752872,Placed,120000.0,3,2
7.236223952,1,Tier 1,Canada,100-300,1,51.39680847,63.96472545,Core CS,Other,3.568923884,Placed,103019.6238,3,2
6.378800688,0,Tier 1,India,100-300,1,74.97183251,59.32201316,Core CS,Consulting,5.677961627,Placed,50306.76417,3,2
7.140951858,1,Tier 3,Canada,100-300,1,96.94799149,48.01630818,Data Science,Healthcare,5.66125277,Placed,83369.43584,1,2
7.158333334,3,Tier 3,Canada,100-300,1,74.00670323,67.78054127,Cybersecurity,Tech,4.225956017,Placed,81759.26454,1,2
6.450976691,1,Tier 2,Germany,100-300,1,80.82413941,88.14901582,Data Science,Other,1.247345657,Placed,101061.6526,2,2
7.116669176,2,Tier 1,India,100-300,2,79.53794059,67.25894007,Data Science,Consulting,4.385128981,Placed,61019.18221,3,2
7.468239549,2,Tier 1,Canada,100-300,1,40.28899713,66.80668861,Cybersecurity,Consulting,3.407528827,Placed,111197.398,3,2
7.655940202,2,Tier 1,Canada,100-300,1,74.66857846,87.87249554,Data Science,Other,3.344089628,Placed,120000.0,3,2
6.573819601,1,Tier 3,UK,100-300,1,64.50000456,95.01296522,Data Science,Tech,2.962829442,Placed,94620.89353,1,2
7.671731092,2,Tier 3,UK,100-300,0,76.98700106,76.83468959,Cloud,Healthcare,3.914502416,Placed,82927.13868,1,2
6.279462894,2,Tier 2,USA,300+,1,66.03253277,48.56588305,Cloud,Healthcare,6.173858154,Placed,107993.1222,2,1
7.864044847,0,Tier 2,Canada,100-300,0,55.82654811,57.57525336,Cloud,Finance,5.308359721,Placed,98111.61443,2,2
7.38984419,1,Tier 2,UK,Top 100,1,81.32769101,31.87100876,Cybersecurity,Manufacturing,1.040058225,Placed,101637.9501,2,3
6.899860457,2,Tier 2,UK,300+,3,77.61019171,77.92705131,Cybersecurity,Healthcare,6.618624245,Placed,86373.12902,2,1
7.677505683,1,Tier 2,India,Top 100,0,78.30426179,48.80652067,Data Science,Tech,5.914968958,Placed,61383.00822,2,3
7.432726815,1,Tier 2,Germany,300+,1,53.9516392,36.76560195,Data Science,Healthcare,2.896199677,Placed,91880.21573,2,1
7.700935334,2,Tier 3,USA,300+,2,43.38297955,49.37920451,Cybersecurity,Consulting,5.618132988,Placed,87667.59198,1,1
6.951139463,0,Tier 2,UK,300+,0,97.51013793,82.31695594,Cybersecurity,Finance,5.840230369,Placed,95320.79111,2,1
6.153247493,0,Tier 1,UK,300+,3,59.68183712,60.30050283,Core CS,Healthcare,3.857473525,Placed,100726.6849,3,1
6.719320456,2,Tier 1,India,300+,2,93.18544054,69.39078211,Cloud,Finance,6.484650204,Placed,53583.98676,3,1
5.225321792,3,Tier 1,UK,300+,3,84.99155492,49.21436648,Cloud,Tech,6.685817092,Placed,103277.778,3,1
8.095760886,0,Tier 2,Canada,100-300,4,41.86124147,65.00518631,Cybersecurity,Healthcare,5.00658686,Placed,93641.7253,2,2
6.131156334,0,Tier 1,Germany,300+,3,87.12506285,52.25037913,AI/ML,Healthcare,6.560614671,Placed,105479.1013,3,1
8.004322888,2,Tier 1,Canada,100-300,2,69.50645595,83.0681214,Core CS,Other,3.773798231,Placed,118665.482,3,2
7.756695715,0,Tier 2,USA,100-300,1,89.34231476,58.7897753,Core CS,Manufacturing,4.557738729,Placed,112460.1468,2,2
7.280296173,1,Tier 1,UK,Top 100,2,71.13979615,70.33697965,Data Science,Healthcare,5.81433267,Placed,120000.0,3,3
7.081987714,0,Tier 3,UK,300+,2,67.41423259,68.71650179,Cybersecurity,Finance,4.282480415,Placed,86727.1173,1,1
5.575073268,1,Tier 1,USA,100-300,1,67.90747564,64.28934203,Data Science,Consulting,5.895691161,Placed,120000.0,3,2
5.215625585,2,Tier 2,USA,Top 100,2,98.94641417,78.55133477,Cloud,Healthcare,3.866747083,Placed,99463.10934,2,3
6.557528146,2,Tier 2,USA,100-300,2,54.85333895,60.95440055,Data Science,Manufacturing,5.321964889,Placed,116268.3684,2,2
7.556691071,0,Tier 2,India,100-300,2,77.7815197,57.60125894,Data Science,Healthcare,5.279172572,Placed,51061.9712,2,2
7.938753821,0,Tier 3,USA,100-300,0,54.91860857,80.97323095,Core CS,Healthcare,8.088294865,Placed,101061.0053,1,2
6.781964223,2,Tier 1,Canada,300+,3,72.07555147,50.21212821,Data Science,Consulting,5.416499413,Placed,110884.0492,3,1
6.727521034,1,Tier 1,UK,100-300,3,58.17027094,67.57083189,AI/ML,Healthcare,4.738319805,Placed,119826.3505,3,2
5.914451544,2,Tier 2,UK,Top 100,5,72.77840647,50.95202547,Data Science,Manufacturing,5.159015806,Placed,106386.5439,2,3
7.178522444,0,Tier 2,UK,100-300,1,82.989126,39.31174362,Cloud,Manufacturing,5.913308846,Placed,85654.2805,2,2
7.441508777,1,Tier 3,Germany,100-300,3,77.55286507,86.89780218,Core CS,Tech,7.708152756,Placed,83322.9401,1,2
7.544184167,1,Tier 2,USA,Top 100,0,88.16227072,85.80877853,Core CS,Consulting,4.855198541,Placed,118689.7824,2,3
6.297389398,1,Tier 3,India,100-300,3,76.59051175,88.52514417,AI/ML,Manufacturing,5.667878543,Placed,40997.37158,1,2
7.079909564,1,Tier 2,India,100-300,0,73.9195313,71.3492881,Cybersecurity,Healthcare,5.981230314,Placed,48387.7791,2,2
7.384595664,1,Tier 1,Germany,100-300,1,64.80599792,75.89599033,Core CS,Consulting,4.321747344,Placed,110251.8412,3,2
8.197368326,0,Tier 1,Germany,300+,4,66.21915627,64.17945729,Cybersecurity,Finance,5.441587288,Placed,113313.5711,3,1
6.604027616,1,Tier 1,USA,100-300,1,74.59886514,83.47939936,AI/ML,Finance,5.031487499,Placed,120000.0,3,2
7.919737615,0,Tier 2,Germany,100-300,1,79.28730356,81.95529732,Data Science,Other,6.837927034,Placed,105404.6543,2,2
7.237261551,1,Tier 3,Canada,300+,3,42.59194408,69.24142434,Cybersecurity,Tech,7.349405938,Placed,77517.95563,1,1
7.230982402,3,Tier 3,Germany,Top 100,1,57.93451851,63.68933036,Cloud,Consulting,6.484013889,Placed,72464.73945,1,3
7.950877458,1,Tier 2,USA,300+,3,52.25813138,30.0,AI/ML,Tech,7.582993119,Placed,120000.0,2,1
8.479489713,0,Tier 1,Germany,100-300,1,89.67289307,79.81176367,Data Science,Tech,4.755811878,Placed,120000.0,3,2
7.674484266,3,Tier 1,USA,300+,4,40.73269326,66.88680442,Cybersecurity,Consulting,6.676685809,Placed,120000.0,3,1
7.930270862,1,Tier 2,India,300+,2,63.11818428,75.37900429,Cybersecurity,Finance,5.333294497,Placed,52303.54679,2,1
6.074867347,0,Tier 3,Germany,100-300,3,86.88736924,63.74613867,Cloud,Healthcare,4.538889274,Placed,64356.02719,1,2
7.680063466,0,Tier 3,UK,100-300,0,87.40599785,61.82573745,Cloud,Tech,6.217535194,Placed,87728.94259,1,2
7.334144602,3,Tier 1,Germany,Top 100,2,80.84832302,74.71114017,Cloud,Manufacturing,4.646231181,Placed,106505.0067,3,3
8.035988468,0,Tier 3,UK,100-300,1,53.61152305,81.31561485,Core CS,Manufacturing,3.339302337,Placed,82208.92644,1,2
7.435376282,0,Tier 1,USA,100-300,0,61.50546381,53.22007664,Cybersecurity,Other,7.321292575,Placed,120000.0,3,2
7.676642298,0,Tier 1,USA,Top 100,0,68.16465613,49.98698735,Cloud,Manufacturing,7.567280988,Placed,120000.0,3,3
7.411250042,3,Tier 3,USA,100-300,2,51.50673317,54.69982666,Cloud,Finance,4.475754687,Placed,90782.60862,1,2
6.631064214,0,Tier 3,India,Top 100,2,90.43860263,56.26829909,Cybersecurity,Manufacturing,3.825505642,Placed,45283.37967,1,3
7.60525174,0,Tier 2,India,300+,3,51.0369275,90.92822657,AI/ML,Finance,8.776170086,Placed,53847.0337,2,1
7.843113242,0,Tier 2,India,100-300,3,44.4351566,69.63712806,Cloud,Tech,4.030974669,Placed,59240.0779,2,2
6.044381648,1,Tier 1,USA,300+,1,72.28596151,67.32198888,Core CS,Finance,5.103248444,Placed,116759.1585,3,1
7.316336788,0,Tier 3,Germany,100-300,0,68.97065884,52.19789445,Core CS,Consulting,8.907981339,Placed,65107.32969,1,2
7.861478516,6,Tier 2,USA,100-300,2,58.06660591,44.85339896,Cybersecurity,Tech,7.073961157,Placed,120000.0,2,2
5.264258066,1,Tier 3,Germany,300+,4,35.14575479,55.26786499,AI/ML,Manufacturing,4.546016541,Placed,78242.88442,1,1
6.044648479,0,Tier 2,India,Top 100,4,65.91513352,43.92891242,Data Science,Finance,2.258029408,Placed,57646.7671,2,3
6.828745842,2,Tier 2,USA,100-300,2,42.78123202,64.54936269,Core CS,Consulting,4.027729886,Placed,99718.59152,2,2
7.303524318,0,Tier 1,India,100-300,2,52.10723449,72.73420637,Cloud,Tech,7.300407144,Placed,66854.99389,3,2
7.552378149,0,Tier 3,USA,300+,2,78.89614272,87.94749225,Cybersecurity,Other,4.233419675,Placed,83794.27782,1,1
7.212493595,0,Tier 1,India,300+,2,66.42712647,34.68331962,Cloud,Healthcare,4.057742607,Placed,48189.87058,3,1
7.526210541,0,Tier 2,India,Top 100,0,80.50017547,74.05006894,AI/ML,Healthcare,5.333739921,Placed,57706.98618,2,3
6.944374171,0,Tier 1,India,Top 100,1,88.03084411,57.81506592,Data Science,Consulting,5.954186339,Placed,62568.63784,3,3
7.846251345,1,Tier 2,Canada,300+,0,77.9963274,66.25826278,Data Science,Consulting,8.050197419,Placed,107910.1702,2,1
6.251522961,1,Tier 2,UK,100-300,3,55.25040917,72.87707,AI/ML,Healthcare,4.488821282,Placed,104210.6104,2,2
6.857665699,0,Tier 2,UK,300+,3,76.86783503,62.61997913,Cloud,Tech,1.94924773,Placed,96208.6873,2,1
7.275243137,0,Tier 3,Germany,100-300,0,75.73131264,95.81606984,AI/ML,Other,3.964990229,Placed,84214.39571,1,2
7.278673391,1,Tier 3,UK,Top 100,3,64.04685518,42.46751165,Cybersecurity,Finance,3.823380883,Placed,95016.18296,1,3
6.609835702,0,Tier 1,Germany,100-300,2,71.4868124,53.05256874,AI/ML,Healthcare,6.15345989,Placed,111153.3845,3,2
7.859466404,1,Tier 3,Germany,300+,3,69.77822822,65.06590208,Core CS,Finance,3.09956282,Placed,76014.26722,1,1
7.397120094,2,Tier 3,UK,300+,1,55.70192527,52.18361207,AI/ML,Finance,7.356147032,Placed,93812.16409,1,1
8.660052031,1,Tier 3,Canada,Top 100,0,68.05580611,64.74191949,Cloud,Healthcare,3.841394143,Placed,85515.92048,1,3
7.944102539,3,Tier 2,USA,100-300,0,74.80057645,40.16845185,Data Science,Tech,7.586478933,Placed,120000.0,2,2
5.88970516,3,Tier 3,India,300+,5,60.79213673,51.57027746,Cloud,Manufacturing,2.737039715,Placed,40112.03652,1,1
7.611088281,1,Tier 3,USA,300+,0,79.34946979,71.13674474,Data Science,Finance,5.486945807,Placed,102281.8921,1,1
7.134412272,0,Tier 1,Canada,300+,4,60.53696652,82.56828284,Data Science,Other,3.598365709,Placed,113079.9825,3,1
7.756169228,1,Tier 2,India,100-300,2,60.34082241,58.56829194,Data Science,Tech,4.666485873,Placed,60503.40414,2,2
6.297220959,1,Tier 1,India,Top 100,2,79.47848068,70.02343656,Cybersecurity,Tech,5.595277303,Placed,62778.80769,3,3
7.593967131,1,Tier 2,Germany,300+,0,91.55945323,100.0,AI/ML,Healthcare,5.860778123,Placed,103066.5039,2,1
6.489929966,1,Tier 3,UK,300+,1,56.45007848,82.7633801,Cloud,Tech,6.032588433,Placed,83471.63433,1,1
7.173346495,0,Tier 2,Canada,100-300,2,71.44699314,72.56221321,Cybersecurity,Finance,6.968499047,Placed,93899.02108,2,2
6.757319946,1,Tier 1,UK,Top 100,1,83.49995433,79.68408237,Core CS,Tech,4.742307915,Placed,120000.0,3,3
6.824906999,2,Tier 3,Germany,300+,1,89.71134618,68.99682132,Cybersecurity,Finance,7.160712524,Placed,77920.75001,1,1
7.61299438,0,Tier 1,USA,100-300,2,85.0767084,82.11369188,AI/ML,Manufacturing,4.951245059,Placed,120000.0,3,2
8.556156059,0,Tier 3,USA,300+,0,77.53601199,56.27015958,AI/ML,Other,6.00861228,Placed,109488.2896,1,1
7.467451333,1,Tier 2,Germany,300+,2,67.66609339,65.86703128,Data Science,Other,2.915113015,Placed,102153.0644,2,1
6.919619424,1,Tier 3,India,100-300,1,81.56848217,63.21946099,AI/ML,Healthcare,2.46701462,Placed,44466.681,1,2
7.328440068,0,Tier 2,UK,300+,4,100.0,49.27590143,Cybersecurity,Other,3.793690998,Placed,95021.22489,2,1
8.114545006,3,Tier 2,USA,100-300,0,61.05880749,72.03391916,AI/ML,Healthcare,2.866943834,Placed,120000.0,2,2
7.671479291,0,Tier 2,UK,100-300,1,72.11589653,80.42173432,AI/ML,Other,5.068711007,Placed,104776.9716,2,2
6.227074621,1,Tier 2,UK,100-300,4,42.0968526,73.19429307,Data Science,Finance,5.500803694,Placed,105717.907,2,2
6.93648926,1,Tier 3,India,100-300,0,80.05608208,69.09116902,AI/ML,Finance,3.230959357,Placed,42565.54818,1,2
6.759627241,1,Tier 2,Germany,100-300,2,70.32317491,65.46677806,Cybersecurity,Tech,5.731992016,Placed,88620.62001,2,2
6.195518899,0,Tier 1,India,Top 100,4,80.99781864,93.8349661,Data Science,Finance,6.357242122,Placed,62538.74627,3,3
7.288131347,1,Tier 2,Canada,Top 100,2,50.5164355,35.25228126,Core CS,Finance,5.768807399,Placed,87694.28412,2,3
7.524323064,1,Tier 3,Canada,300+,2,70.36160646,84.03722891,Cybersecurity,Consulting,6.592516031,Placed,70419.14965,1,1
8.37523249,0,Tier 3,UK,100-300,3,48.52328017,88.73158475,AI/ML,Manufacturing,2.620797018,Placed,99446.7992,1,2
6.282933873,2,Tier 3,India,100-300,1,69.33270183,96.42926327,Cloud,Other,6.401178353,Placed,30083.72576,1,2
7.17544187,3,Tier 3,USA,100-300,1,62.32043335,75.98184657,Core CS,Manufacturing,7.355502261,Placed,80575.10002,1,2
7.681974915,1,Tier 2,UK,100-300,3,76.53395858,75.1063296,Cybersecurity,Finance,3.349297379,Placed,98126.25817,2,2
6.016653122,2,Tier 2,India,Top 100,1,73.70405358,43.37289814,Cybersecurity,Consulting,1.354645459,Placed,41406.83037,2,3
8.161694159,0,Tier 2,India,300+,1,50.13350685,76.22643461,Cloud,Tech,6.915481517,Placed,56992.93338,2,1
7.011319412,4,Tier 2,India,300+,3,68.52307046,100.0,Data Science,Healthcare,6.950687423,Placed,60389.52967,2,1
6.760654582,1,Tier 2,Canada,100-300,1,51.24671662,62.13019863,Cloud,Manufacturing,6.113827496,Placed,98490.52746,2,2
7.647135416,1,Tier 2,India,300+,1,76.81171317,57.48726241,Data Science,Healthcare,4.727475689,Placed,49900.98081,2,1
6.532435767,1,Tier 2,India,100-300,3,73.52778281,59.90474486,Cloud,Finance,5.653471537,Placed,50220.59315,2,2
6.822770722,1,Tier 2,USA,Top 100,0,56.42698402,62.4017308,Data Science,Healthcare,5.340383584,Placed,120000.0,2,3
8.456435126,0,Tier 3,Germany,100-300,1,80.90745512,81.56547279,AI/ML,Other,6.451396678,Placed,88669.38958,1,2
6.546884327,0,Tier 2,USA,100-300,1,30.0,71.66935899,Core CS,Other,3.500323417,Placed,107855.1501,2,2
7.665293429,1,Tier 1,Canada,300+,1,86.7088117,80.98419807,Data Science,Consulting,3.353838584,Placed,120000.0,3,1
7.167576067,0,Tier 2,Canada,Top 100,3,64.59338721,50.73827198,Data Science,Consulting,7.206855625,Placed,102176.7298,2,3
6.21237276,0,Tier 3,UK,300+,4,86.83006387,64.08711118,Core CS,Consulting,6.369824387,Placed,66202.18257,1,1
6.849390932,0,Tier 2,UK,100-300,1,78.97512425,61.06940952,Cloud,Consulting,3.449626975,Placed,92686.92325,2,2
7.954490357,2,Tier 1,India,Top 100,1,85.76826596,44.30076033,AI/ML,Consulting,5.978401531,Placed,70796.65875,3,3
7.817212314,1,Tier 3,India,100-300,1,90.0234154,50.695949,Data Science,Finance,3.876761496,Placed,44783.22288,1,2
7.735131884,1,Tier 2,India,100-300,0,83.7203008,75.26237912,Data Science,Consulting,6.772796364,Placed,54352.88166,2,2
6.632274582,4,Tier 1,UK,300+,1,69.58235896,75.31970072,Data Science,Tech,3.004041023,Placed,120000.0,3,1
6.509129916,0,Tier 3,Canada,100-300,5,89.91819254,60.55348356,Data Science,Finance,5.822592664,Placed,85077.27578,1,2
7.436629371,1,Tier 2,Germany,300+,4,63.40085729,52.7564078,Cloud,Tech,6.572479893,Placed,95175.12337,2,1
5.262742876,1,Tier 2,Canada,100-300,3,81.12637922,32.17554852,Cybersecurity,Finance,3.079839728,Placed,91042.48886,2,2
6.993509439,2,Tier 2,USA,100-300,2,69.94909949,47.73661402,Data Science,Other,5.901728156,Placed,120000.0,2,2
7.12647138,1,Tier 2,Germany,300+,1,90.99833568,51.17457165,Data Science,Healthcare,4.559004491,Placed,93053.92703,2,1
6.777964595,0,Tier 3,USA,100-300,1,62.50682501,68.42464741,AI/ML,Other,5.15189365,Placed,97729.72451,1,2
8.033019071,0,Tier 2,India,100-300,0,80.97415879,68.54038908,Core CS,Tech,2.508906294,Placed,57121.64893,2,2
7.337424059,3,Tier 1,India,300+,1,85.66600193,63.51235368,AI/ML,Finance,6.683515253,Placed,57803.37472,3,1
8.048153526,0,Tier 2,Germany,300+,0,56.47586875,77.49626272,AI/ML,Tech,3.814598892,Placed,118030.9166,2,1
6.827231584,0,Tier 1,USA,100-300,2,62.43284916,77.77924107,Core CS,Consulting,5.423252546,Placed,120000.0,3,2
7.749981994,2,Tier 2,UK,100-300,5,98.32171232,71.67542688,Data Science,Other,7.249224323,Placed,104314.0783,2,2
8.308053116,0,Tier 2,Canada,Top 100,1,80.64499544,69.21927381,Data Science,Tech,8.707089957,Placed,120000.0,2,3
6.126286725,0,Tier 3,India,300+,3,61.28762692,75.44521577,AI/ML,Consulting,5.578083572,Placed,37515.37813,1,1
6.723868236,0,Tier 1,India,Top 100,3,72.81845511,67.04399792,Data Science,Tech,4.18454084,Placed,73319.82881,3,3
7.391403628,2,Tier 2,Germany,100-300,0,62.39589978,79.25619975,Data Science,Consulting,5.12324459,Placed,95946.84875,2,2
7.549082844,2,Tier 2,Germany,100-300,1,32.84863283,53.10351319,AI/ML,Consulting,6.45874466,Placed,88711.66482,2,2
6.328885861,0,Tier 1,USA,100-300,1,89.90475775,66.69940265,Data Science,Manufacturing,4.479765922,Placed,120000.0,3,2
7.054270811,0,Tier 1,UK,100-300,1,95.31054345,63.25981612,Cloud,Consulting,2.19426259,Placed,98167.1908,3,2
5.384058134,2,Tier 1,USA,100-300,4,90.49804259,88.77018205,AI/ML,Tech,6.374070838,Placed,120000.0,3,2
8.153556005,1,Tier 2,UK,300+,2,94.62413454,59.61010174,Cloud,Healthcare,6.412746459,Placed,93916.44181,2,1
7.044691152,0,Tier 1,India,100-300,3,65.78972598,67.7817374,Cloud,Tech,3.262775496,Placed,60171.56531,3,2
7.91682206,0,Tier 1,UK,300+,1,92.69297116,44.5290222,Cybersecurity,Consulting,10.0,Placed,110477.1654,3,1
8.380981237,0,Tier 1,India,300+,1,75.43028914,57.75832975,AI/ML,Finance,6.427930616,Placed,67022.85547,3,1
7.617436942,0,Tier 2,USA,100-300,2,76.22128274,57.6171205,Core CS,Healthcare,4.940691722,Placed,112135.1535,2,2
7.285002231,2,Tier 1,Germany,300+,2,58.71021495,81.36820664,Core CS,Finance,4.635618086,Placed,102479.6593,3,1
8.009215402,1,Tier 2,UK,Top 100,1,81.34349123,73.83430741,AI/ML,Manufacturing,3.802191355,Placed,112779.4148,2,3
6.466248732,0,Tier 1,Germany,100-300,0,54.66119506,59.49249296,Cloud,Other,3.390006837,Placed,100071.9624,3,2
6.413624881,0,Tier 2,Germany,100-300,2,74.55115255,81.78189943,AI/ML,Healthcare,1.0,Placed,92946.50683,2,2
7.876855926,1,Tier 1,India,100-300,3,73.77095031,77.2292747,Cloud,Manufacturing,3.646538633,Placed,67316.97311,3,2
7.340257047,1,Tier 3,USA,100-300,2,74.7238029,78.39249304,Data Science,Consulting,5.692409731,Placed,99096.8621,1,2
5.764050123,1,Tier 2,Germany,100-300,1,64.4777092,77.15152272,AI/ML,Consulting,3.213677979,Placed,92844.77442,2,2
6.568555988,0,Tier 2,UK,100-300,1,62.35837791,48.724737,Data Science,Tech,5.501180392,Placed,111325.7155,2,2
7.309106123,1,Tier 2,UK,Top 100,3,88.77767379,68.13532033,Cybersecurity,Tech,2.517500097,Placed,104435.0839,2,3
7.670211377,1,Tier 3,India,300+,1,71.58952006,72.22405486,Cybersecurity,Tech,5.760442174,Placed,41893.45433,1,1
7.418578549,2,Tier 2,UK,Top 100,0,78.45932091,84.61807774,Cybersecurity,Other,7.087374023,Placed,101636.7709,2,3
7.651184688,1,Tier 1,Germany,100-300,4,94.04629941,94.58714768,AI/ML,Finance,4.714572987,Placed,120000.0,3,2
7.509859746,2,Tier 3,USA,100-300,2,62.85139331,72.40760456,Cloud,Consulting,6.703787391,Placed,90093.57986,1,2
8.293040034,1,Tier 2,Germany,100-300,4,64.7183551,55.87344868,AI/ML,Healthcare,6.692299422,Placed,112743.9497,2,2
6.816494135,0,Tier 1,Germany,300+,0,93.96532422,40.2818699,Cybersecurity,Manufacturing,5.165214662,Placed,100357.6302,3,1
6.801107317,0,Tier 1,Canada,300+,2,67.99277812,85.0815904,Cloud,Healthcare,4.737425948,Placed,101911.3935,3,1
7.498725711,2,Tier 2,India,300+,1,59.689611,73.70167383,Cloud,Tech,3.250838822,Placed,54272.42571,2,1
7.562752107,0,Tier 1,Germany,300+,1,60.17371285,62.61638361,Cloud,Tech,4.81421716,Placed,105483.0482,3,1
8.723942942,0,Tier 1,Germany,300+,2,75.61261176,39.39718145,AI/ML,Consulting,5.719986601,Placed,120000.0,3,1
7.196866892,1,Tier 3,Germany,100-300,0,52.68240858,83.55318085,Core CS,Tech,2.197226108,Placed,70662.9229,1,2
6.358175978,2,Tier 3,India,300+,1,86.52429637,66.0616835,Data Science,Healthcare,3.616544214,Placed,42812.44178,1,1
8.185568615,0,Tier 3,Canada,300+,0,88.21541332,42.68086424,AI/ML,Finance,7.144964548,Placed,90500.88484,1,1
6.773425569,0,Tier 1,Canada,Top 100,1,65.34114557,90.94610267,Cloud,Manufacturing,5.982487218,Placed,100161.5784,3,3
6.622947423,2,Tier 1,UK,Top 100,1,58.78997689,82.81408459,Cloud,Finance,4.992053144,Placed,110428.7543,3,3
7.574733939,0,Tier 2,Germany,Top 100,3,55.15973641,74.64392805,Cloud,Healthcare,3.497607931,Placed,90862.40138,2,3
6.873802413,1,Tier 2,USA,100-300,0,65.68051886,73.96113489,Core CS,Healthcare,3.353735752,Placed,106559.7931,2,2
8.332281534,1,Tier 1,India,100-300,1,68.89444511,90.19477125,AI/ML,Tech,4.926658879,Placed,70771.64792,3,2
7.028452859,2,Tier 1,UK,Top 100,4,100.0,85.39800388,Core CS,Consulting,5.213591807,Placed,111747.9566,3,3
7.521844921,1,Tier 1,Germany,100-300,1,52.34562443,41.64523104,Core CS,Manufacturing,5.23459878,Placed,95880.25797,3,2
5.694931912,2,Tier 2,USA,100-300,2,100.0,83.07661827,Cloud,Healthcare,4.923223959,Placed,92371.01831,2,2
7.384208401,1,Tier 3,UK,100-300,3,87.29434521,60.14543481,Cloud,Tech,2.222699704,Placed,83509.38925,1,2
7.658226225,1,Tier 2,USA,100-300,0,72.97863022,42.90562252,Data Science,Tech,5.633813946,Placed,120000.0,2,2
7.554215225,3,Tier 1,Germany,300+,2,68.52354605,37.61578539,AI/ML,Finance,4.561607118,Placed,120000.0,3,1
7.884666453,1,Tier 1,Germany,100-300,5,50.25711221,59.63402713,AI/ML,Tech,5.259838904,Placed,120000.0,3,2
6.814959246,0,Tier 3,USA,300+,1,63.81065969,63.53654376,Core CS,Healthcare,4.819949594,Placed,83737.20831,1,1
8.176827753,1,Tier 2,UK,100-300,1,46.71203673,61.85053766,Cloud,Tech,5.214402241,Placed,111146.482,2,2
6.440403824,0,Tier 3,India,Top 100,1,76.14901108,60.32812586,Data Science,Healthcare,5.10349453,Placed,39925.69686,1,3
6.170347141,2,Tier 1,Canada,Top 100,1,76.89235167,60.42043492,Cybersecurity,Manufacturing,6.227530018,Placed,93388.76048,3,3
6.363090557,0,Tier 3,Germany,300+,0,77.57656093,62.63615638,Data Science,Tech,7.352238315,Placed,84610.58575,1,1
6.613672128,1,Tier 1,Canada,100-300,2,52.20215363,81.7222448,Data Science,Finance,3.592420802,Placed,120000.0,3,2
6.933827981,2,Tier 3,Canada,300+,1,80.88120431,57.0925505,Core CS,Consulting,2.35240525,Placed,64535.12659,1,1
7.421518339,2,Tier 1,UK,100-300,3,81.03981932,83.68843713,Cloud,Manufacturing,7.183641314,Placed,110095.7057,3,2
6.847302224,0,Tier 2,Canada,300+,1,65.07074749,39.52097363,Cloud,Consulting,5.535766962,Placed,81212.3446,2,1
6.841443459,0,Tier 2,Canada,300+,0,60.64982492,37.71967854,Cloud,Tech,7.781984155,Placed,97591.92368,2,1
7.408125975,1,Tier 2,UK,Top 100,3,35.12915448,85.70228548,Data Science,Manufacturing,3.885264336,Placed,108189.6008,2,3
7.10105136,2,Tier 3,USA,300+,0,86.41384177,43.9515483,Cloud,Tech,6.031248151,Placed,90429.73665,1,1
6.624695317,1,Tier 2,USA,100-300,2,70.25228399,73.33604184,Data Science,Tech,5.176917067,Placed,120000.0,2,2
7.533015738,0,Tier 1,USA,300+,0,59.43222512,71.23844862,Cloud,Tech,6.405247917,Placed,120000.0,3,1
7.462382819,2,Tier 1,Germany,100-300,3,87.93373395,38.54459056,Cybersecurity,Other,5.856456411,Placed,101518.6501,3,2
7.46189082,0,Tier 1,Germany,100-300,3,85.82154978,30.543456,Cloud,Tech,5.637827923,Placed,102959.5736,3,2
6.897072443,0,Tier 2,UK,Top 100,2,66.20915885,45.61026856,AI/ML,Tech,5.776954472,Placed,112558.4155,2,3
8.125547797,0,Tier 2,Canada,Top 100,3,77.68180385,86.32232071,Cybersecurity,Finance,5.236462073,Placed,103712.6067,2,3
6.612705204,1,Tier 3,USA,300+,1,96.56189435,56.069618,Data Science,Consulting,6.070461591,Placed,90510.5601,1,1
7.76421539,1,Tier 1,Canada,300+,2,63.59064677,50.53148761,Core CS,Consulting,4.200887326,Placed,108724.2462,3,1
6.969005684,2,Tier 2,USA,Top 100,0,82.61339943,48.07936352,AI/ML,Healthcare,5.156200412,Placed,116906.4236,2,3
7.474024246,3,Tier 3,India,100-300,0,73.59418491,66.23415173,AI/ML,Manufacturing,4.835312679,Placed,42135.57587,1,2
7.327708895,0,Tier 3,Canada,100-300,2,68.88230082,55.00783767,Cloud,Manufacturing,5.218403441,Placed,67642.04865,1,2
7.065022738,1,Tier 2,Canada,100-300,1,87.75438114,70.09255507,Core CS,Finance,8.873275018,Placed,85910.14855,2,2
8.910697594,0,Tier 3,Canada,300+,1,75.62315047,67.59719969,Core CS,Healthcare,7.331067149,Placed,70376.01043,1,1
7.947405316,0,Tier 3,Canada,Top 100,1,61.78565681,40.16865142,AI/ML,Consulting,6.232228442,Placed,89766.95902,1,3
7.578261516,0,Tier 1,USA,100-300,2,94.16170757,86.45330252,Core CS,Manufacturing,6.61487067,Placed,120000.0,3,2
7.089439327,2,Tier 3,Germany,100-300,2,57.69112422,58.78376957,Core CS,Healthcare,6.444041757,Placed,66420.29323,1,2
7.80572576,1,Tier 2,India,100-300,1,61.69289351,72.81318817,Data Science,Other,4.847174456,Placed,49666.12665,2,2
7.414395821,1,Tier 1,USA,300+,1,100.0,75.95480156,Cloud,Tech,4.705795251,Placed,120000.0,3,1
7.020963802,0,Tier 1,Canada,Top 100,2,81.45660438,31.97651218,Cloud,Consulting,3.828613282,Placed,108630.8265,3,3
6.75714854,0,Tier 3,UK,300+,2,59.94312199,45.71414789,Core CS,Healthcare,5.992665515,Placed,70313.2252,1,1
6.93526613,2,Tier 2,Canada,100-300,3,65.57827677,65.73764024,Cloud,Consulting,2.437468798,Placed,91249.6756,2,2
7.168480671,2,Tier 1,UK,100-300,3,56.70693756,42.00100726,Cybersecurity,Manufacturing,4.557413192,Placed,110311.1592,3,2
6.609219136,0,Tier 2,Canada,100-300,2,62.11786891,80.55449864,Core CS,Tech,2.430341813,Placed,91135.14089,2,2
7.015475257,2,Tier 2,Canada,100-300,1,74.4696838,68.83181845,Cybersecurity,Tech,4.59911895,Placed,98907.62984,2,2
6.048829264,0,Tier 2,Germany,100-300,1,79.49982933,81.97888929,Cybersecurity,Other,5.326055025,Placed,88081.78556,2,2
7.232757891,1,Tier 1,USA,300+,2,88.92554291,37.83168924,Data Science,Other,3.765879747,Placed,120000.0,3,1
7.766271705,3,Tier 3,Canada,100-300,3,71.30444686,49.10321687,Cybersecurity,Finance,2.435285897,Placed,81665.24272,1,2
6.367294567,1,Tier 2,USA,300+,2,83.54396127,57.60410291,AI/ML,Healthcare,6.084641615,Placed,120000.0,2,1
7.027206477,0,Tier 2,USA,Top 100,3,61.46251948,74.37326612,Cloud,Tech,4.097532506,Placed,120000.0,2,3
7.561195826,0,Tier 3,Canada,100-300,4,66.9858289,73.64665412,Cybersecurity,Finance,1.85570411,Placed,83395.86638,1,2
7.396644017,2,Tier 1,UK,Top 100,1,68.98728377,60.46439571,AI/ML,Tech,6.170835405,Placed,120000.0,3,3
8.283471287,0,Tier 2,Germany,300+,0,75.13169988,76.17717035,Data Science,Healthcare,4.318981668,Placed,89903.3858,2,1
6.771924594,0,Tier 1,USA,100-300,1,69.262173,54.54311636,Core CS,Manufacturing,6.03308705,Placed,118874.5078,3,2
7.110916147,0,Tier 2,UK,Top 100,2,72.17169743,78.02535182,Data Science,Consulting,4.314896232,Placed,113798.8268,2,3
6.131098961,3,Tier 3,Germany,100-300,2,80.91124192,37.4106364,Core CS,Tech,5.43978515,Placed,80915.81922,1,2
6.794975341,1,Tier 3,Canada,300+,0,50.25793005,56.79434941,Cloud,Healthcare,4.55546116,Placed,65575.13351,1,1
6.811266777,0,Tier 3,Canada,300+,1,75.35861216,74.22559621,Core CS,Finance,5.457638779,Placed,80765.12158,1,1
8.024751661,0,Tier 1,UK,300+,2,59.18240261,89.21282574,Core CS,Other,7.117774753,Placed,106894.466,3,1
7.577522788,1,Tier 2,Canada,300+,2,65.32659332,69.74606172,AI/ML,Finance,4.811906311,Placed,105213.8,2,1
7.535072104,1,Tier 3,UK,300+,2,30.0,47.05728133,Data Science,Healthcare,6.390131404,Placed,86770.294,1,1
7.537555686,1,Tier 1,Canada,100-300,2,47.36494834,70.2348627,Core CS,Healthcare,7.138173785,Placed,110173.0499,3,2
7.307361658,0,Tier 3,Canada,Top 100,3,89.38423391,71.05628937,Cloud,Other,1.85720792,Placed,79254.52403,1,3
6.204457183,1,Tier 2,India,300+,2,67.01927566,46.09380566,Cloud,Finance,4.000865513,Placed,44375.56578,2,1
7.199638552,0,Tier 3,Canada,100-300,3,62.7330692,56.4308335,Cloud,Finance,5.29359381,Placed,89256.31728,1,2
6.797789396,0,Tier 3,India,300+,1,60.16612618,68.03857111,Data Science,Tech,4.831322034,Placed,47328.60861,1,1
7.637361542,0,Tier 2,USA,100-300,0,76.91779911,54.86340881,Data Science,Tech,3.934214357,Placed,120000.0,2,2
7.012146354,0,Tier 3,USA,100-300,1,77.43588029,51.45906275,Data Science,Consulting,4.078912975,Placed,110443.3628,1,2
7.51647017,1,Tier 3,UK,100-300,2,43.80572993,45.73661768,Cloud,Other,2.778053811,Placed,79025.16507,1,2
7.626103861,2,Tier 1,USA,100-300,4,75.22136959,100.0,Cloud,Consulting,4.746875776,Placed,120000.0,3,2
6.980613733,5,Tier 1,USA,300+,2,76.42352708,60.9594024,Cybersecurity,Manufacturing,6.29797228,Placed,115435.3108,3,1
7.961960998,0,Tier 3,Canada,100-300,4,76.48034678,63.17408286,Cloud,Manufacturing,4.265273146,Placed,77356.79496,1,2
7.223267087,3,Tier 3,India,100-300,2,81.24713249,76.76379815,Cybersecurity,Healthcare,4.921058644,Placed,36748.05063,1,2
7.233250941,1,Tier 2,UK,100-300,1,67.09997297,70.63773354,Data Science,Other,5.811617169,Placed,105111.7044,2,2
5.647462698,2,Tier 3,UK,300+,1,96.08546908,72.49822353,Data Science,Manufacturing,5.844097932,Placed,78631.63595,1,1
9.204174195,1,Tier 1,UK,100-300,3,70.41613169,68.24921274,Cybersecurity,Healthcare,5.34380276,Placed,120000.0,3,2
6.755511509,0,Tier 2,Canada,300+,3,51.22621833,74.78738499,Cloud,Manufacturing,5.47637975,Placed,84014.87998,2,1
7.584767181,2,Tier 2,USA,100-300,3,53.16768697,62.17170943,Cybersecurity,Manufacturing,5.861789915,Placed,118681.0308,2,2
6.479472138,1,Tier 3,UK,100-300,0,60.21483146,80.26812093,Cybersecurity,Manufacturing,4.758405869,Placed,67144.15943,1,2
6.787516352,1,Tier 3,USA,300+,2,84.23359462,70.29977683,AI/ML,Other,5.758357305,Placed,98878.98748,1,1
6.680097409,0,Tier 2,USA,300+,0,37.20097585,85.22461953,Core CS,Finance,5.480095213,Placed,110532.7581,2,1
7.211414617,1,Tier 2,India,100-300,3,61.47134565,38.51546998,AI/ML,Finance,7.118436103,Placed,44653.22312,2,2
6.879906439,1,Tier 2,UK,100-300,2,77.13713653,78.51867212,Data Science,Other,6.370587961,Placed,107976.9192,2,2
5.359714034,1,Tier 2,Canada,300+,0,92.3328229,76.19299544,Core CS,Finance,5.665998026,Placed,80336.22891,2,1
7.591344396,1,Tier 2,India,100-300,1,58.72835981,67.08413327,Core CS,Tech,6.805765222,Placed,54672.09415,2,2
6.954083708,1,Tier 3,Canada,Top 100,0,81.99931447,100.0,Core CS,Consulting,6.756188991,Placed,81045.33138,1,3
6.433671247,0,Tier 2,India,100-300,4,68.90170279,64.60757686,AI/ML,Consulting,4.205709036,Placed,52536.73,2,2
5.723284825,3,Tier 2,Germany,100-300,1,74.80233602,67.80912821,Core CS,Healthcare,2.882511053,Placed,77031.72044,2,2
7.521864271,2,Tier 3,India,100-300,2,69.70789713,77.42419302,Cloud,Tech,5.886680949,Placed,35332.86559,1,2
8.141844291,0,Tier 3,USA,Top 100,1,88.27605406,37.98044399,Cybersecurity,Other,3.430400846,Placed,97432.46458,1,3
7.527560993,1,Tier 1,UK,100-300,4,78.61308346,49.70496861,AI/ML,Other,5.271751915,Placed,120000.0,3,2
6.356841268,1,Tier 2,India,100-300,1,81.2687118,75.27295925,Cybersecurity,Tech,6.676782631,Placed,33464.56897,2,2
7.245876493,1,Tier 1,India,300+,3,64.91103822,90.52944625,AI/ML,Consulting,4.27787779,Placed,67704.85278,3,1
8.056331208,0,Tier 3,Germany,300+,1,69.8474104,78.59211852,Cybersecurity,Finance,6.595396848,Placed,78227.15633,1,1
6.300451481,0,Tier 3,UK,100-300,0,71.27748339,82.31906847,Core CS,Consulting,3.381328123,Placed,72249.42559,1,2
6.852916885,1,Tier 1,India,Top 100,1,86.10569724,41.35842662,Data Science,Consulting,3.839575972,Placed,67707.39596,3,3
6.323461516,3,Tier 1,Canada,300+,2,88.39251253,70.98996299,AI/ML,Healthcare,7.103882868,Placed,117964.8863,3,1
7.067604117,0,Tier 1,UK,300+,0,58.4580633,60.86735134,Core CS,Consulting,6.735790589,Placed,104311.9894,3,1
7.63839564,3,Tier 2,USA,100-300,1,69.72262738,72.73179681,AI/ML,Consulting,6.384923221,Placed,120000.0,2,2
6.159501343,1,Tier 2,India,300+,3,59.25030089,57.06017149,AI/ML,Healthcare,4.759169344,Placed,49096.98953,2,1
7.695018,0,Tier 2,Germany,100-300,1,72.8719732,48.14715281,Data Science,Manufacturing,5.772264829,Placed,109165.0407,2,2
6.050930858,0,Tier 2,USA,100-300,0,78.80806956,90.29272787,Cloud,Manufacturing,5.184694423,Placed,101867.7641,2,2
7.470284711,1,Tier 1,India,100-300,3,65.62138287,72.37431713,Core CS,Finance,4.392751851,Placed,59681.5518,3,2
7.495791028,0,Tier 3,USA,300+,1,79.37930321,54.89577121,Data Science,Other,7.400369416,Placed,106100.8077,1,1
5.470946487,3,Tier 1,Germany,300+,4,69.7593533,66.99707645,Cloud,Consulting,4.189715936,Placed,91031.53532,3,1
7.074383397,2,Tier 1,India,100-300,1,38.8631475,82.09578279,Core CS,Finance,4.716702673,Placed,58706.26353,3,2
6.625203109,0,Tier 2,India,100-300,0,56.18749573,63.49544328,Cloud,Other,6.334243576,Placed,38581.9935,2,2
8.080681865,0,Tier 2,Germany,100-300,2,76.92246529,54.29122895,Core CS,Tech,6.674285342,Placed,97031.25235,2,2
6.477056687,1,Tier 2,Canada,300+,2,62.52535971,64.84159861,Cybersecurity,Healthcare,7.664591937,Placed,85179.70804,2,1
7.060555952,1,Tier 2,UK,100-300,2,90.52150287,63.56300493,AI/ML,Tech,5.227690368,Placed,118005.5319,2,2
7.548471797,0,Tier 2,Canada,Top 100,1,80.78543348,54.59136912,Core CS,Healthcare,3.948855905,Placed,94317.31424,2,3
7.42478053,3,Tier 2,USA,100-300,2,70.95059744,51.97202773,Cloud,Finance,4.99789908,Placed,119543.516,2,2
6.576426429,4,Tier 2,India,100-300,2,67.15074941,53.33444002,Cloud,Healthcare,4.330691915,Placed,55883.55546,2,2
7.383488763,0,Tier 2,Germany,Top 100,1,82.41120356,62.82480831,Core CS,Consulting,3.773161941,Placed,90400.06421,2,3
9.039207767,0,Tier 3,India,Top 100,1,56.8319601,50.16142189,AI/ML,Other,3.545890315,Placed,53884.96166,1,3
7.119101443,1,Tier 3,Canada,Top 100,4,53.36724221,54.49287875,Cloud,Manufacturing,4.792618823,Placed,74833.83206,1,3
7.945254173,2,Tier 1,India,300+,1,63.76311167,71.82989235,Cloud,Healthcare,5.203233392,Placed,50371.75854,3,1
7.696597316,0,Tier 3,India,300+,2,67.55623878,74.7152073,Cloud,Other,5.674398769,Placed,36702.47943,1,1
7.759050477,2,Tier 1,UK,300+,2,81.17779075,57.51329975,Cloud,Other,4.907276003,Placed,111788.0565,3,1
7.10455202,2,Tier 3,India,Top 100,1,100.0,57.92287633,Cloud,Tech,3.759549022,Placed,43186.40242,1,3
6.619363645,1,Tier 3,USA,100-300,4,72.46369465,55.17836844,AI/ML,Manufacturing,4.98418386,Placed,99686.79318,1,2
6.45038872,0,Tier 1,Germany,100-300,1,80.72189365,58.32969695,Data Science,Tech,6.473677368,Placed,113974.864,3,2
6.939302839,2,Tier 1,Germany,300+,3,73.55021022,59.70683937,AI/ML,Consulting,8.927645989,Placed,109104.113,3,1
6.970935514,0,Tier 1,Germany,300+,2,75.98394172,65.4819267,Cybersecurity,Tech,3.252271129,Placed,98729.07677,3,1
7.117548239,0,Tier 2,Germany,300+,0,72.59101481,78.14914161,Cybersecurity,Finance,4.286709029,Placed,88510.55424,2,1
6.582294744,1,Tier 2,Canada,100-300,2,87.25143755,53.65388148,Cybersecurity,Manufacturing,2.030062272,Placed,86338.77544,2,2
9.461488296,0,Tier 3,USA,100-300,1,67.43549035,72.58382559,Core CS,Healthcare,6.459431302,Placed,100084.7826,1,2
8.08809272,0,Tier 2,USA,300+,2,96.03061951,94.87518372,Data Science,Healthcare,6.739947403,Placed,120000.0,2,1
6.004366,1,Tier 3,India,Top 100,2,73.14439157,46.78292782,Core CS,Consulting,4.282655182,Placed,36203.14689,1,3
7.345773353,1,Tier 3,USA,Top 100,2,51.12657753,66.03753683,Cybersecurity,Finance,6.249262771,Placed,105506.6108,1,3
7.774260819,0,Tier 1,Canada,100-300,0,100.0,73.41074171,Core CS,Healthcare,4.145303616,Placed,106742.8865,3,2
7.795025772,1,Tier 1,Germany,100-300,2,60.07836674,95.7737954,Data Science,Healthcare,6.255148893,Placed,120000.0,3,2
6.318090587,1,Tier 2,USA,100-300,5,74.48800666,88.97215269,Cybersecurity,Healthcare,4.402977947,Placed,104496.3603,2,2
7.380292489,1,Tier 2,USA,100-300,3,71.45977495,49.66179473,AI/ML,Healthcare,2.970723948,Placed,119177.393,2,2
6.62065746,0,Tier 3,Germany,100-300,0,87.39085406,71.72808423,Data Science,Manufacturing,1.361989819,Placed,70448.60231,1,2
7.181996701,1,Tier 2,Germany,Top 100,1,66.55468618,61.26059349,Core CS,Tech,4.504707936,Placed,90765.87725,2,3
6.024572427,1,Tier 3,UK,Top 100,0,46.69968716,56.52776244,AI/ML,Healthcare,4.021721929,Placed,87114.63698,1,3
6.54444018,1,Tier 2,Canada,100-300,4,69.00922971,70.76208391,Data Science,Healthcare,4.199865854,Placed,105303.6366,2,2
6.90078289,1,Tier 3,UK,100-300,4,58.55861347,73.55968446,Cybersecurity,Other,4.791993081,Placed,83937.27246,1,2
6.148623995,2,Tier 1,India,100-300,2,85.57536935,64.59559644,AI/ML,Tech,4.993933715,Placed,64954.5774,3,2
6.992124153,1,Tier 3,Canada,300+,2,68.01441102,44.65721224,Cloud,Manufacturing,4.994638576,Placed,75818.7991,1,1
6.103962062,0,Tier 3,Canada,Top 100,2,45.80778332,65.50841595,AI/ML,Consulting,6.338643554,Placed,80038.17409,1,3
7.536728999,4,Tier 2,Germany,100-300,1,80.67549407,43.74906244,Cloud,Manufacturing,7.321254925,Placed,81379.67978,2,2
7.483032416,0,Tier 1,India,300+,1,60.59876049,51.2079181,Cybersecurity,Consulting,5.846375139,Placed,50219.02842,3,1
6.077206059,0,Tier 2,USA,300+,2,67.50805744,30.99912984,Cybersecurity,Other,4.418664749,Placed,96871.98956,2,1
7.21427491,0,Tier 2,USA,100-300,4,88.47620598,59.7909783,AI/ML,Healthcare,5.300220358,Placed,120000.0,2,2
7.661692343,3,Tier 3,India,Top 100,0,95.8371013,58.9840781,Core CS,Tech,4.023578083,Placed,44536.92617,1,3
6.699493067,1,Tier 1,Germany,Top 100,0,51.12760743,47.63806089,AI/ML,Healthcare,3.600058562,Placed,120000.0,3,3
8.080891272,0,Tier 3,Germany,100-300,1,84.30909454,78.31772401,Cloud,Finance,6.464810836,Placed,76461.06477,1,2
8.034196232,1,Tier 3,UK,300+,2,61.73923913,70.1492946,AI/ML,Tech,4.235113902,Placed,103238.2486,1,1
8.330986266,2,Tier 1,UK,300+,1,91.35206433,64.08096971,Data Science,Consulting,6.761089105,Placed,120000.0,3,1
7.244194501,0,Tier 1,India,Top 100,2,81.27643969,58.26749656,Core CS,Healthcare,3.668889855,Placed,55529.14787,3,3
7.46991336,1,Tier 2,Germany,300+,4,56.34197778,69.21375639,Core CS,Manufacturing,3.280817712,Placed,92779.34818,2,1
8.131349831,0,Tier 2,India,Top 100,1,68.01093201,52.74136299,AI/ML,Other,5.308963393,Placed,48603.02196,2,3
7.35791515,0,Tier 3,USA,100-300,1,45.73415339,83.99917051,Core CS,Manufacturing,6.103964203,Placed,102283.7354,1,2
6.599012714,1,Tier 3,India,Top 100,2,76.28336137,43.37620774,Cloud,Finance,6.060840641,Placed,42787.82683,1,3
7.190843963,0,Tier 2,Germany,300+,0,70.86206429,59.0091771,Cybersecurity,Other,6.783523442,Placed,98417.89264,2,1
6.885392868,1,Tier 1,UK,300+,2,90.38373474,51.92317195,Cybersecurity,Healthcare,5.104738208,Placed,112189.2295,3,1
7.877237695,1,Tier 2,Canada,300+,3,68.54938615,60.1045397,Cloud,Manufacturing,1.757411716,Placed,89382.65814,2,1
8.227585681,1,Tier 3,India,300+,2,35.77118673,63.45961753,Data Science,Consulting,6.955655091,Placed,38931.36937,1,1
7.897899375,1,Tier 2,India,Top 100,2,60.36928129,79.33555571,Core CS,Tech,3.855103453,Placed,63377.51493,2,3
7.434712662,0,Tier 2,India,100-300,3,64.4960826,73.88914517,Core CS,Tech,4.525963144,Placed,43894.05688,2,2
6.835497717,1,Tier 2,UK,100-300,3,68.47220607,57.0231014,Cybersecurity,Finance,3.893851169,Placed,98515.33957,2,2
6.417462479,0,Tier 2,USA,300+,1,50.85100544,56.20512919,AI/ML,Healthcare,6.153099493,Placed,111588.2723,2,1
8.398509655,0,Tier 2,Canada,300+,1,44.86010115,74.42122797,Cybersecurity,Consulting,7.47985845,Placed,97921.5854,2,1
7.832049456,0,Tier 2,USA,100-300,4,56.82717709,58.63369399,Data Science,Consulting,5.378080011,Placed,120000.0,2,2
6.408183069,2,Tier 2,UK,100-300,5,78.44734212,76.06740946,Cloud,Finance,3.305967325,Placed,97562.25781,2,2
5.932311514,2,Tier 1,Canada,300+,3,93.2330165,81.69603588,Data Science,Consulting,6.802734325,Placed,112031.0178,3,1
6.691461895,0,Tier 1,Germany,100-300,2,83.32954489,45.90958099,Core CS,Tech,5.493470999,Placed,109320.0197,3,2
7.347602117,1,Tier 3,UK,300+,0,78.65515968,55.38658175,Core CS,Finance,4.255678509,Placed,80618.5694,1,1
7.192164675,1,Tier 2,UK,100-300,1,69.32461848,43.96518044,Cybersecurity,Finance,4.557430903,Placed,99241.20334,2,2
7.631935778,1,Tier 1,Germany,100-300,2,54.03695036,63.20212093,AI/ML,Manufacturing,6.275024578,Placed,115683.0375,3,2
7.775655221,1,Tier 1,Germany,300+,0,75.89118759,89.87358454,AI/ML,Finance,6.704088142,Placed,116653.9588,3,1
7.26148432,1,Tier 2,Canada,300+,3,63.21123305,73.84334071,Core CS,Consulting,5.576896926,Placed,86718.51833,2,1
6.843441175,2,Tier 2,Germany,100-300,3,73.91051584,81.05591644,AI/ML,Healthcare,4.856968078,Placed,106722.8198,2,2
7.848071792,0,Tier 3,Canada,300+,2,76.42495713,89.56344272,Cloud,Manufacturing,8.779932619,Placed,76750.95243,1,1
6.958781657,1,Tier 1,Germany,300+,1,69.55859523,61.26624446,Cybersecurity,Manufacturing,4.79647651,Placed,93417.53107,3,1
7.402472295,1,Tier 3,UK,Top 100,1,82.42660097,58.38488265,Cybersecurity,Other,2.219914056,Placed,84081.54113,1,3
6.745001348,1,Tier 3,Germany,100-300,2,56.90119492,61.95124325,AI/ML,Consulting,6.294676601,Placed,77107.61476,1,2
6.901324749,2,Tier 2,Canada,300+,2,48.10111807,69.02704669,Data Science,Healthcare,6.580877653,Placed,94061.5219,2,1
7.247237954,1,Tier 1,USA,Top 100,1,74.13115152,65.30510326,Cloud,Finance,5.513467333,Placed,120000.0,3,3
6.475449824,1,Tier 2,India,100-300,1,73.8509937,51.22393404,Data Science,Consulting,3.816303228,Placed,55099.87062,2,2
6.811431004,1,Tier 1,USA,100-300,0,68.61618295,86.57997644,Cybersecurity,Finance,4.797314594,Placed,120000.0,3,2
6.248429406,1,Tier 2,USA,100-300,1,75.68618218,63.65558932,AI/ML,Consulting,2.580229282,Placed,120000.0,2,2
7.895395934,1,Tier 2,Canada,300+,3,91.04798301,86.85456754,Core CS,Consulting,4.124193907,Placed,93043.67365,2,1
8.162204436,1,Tier 1,Germany,100-300,4,62.74826719,59.10882542,Cloud,Manufacturing,6.48968237,Placed,108126.8628,3,2
8.22299828,1,Tier 2,Germany,Top 100,5,58.2907773,60.65471972,Cybersecurity,Manufacturing,6.554300739,Placed,85449.61509,2,3
6.193241014,3,Tier 3,Canada,100-300,2,80.38756401,78.09197216,Core CS,Other,6.362679296,Placed,75509.72155,1,2
5.822370342,1,Tier 2,UK,100-300,2,64.29104275,44.38003694,Cloud,Consulting,5.530560085,Placed,78283.39975,2,2
5.90093214,2,Tier 2,India,100-300,1,82.23576977,66.07387833,AI/ML,Finance,6.281396614,Placed,53082.20197,2,2
8.102775702,0,Tier 1,Germany,300+,3,98.43614149,69.57083647,Core CS,Consulting,5.699727973,Placed,105083.6562,3,1
6.041626857,2,Tier 2,Germany,300+,2,84.45872522,49.25307961,Data Science,Finance,5.336867183,Placed,91214.46122,2,1
7.22941929,1,Tier 2,Canada,100-300,0,72.67121513,75.36520008,Core CS,Finance,6.860570156,Placed,88832.07345,2,2
6.882235777,1,Tier 2,Canada,100-300,0,69.54067731,56.55153688,Cloud,Consulting,5.606205745,Placed,88641.48491,2,2
7.451873887,1,Tier 2,UK,Top 100,2,93.15184994,83.80535729,Cloud,Tech,3.106456927,Placed,111545.7491,2,3
8.308638245,1,Tier 1,India,Top 100,4,59.01003207,61.5070759,Cloud,Other,5.069105041,Placed,57744.34816,3,3
6.823166029,3,Tier 1,Canada,300+,0,48.68319933,73.35971772,Cybersecurity,Healthcare,4.829897423,Placed,97727.3628,3,1
7.055495842,0,Tier 2,UK,300+,1,61.82962923,74.68417131,AI/ML,Consulting,5.097687356,Placed,97859.75082,2,1
7.154077535,0,Tier 1,USA,100-300,2,63.69326438,62.70619637,Data Science,Finance,4.740965067,Placed,120000.0,3,2
8.913687708,1,Tier 2,USA,100-300,2,63.77994213,57.72274666,Cloud,Other,5.594789327,Placed,119248.1657,2,2
7.546578412,0,Tier 3,India,100-300,2,73.12927411,74.23699441,Data Science,Healthcare,5.061627058,Placed,41219.84834,1,2
6.908158201,1,Tier 2,India,300+,3,53.4053001,99.02390835,AI/ML,Healthcare,4.140837805,Placed,54651.63616,2,1
7.453417381,0,Tier 2,UK,300+,1,97.16409593,73.59000032,AI/ML,Tech,5.360648096,Placed,119935.8399,2,1
7.569128464,1,Tier 1,Germany,300+,2,73.21185718,76.95700978,AI/ML,Healthcare,1.696548597,Placed,118555.1727,3,1
9.490328161,1,Tier 1,UK,300+,1,67.17302737,84.01149728,Cloud,Finance,3.793965819,Placed,120000.0,3,1
6.321547522,1,Tier 2,Canada,300+,3,88.06299385,57.55275342,Data Science,Healthcare,5.440496056,Placed,99725.70607,2,1
6.735927847,1,Tier 3,USA,300+,2,68.39979315,95.66966912,Data Science,Consulting,3.451322789,Placed,92216.35487,1,1
7.586263265,1,Tier 3,USA,300+,2,47.2025553,74.94946383,Core CS,Tech,6.82481392,Placed,101611.619,1,1
7.838786121,1,Tier 2,USA,300+,3,86.61200752,53.47412965,Data Science,Manufacturing,6.895826978,Placed,120000.0,2,1
7.390219857,0,Tier 3,Germany,100-300,1,81.58165685,68.81809708,AI/ML,Other,4.209010518,Placed,85009.69832,1,2
6.412613342,1,Tier 3,Germany,Top 100,0,62.78126216,54.81638737,Data Science,Finance,7.258874106,Placed,76982.90721,1,3
6.88677629,1,Tier 3,USA,100-300,1,43.80949837,66.91744571,Cloud,Finance,2.850227415,Placed,98277.0685,1,2
7.586838251,1,Tier 1,India,100-300,3,86.98770306,57.71954345,Cybersecurity,Consulting,6.93924108,Placed,57349.89436,3,2
7.007026924,0,Tier 1,UK,100-300,1,75.37074419,65.27563299,Data Science,Consulting,6.729141154,Placed,120000.0,3,2
6.809853346,2,Tier 3,USA,Top 100,2,70.15196561,54.15852806,Cybersecurity,Finance,4.536886177,Placed,90428.86994,1,3
8.633742328,0,Tier 1,UK,Top 100,1,80.35699734,78.34966468,AI/ML,Manufacturing,6.117413882,Placed,120000.0,3,3
7.124259999,0,Tier 3,India,300+,2,60.40003604,53.8738175,Cybersecurity,Other,5.275359312,Placed,35938.97833,1,1
6.9536738,0,Tier 1,Canada,100-300,2,87.29561715,65.62122742,AI/ML,Healthcare,4.406508791,Placed,119067.7485,3,2
5.72048419,2,Tier 3,Canada,300+,2,50.63323915,85.56125428,AI/ML,Other,5.894739959,Placed,83166.99031,1,1
8.821669198,0,Tier 2,Germany,Top 100,0,74.60406179,37.60117773,Cybersecurity,Manufacturing,6.517743654,Placed,97135.04249,2,3
6.012390401,0,Tier 2,Canada,100-300,3,86.77805985,45.68036819,Data Science,Healthcare,7.086840582,Placed,94452.64534,2,2
7.011607199,3,Tier 3,USA,Top 100,2,99.65218627,100.0,Data Science,Healthcare,4.651261945,Placed,104334.635,1,3
7.584800501,2,Tier 3,UK,300+,3,64.10708453,63.93778785,Data Science,Tech,5.345944037,Placed,98015.95226,1,1
7.430747966,1,Tier 2,Canada,300+,4,64.56536426,63.26426707,Core CS,Other,6.634768964,Placed,89349.62937,2,1
8.748075916,1,Tier 1,Germany,Top 100,5,75.96472944,50.02882473,Cybersecurity,Consulting,3.998783607,Placed,109522.9274,3,3
6.450627726,0,Tier 1,Germany,300+,1,84.31943874,77.08954324,Cybersecurity,Other,7.109866036,Placed,103333.5085,3,1
8.299107994,0,Tier 3,India,300+,0,63.92434471,68.2494059,Core CS,Healthcare,5.817735293,Placed,38338.40552,1,1
7.662447052,1,Tier 2,India,Top 100,3,74.49236761,38.18752655,Core CS,Healthcare,6.721159084,Placed,43307.2409,2,3
6.982372109,1,Tier 1,UK,100-300,1,81.57825467,66.76316495,Cloud,Healthcare,3.414863855,Placed,105911.4366,3,2
6.85065683,1,Tier 2,UK,Top 100,1,73.48688568,35.03910034,Cloud,Manufacturing,6.39875187,Placed,94987.61346,2,3
7.280932374,0,Tier 3,Germany,100-300,1,85.44376227,73.84831618,Data Science,Manufacturing,5.309752766,Placed,89395.57506,1,2
7.273328186,2,Tier 2,Canada,Top 100,1,100.0,65.23458747,Core CS,Healthcare,3.771230743,Placed,92286.82766,2,3
6.782948018,0,Tier 2,USA,Top 100,2,70.47556966,66.62389816,Core CS,Finance,5.232335942,Placed,111906.1383,2,3
6.026735357,3,Tier 1,India,100-300,1,78.03028372,68.32176333,Core CS,Finance,6.380762021,Placed,52369.13197,3,2
6.102775882,1,Tier 3,USA,Top 100,2,73.87226061,71.1887994,Data Science,Other,6.679158685,Placed,99216.93341,1,3
7.567482012,0,Tier 1,UK,100-300,1,75.62679107,68.82906453,Core CS,Manufacturing,3.084347406,Placed,112166.4729,3,2
7.015566604,2,Tier 3,Canada,300+,4,75.8508918,52.01197292,Core CS,Finance,6.062886743,Placed,65179.93313,1,1
6.889190204,2,Tier 1,Germany,100-300,3,51.16935585,63.05065973,Core CS,Healthcare,3.63069399,Placed,94496.73947,3,2
6.660887966,0,Tier 3,USA,300+,3,73.69341779,70.30663222,Cybersecurity,Manufacturing,7.536909383,Placed,88040.76641,1,1
6.755848924,1,Tier 2,Germany,Top 100,2,96.51385089,52.47286409,Data Science,Tech,7.841016843,Placed,111751.1267,2,3
7.837529436,0,Tier 1,Germany,Top 100,0,79.61850727,60.34370415,Cybersecurity,Other,5.823852008,Placed,110899.893,3,3
7.59492142,2,Tier 1,Canada,100-300,2,42.9110665,54.60076972,Data Science,Finance,7.403924965,Placed,120000.0,3,2
6.836098669,0,Tier 1,Germany,Top 100,2,77.89689109,74.60394124,AI/ML,Tech,5.190107207,Placed,120000.0,3,3
8.286062645,0,Tier 1,Germany,Top 100,0,52.31054163,88.04041433,Data Science,Consulting,5.038769567,Placed,120000.0,3,3
6.983551554,1,Tier 3,Germany,100-300,1,59.62767879,66.69502901,Cloud,Manufacturing,5.061497906,Placed,71346.77581,1,2
7.231346938,1,Tier 1,USA,300+,1,55.64892138,75.11094902,Core CS,Consulting,5.861675501,Placed,120000.0,3,1
6.056861207,0,Tier 2,India,Top 100,2,81.48274351,60.17252632,Data Science,Consulting,5.368235543,Placed,48002.40735,2,3
6.824264438,2,Tier 3,Canada,300+,4,61.04284654,72.68158476,Core CS,Other,6.294149276,Placed,72890.59145,1,1
7.487620836,2,Tier 3,UK,300+,1,49.24438999,73.78712493,Cybersecurity,Tech,5.50181405,Placed,85921.9461,1,1
5.755701013,2,Tier 1,Germany,100-300,4,62.56956946,48.29996724,Cybersecurity,Finance,4.40919871,Placed,88240.64249,3,2
7.080632858,1,Tier 1,Canada,100-300,1,72.8148791,39.67209437,Cloud,Tech,5.36970609,Placed,117289.45,3,2
7.033029964,0,Tier 2,USA,100-300,1,61.44223725,77.78173962,Core CS,Other,3.940201763,Placed,103733.1167,2,2
7.829727119,0,Tier 3,USA,Top 100,4,84.26088801,53.56606992,Core CS,Manufacturing,2.085076594,Placed,98993.55477,1,3
7.267550812,1,Tier 2,USA,100-300,3,74.81580405,71.08382069,Cybersecurity,Manufacturing,3.627225799,Placed,113250.969,2,2
8.182457519,0,Tier 2,Canada,100-300,1,65.41577996,66.15235875,Cybersecurity,Finance,3.48205806,Placed,96178.99818,2,2
7.108739654,2,Tier 1,UK,Top 100,3,100.0,49.56966587,Data Science,Other,3.630199046,Placed,120000.0,3,3
7.067573429,1,Tier 1,Canada,100-300,0,70.08613214,70.19346244,Data Science,Other,7.161504167,Placed,120000.0,3,2
7.765036002,0,Tier 1,Germany,Top 100,2,68.15355212,49.27556573,Cloud,Consulting,6.136606651,Placed,110388.3457,3,3
8.859738645,0,Tier 2,Canada,300+,0,92.62871123,56.2490319,Core CS,Other,8.426050152,Placed,93839.86462,2,1
7.404016871,1,Tier 2,India,300+,2,71.6813543,84.60538672,Data Science,Other,8.016327972,Placed,53883.04919,2,1
7.067614781,1,Tier 3,Canada,100-300,0,48.72132977,73.69236825,Data Science,Finance,3.602882508,Placed,85048.27508,1,2
6.435381214,0,Tier 2,Germany,100-300,0,86.79532078,85.68176634,Cloud,Manufacturing,6.310440161,Placed,77712.66934,2,2
6.907912245,0,Tier 2,UK,100-300,2,74.86532401,54.42282218,Cybersecurity,Manufacturing,4.939611223,Placed,96961.49352,2,2
6.723264537,2,Tier 1,UK,300+,1,62.6644882,77.27617019,AI/ML,Consulting,4.454965688,Placed,119146.1698,3,1
6.102599118,1,Tier 2,India,100-300,1,82.44782264,81.40875522,AI/ML,Healthcare,5.38298009,Placed,53475.28728,2,2
7.823015193,2,Tier 2,UK,100-300,0,62.0723886,66.50489211,Cloud,Consulting,6.228978404,Placed,94505.70856,2,2
7.401348036,2,Tier 2,India,100-300,3,65.02225553,56.69266511,Core CS,Healthcare,5.357102389,Placed,51845.82632,2,2
7.198660114,0,Tier 1,India,300+,2,77.54070072,86.91163439,Cloud,Finance,6.511475428,Placed,59189.77409,3,1
7.320188684,1,Tier 1,India,100-300,2,54.63709877,47.47217966,Cloud,Other,5.562543655,Placed,64320.47583,3,2
6.17602218,2,Tier 1,India,300+,3,100.0,68.12469192,AI/ML,Other,4.328547829,Placed,59102.53021,3,1
6.141049073,0,Tier 1,UK,300+,0,76.63029712,61.24782137,Core CS,Other,6.764964383,Placed,100609.0968,3,1
7.064866034,0,Tier 3,UK,Top 100,3,100.0,65.2486177,Cloud,Other,1.0,Placed,77125.73181,1,3
9.031505298,1,Tier 2,Germany,Top 100,1,58.48363007,92.66973737,Cybersecurity,Manufacturing,4.761269454,Placed,99969.9885,2,3
6.968084493,0,Tier 3,Germany,300+,4,89.95836122,80.25093945,AI/ML,Other,5.920135786,Placed,77132.66622,1,1
6.892655831,0,Tier 2,USA,Top 100,1,56.7124065,70.82390534,AI/ML,Healthcare,6.573165516,Placed,120000.0,2,3
7.415486997,2,Tier 2,Germany,100-300,1,71.92900156,83.69295614,AI/ML,Other,4.19704343,Placed,95535.95493,2,2
8.338691157,0,Tier 1,UK,300+,3,91.38909422,53.59116297,Core CS,Finance,5.790328716,Placed,120000.0,3,1
6.52843808,1,Tier 1,Canada,Top 100,0,88.76052014,44.3255875,Cybersecurity,Tech,4.07242535,Placed,116259.2077,3,3
5.734057621,1,Tier 1,Germany,Top 100,2,50.01764273,76.42698092,Cloud,Tech,6.180976938,Placed,107485.9868,3,3
7.653469609,2,Tier 2,Germany,Top 100,1,54.94132752,60.8607949,Data Science,Other,5.609634366,Placed,95857.67586,2,3
6.651075647,0,Tier 2,USA,300+,1,69.86509645,73.78919931,Core CS,Finance,5.184362031,Placed,105868.874,2,1
6.453092574,0,Tier 3,UK,300+,1,59.19690558,87.74732768,Cybersecurity,Healthcare,4.542494277,Placed,77904.33383,1,1
6.781016598,0,Tier 1,India,100-300,3,92.00769512,82.97565499,AI/ML,Manufacturing,6.031857062,Placed,59097.76125,3,2
7.119678366,0,Tier 2,UK,100-300,2,48.08201472,81.72955731,Cloud,Consulting,6.465087544,Placed,91781.41436,2,2
7.34880462,1,Tier 1,Canada,300+,2,69.68694268,66.12972428,Cloud,Tech,5.213884842,Placed,111693.4874,3,1
7.314107293,0,Tier 3,USA,Top 100,2,58.2729641,76.33631263,Cloud,Consulting,9.370183409,Placed,87216.18811,1,3
7.040182159,1,Tier 3,Germany,100-300,3,54.54809723,61.08850352,AI/ML,Tech,3.978826124,Placed,84035.99572,1,2
7.383606038,1,Tier 2,Germany,Top 100,2,59.0962941,77.33080439,Core CS,Other,6.369844994,Placed,87316.4114,2,3
7.583152956,4,Tier 1,UK,300+,4,55.19724183,63.19720208,Cybersecurity,Manufacturing,7.053225904,Placed,112757.9874,3,1
6.446119381,1,Tier 2,USA,Top 100,0,87.41863862,79.26483877,Data Science,Tech,4.683445679,Placed,120000.0,2,3
6.47276858,1,Tier 1,India,100-300,2,69.20032517,64.42597416,Cloud,Finance,1.0,Placed,59892.47188,3,2
6.54071946,2,Tier 3,India,Top 100,3,87.3082451,36.12155868,Data Science,Consulting,7.730492084,Placed,44814.13446,1,3
7.42913112,3,Tier 3,USA,100-300,3,78.40716667,78.09962157,Cloud,Healthcare,6.6250548,Placed,86718.72983,1,2
7.827104844,2,Tier 2,Germany,100-300,3,100.0,56.1677056,Core CS,Tech,7.96616184,Placed,85633.63012,2,2
7.726369851,1,Tier 3,Canada,300+,0,60.51051904,76.22155389,Cybersecurity,Consulting,5.722164557,Placed,82270.5281,1,1
7.260462253,1,Tier 3,USA,300+,1,52.07596638,41.7789834,Data Science,Finance,4.939494672,Placed,107844.379,1,1
8.820660342,1,Tier 1,India,300+,1,76.35925901,71.47309411,AI/ML,Healthcare,3.167904819,Placed,64111.99451,3,1
6.576639192,2,Tier 1,USA,Top 100,0,54.45066999,56.32548178,Data Science,Finance,1.682150733,Placed,120000.0,3,3
7.109881984,0,Tier 2,India,300+,0,77.6872027,56.52406825,Cloud,Finance,6.258787754,Placed,47815.97517,2,1
9.334538844,0,Tier 3,Canada,100-300,3,96.17082636,69.14998432,AI/ML,Healthcare,8.90287935,Placed,94178.03764,1,2
6.852683347,0,Tier 1,Germany,300+,1,46.85744424,82.67549518,Core CS,Manufacturing,3.407986252,Placed,106654.7373,3,1
6.095857016,2,Tier 3,USA,100-300,0,81.00733163,48.06385247,Cybersecurity,Tech,3.889266075,Placed,94672.1762,1,2
5.981131561,1,Tier 3,Canada,100-300,3,61.23973694,42.08907751,Data Science,Tech,4.167345777,Placed,93463.63733,1,2
8.441144079,1,Tier 2,Germany,300+,4,72.52046802,64.69545891,Data Science,Other,5.659833132,Placed,109811.283,2,1
5.958729614,1,Tier 1,Canada,100-300,4,86.61748577,50.08440302,AI/ML,Consulting,6.584716252,Placed,111064.2733,3,2
5.517585214,1,Tier 1,Canada,300+,4,87.6232629,71.98821347,Cybersecurity,Healthcare,4.275576676,Placed,89469.61659,3,1
7.174927445,1,Tier 2,Germany,100-300,5,77.19671633,72.58725939,AI/ML,Consulting,5.896958485,Placed,103303.3375,2,2
6.642943588,1,Tier 3,India,Top 100,1,49.7124553,72.78587482,Cloud,Consulting,5.236572162,Placed,42805.09304,1,3
7.294008328,1,Tier 1,India,300+,2,74.33185025,68.27901256,Cybersecurity,Consulting,5.329567538,Placed,55166.1845,3,1
7.832344714,2,Tier 2,India,100-300,3,64.0337763,66.72625045,Cloud,Tech,6.50521599,Placed,55755.44378,2,2
7.171047035,0,Tier 3,Canada,300+,1,72.12362373,91.79515455,AI/ML,Healthcare,7.194784332,Placed,80275.8994,1,1
6.265619116,1,Tier 3,Germany,Top 100,2,90.61312294,52.56339711,AI/ML,Healthcare,4.85929972,Placed,76452.90781,1,3
8.384935705,0,Tier 3,India,100-300,1,57.63525607,63.91427622,Cybersecurity,Other,4.39363118,Placed,37319.73784,1,2
6.491672096,2,Tier 1,USA,Top 100,3,65.90694296,99.17105329,Cloud,Other,6.805411893,Placed,120000.0,3,3
7.444817677,0,Tier 2,Canada,100-300,1,77.57246357,31.53411831,AI/ML,Finance,3.304892163,Placed,120000.0,2,2
6.657076378,0,Tier 1,UK,300+,1,66.0195585,45.62639351,Cloud,Consulting,3.704738653,Placed,102382.9857,3,1
7.823552445,2,Tier 1,Canada,300+,2,51.89269634,79.24832771,Cybersecurity,Other,6.509541926,Placed,108849.9342,3,1
7.740537768,1,Tier 1,UK,300+,3,43.71046796,65.51214624,Cybersecurity,Consulting,5.270573184,Placed,111159.7571,3,1
7.119564872,3,Tier 2,UK,100-300,1,49.57425518,75.83508651,Cloud,Consulting,7.543249551,Placed,95671.66737,2,2
8.905370825,0,Tier 2,USA,300+,1,77.83410433,80.77790919,Cloud,Consulting,5.016421638,Placed,113445.2969,2,1
7.927871973,2,Tier 3,UK,Top 100,2,80.92398852,58.43773324,AI/ML,Manufacturing,4.608396105,Placed,95197.96984,1,3
6.137189807,0,Tier 1,Germany,Top 100,1,89.64140379,72.46914481,Cloud,Manufacturing,3.18226201,Placed,94337.21142,3,3
6.859764376,2,Tier 3,USA,300+,2,64.96725181,82.14581496,Cloud,Tech,8.673271727,Placed,93183.52985,1,1
7.288314716,2,Tier 3,Canada,300+,4,70.70715359,67.2355824,Core CS,Finance,4.481258366,Placed,76767.24412,1,1
7.403430283,1,Tier 3,Germany,300+,3,66.21493891,46.0345882,Cybersecurity,Manufacturing,5.513091438,Placed,77860.74687,1,1
7.232771784,0,Tier 2,UK,Top 100,1,62.63103602,48.74806921,Cloud,Manufacturing,5.666671555,Placed,94632.23747,2,3
6.594393073,1,Tier 1,UK,300+,3,100.0,68.68138974,Cloud,Consulting,5.981929212,Placed,105980.573,3,1
6.588879499,2,Tier 2,USA,300+,2,84.96283706,50.862088,Data Science,Consulting,4.484477572,Placed,120000.0,2,1
8.427820031,2,Tier 1,Germany,Top 100,0,73.86204605,52.70843224,Core CS,Other,7.649155272,Placed,112820.5443,3,3
7.010760292,0,Tier 3,Canada,100-300,1,45.21226333,89.10113793,Core CS,Manufacturing,3.677233421,Placed,61861.28128,1,2
6.820117555,0,Tier 2,India,100-300,0,64.33644453,85.1494145,Cloud,Consulting,4.623842505,Placed,37882.57269,2,2
9.348526322,1,Tier 3,India,100-300,2,86.3867617,74.65606853,Cybersecurity,Consulting,6.63497064,Placed,44376.13017,1,2
7.332669469,0,Tier 2,India,Top 100,1,57.88947554,69.06529095,Core CS,Tech,5.405302683,Placed,52312.82897,2,3
7.480170373,0,Tier 2,UK,Top 100,3,74.16932636,60.72790828,Data Science,Manufacturing,2.816266776,Placed,110973.8874,2,3
7.766345644,0,Tier 3,Canada,100-300,2,60.57122826,57.22374331,Cloud,Manufacturing,8.529064586,Placed,86375.843,1,2
8.446086806,0,Tier 3,Canada,Top 100,1,73.19785441,59.69703441,Cybersecurity,Healthcare,4.227164594,Placed,83122.5916,1,3
6.15517536,0,Tier 2,UK,300+,1,76.74300598,62.96541974,AI/ML,Healthcare,3.284588059,Placed,100541.0136,2,1
7.246265898,0,Tier 3,India,100-300,2,80.3480284,45.32088589,Core CS,Consulting,3.548657121,Placed,41324.58314,1,2
8.654580833,0,Tier 2,Canada,100-300,1,83.6022089,53.82624522,Data Science,Consulting,6.835994727,Placed,108985.2034,2,2
5.881755617,4,Tier 1,Canada,Top 100,2,92.17777961,56.62710446,Cybersecurity,Healthcare,7.520589347,Placed,104045.3888,3,3
7.962061204,1,Tier 1,Canada,100-300,2,67.93533209,64.29984235,Cloud,Manufacturing,5.397426427,Placed,106530.0414,3,2
7.143931496,1,Tier 3,Canada,100-300,4,69.65223191,74.16977916,Data Science,Finance,5.892022762,Placed,88315.72226,1,2
7.670264428,4,Tier 1,Canada,100-300,2,53.04718064,32.50671384,Cybersecurity,Other,6.662601584,Placed,106885.68,3,2
6.326053896,0,Tier 3,India,300+,2,39.36235442,97.93145114,AI/ML,Manufacturing,6.219232514,Placed,34312.1564,1,1
7.600698224,2,Tier 2,Germany,Top 100,1,84.61710653,98.88414001,Cloud,Consulting,4.498982699,Placed,89828.69167,2,3
7.777645573,0,Tier 1,Canada,Top 100,2,91.4950661,61.02546232,Cybersecurity,Healthcare,3.416297965,Placed,112612.4989,3,3
6.520142381,0,Tier 1,USA,100-300,1,57.69640785,64.81665198,Core CS,Healthcare,3.320096899,Placed,120000.0,3,2
7.655498615,0,Tier 2,India,300+,2,37.97660486,55.25721376,Cloud,Consulting,8.935447103,Placed,46454.044,2,1
6.227373894,0,Tier 1,Germany,Top 100,2,77.23608385,81.52806099,Core CS,Other,7.663803148,Placed,92267.94177,3,3
6.569141061,0,Tier 2,USA,300+,1,79.56579681,72.77422758,Cloud,Finance,6.116379791,Placed,93490.05022,2,1
6.62659295,0,Tier 1,India,100-300,3,72.05714413,61.48187222,Data Science,Healthcare,7.400458806,Placed,48362.62635,3,2
6.092935715,0,Tier 1,UK,100-300,1,54.75535153,65.67650882,AI/ML,Consulting,7.151110856,Placed,118212.1652,3,2
6.409042001,1,Tier 3,UK,100-300,1,75.82091563,48.97440294,Cloud,Consulting,4.132789072,Placed,75482.54691,1,2
8.618072184,0,Tier 2,UK,100-300,0,78.95874568,53.31822853,Cybersecurity,Other,4.561997282,Placed,102409.956,2,2
6.376784463,1,Tier 2,India,100-300,0,86.3619462,68.2941229,Cybersecurity,Manufacturing,7.018598793,Placed,50191.29955,2,2
7.217937117,0,Tier 3,Germany,100-300,2,55.13090999,71.97652166,AI/ML,Healthcare,5.853476738,Placed,82991.12599,1,2
7.952868684,1,Tier 2,Canada,300+,1,80.59021467,91.73840026,Data Science,Manufacturing,5.650059941,Placed,102626.3594,2,1
7.873685427,2,Tier 3,India,100-300,3,70.99326913,56.77076387,AI/ML,Other,3.565989152,Placed,42765.65439,1,2
6.561675757,2,Tier 3,Canada,100-300,4,79.60210902,78.20276055,Data Science,Finance,4.416728136,Placed,91768.78189,1,2
7.579309247,2,Tier 3,India,100-300,3,86.5660156,55.51030788,Cloud,Finance,4.8058032,Placed,52333.36635,1,2
8.032606739,0,Tier 3,Canada,100-300,1,61.55435449,80.07557406,Data Science,Other,5.615505111,Placed,89770.90702,1,2
9.070327179,0,Tier 1,UK,Top 100,1,69.8548527,61.82256047,AI/ML,Manufacturing,5.270969545,Placed,120000.0,3,3
7.559135748,0,Tier 2,UK,100-300,1,89.8765833,52.35600823,Data Science,Other,3.454542182,Placed,103675.6726,2,2
7.626686968,2,Tier 3,Canada,100-300,0,64.39041631,80.08186738,Data Science,Manufacturing,4.507786852,Placed,78369.49643,1,2
6.379300141,0,Tier 2,Germany,300+,1,74.3500428,70.18058234,Core CS,Finance,5.698380142,Placed,90177.30361,2,1
7.063171237,1,Tier 2,Canada,100-300,4,84.6490649,77.46811097,Cybersecurity,Consulting,5.185014372,Placed,81094.89767,2,2
6.487134987,3,Tier 1,USA,Top 100,1,75.51854541,49.64151422,Cybersecurity,Tech,5.251653729,Placed,120000.0,3,3
7.821515695,0,Tier 3,USA,300+,2,80.5893801,70.11051581,Data Science,Finance,4.018256192,Placed,118028.6527,1,1
8.295030112,0,Tier 2,India,100-300,1,63.73095652,75.15781289,Core CS,Tech,3.255591156,Placed,62845.1357,2,2
6.026482632,1,Tier 3,UK,100-300,0,54.21386304,73.13837189,Cybersecurity,Consulting,4.542274359,Placed,70298.21325,1,2
8.090701211,3,Tier 1,Germany,100-300,1,90.06409741,59.98741888,Cybersecurity,Tech,3.86408122,Placed,115203.2767,3,2
6.515875012,1,Tier 3,UK,Top 100,2,54.14898621,76.64604013,Cybersecurity,Other,2.604391779,Placed,77412.07929,1,3
7.7283348,3,Tier 2,Germany,100-300,3,62.39251761,69.87827755,Data Science,Consulting,6.734009054,Placed,96149.61733,2,2
8.258987373,0,Tier 1,USA,100-300,1,79.42606646,54.64838498,Cybersecurity,Other,2.003341308,Placed,120000.0,3,2
7.365350409,0,Tier 3,USA,300+,2,54.08915146,87.49497755,Core CS,Tech,5.816052513,Placed,101565.2456,1,1
6.265430267,1,Tier 2,UK,Top 100,0,69.84837302,72.11046695,Cloud,Finance,5.734026614,Placed,107738.2814,2,3
8.058195574,0,Tier 3,USA,300+,1,33.64193347,66.25689507,Data Science,Other,3.689897379,Placed,110500.4527,1,1
7.063658828,0,Tier 3,USA,Top 100,2,84.94246003,62.1342763,Cybersecurity,Other,5.506464561,Placed,97793.40476,1,3
7.607059533,1,Tier 3,Canada,300+,0,57.69100216,94.54839104,Data Science,Manufacturing,5.260734874,Placed,91182.62793,1,1
7.22303985,1,Tier 2,India,100-300,3,64.24235695,61.8461262,Core CS,Tech,5.000128593,Placed,40501.3165,2,2
7.68631906,0,Tier 3,India,Top 100,2,74.08276912,61.56219705,Cybersecurity,Healthcare,7.641989512,Placed,41394.92551,1,3
7.442855625,2,Tier 2,Canada,300+,2,84.61193087,82.48047054,Data Science,Consulting,7.713204373,Placed,93968.44361,2,1
6.79416,1,Tier 1,UK,100-300,2,53.38243355,62.6042484,Data Science,Manufacturing,7.565657875,Placed,118711.7091,3,2
7.86568985,0,Tier 1,UK,100-300,3,54.06836182,73.25558721,Cloud,Other,4.154492259,Placed,113979.7349,3,2
6.392823441,2,Tier 3,Canada,300+,3,66.02434046,80.48242149,Cybersecurity,Tech,4.792578197,Placed,82211.20951,1,1
6.782071987,0,Tier 3,USA,100-300,2,62.94939386,59.01363248,Data Science,Manufacturing,4.40420966,Placed,98630.1135,1,2
7.986979423,0,Tier 1,India,100-300,0,69.36344329,60.89817931,Core CS,Consulting,2.797433001,Placed,54952.68525,3,2
6.355923855,1,Tier 3,Germany,100-300,2,65.9913725,64.00208397,Cloud,Tech,4.844083761,Placed,72791.95832,1,2
7.150780609,2,Tier 3,UK,300+,1,79.68015571,56.75156417,AI/ML,Finance,7.883742426,Placed,89224.43691,1,1
6.791752767,0,Tier 2,UK,300+,3,66.96321329,59.61320119,Data Science,Healthcare,4.822878274,Placed,94254.69967,2,1
6.823569417,2,Tier 3,USA,100-300,2,70.50228463,59.79498334,Data Science,Finance,4.397644767,Placed,111529.4974,1,2
6.845035696,1,Tier 1,Germany,Top 100,0,63.18722669,58.89263776,Core CS,Tech,4.654273084,Placed,112521.7042,3,3
7.867358595,2,Tier 3,UK,100-300,1,77.92520996,74.72940766,Cloud,Consulting,8.436592913,Placed,75349.56654,1,2
7.168242432,1,Tier 1,UK,Top 100,2,73.96059702,65.161647,AI/ML,Finance,5.741136385,Placed,120000.0,3,3
6.992654117,3,Tier 3,USA,Top 100,3,53.74682749,53.82451369,Cloud,Consulting,5.761442414,Placed,86720.36479,1,3
7.174241872,3,Tier 3,India,Top 100,2,72.98722302,97.66489338,AI/ML,Healthcare,2.978810972,Placed,49154.95035,1,3
6.56899133,0,Tier 3,India,100-300,1,70.40097246,55.91183342,Cloud,Consulting,6.983521618,Placed,36965.78811,1,2
7.204936485,0,Tier 3,Germany,100-300,2,78.77578823,58.66110645,Cybersecurity,Tech,6.114731527,Placed,69666.77562,1,2
7.954648805,1,Tier 2,India,100-300,1,76.59703314,66.81789946,Core CS,Finance,5.636047071,Placed,54133.29681,2,2
6.601630523,0,Tier 3,Germany,100-300,1,53.3310929,55.53328213,Data Science,Manufacturing,3.076384778,Placed,70344.79171,1,2
6.589972711,1,Tier 1,Germany,Top 100,2,63.03991038,92.38288389,AI/ML,Finance,6.664719881,Placed,120000.0,3,3
7.616641776,0,Tier 3,India,100-300,3,54.85444832,51.22017841,Data Science,Manufacturing,5.133201953,Placed,37746.33716,1,2
7.342251516,0,Tier 3,USA,Top 100,2,49.36909179,98.98634216,Cybersecurity,Manufacturing,3.862029309,Placed,97437.35802,1,3
6.550929603,0,Tier 1,Canada,100-300,1,65.75444591,69.69482557,Cybersecurity,Healthcare,5.031676592,Placed,97599.12527,3,2
6.73640856,0,Tier 1,USA,300+,1,74.98518106,70.47123845,AI/ML,Finance,6.693588562,Placed,120000.0,3,1
8.339887738,0,Tier 1,Canada,300+,0,73.8024652,64.13484573,Core CS,Healthcare,6.465532031,Placed,114010.8409,3,1
6.780158156,2,Tier 2,Germany,Top 100,0,73.57052244,99.85165131,Cybersecurity,Finance,3.743753479,Placed,84956.50154,2,3
7.027223669,0,Tier 3,UK,Top 100,1,100.0,54.13113696,Cybersecurity,Manufacturing,7.913065925,Placed,74064.49348,1,3
7.491016685,0,Tier 2,UK,Top 100,1,68.4054528,50.73185675,Core CS,Healthcare,6.585642892,Placed,92657.53329,2,3
7.300364686,2,Tier 2,Canada,100-300,1,57.62046498,82.8078232,Core CS,Healthcare,8.141353353,Placed,84630.16372,2,2
7.929807678,0,Tier 2,Germany,100-300,1,47.50245013,90.96953972,Core CS,Other,5.275275015,Placed,95219.55037,2,2
6.276041734,1,Tier 3,Canada,300+,5,56.66593772,66.87563614,Cloud,Other,5.256069701,Placed,67763.43462,1,1
7.049506682,2,Tier 1,Germany,100-300,1,73.70915909,74.9724826,Core CS,Manufacturing,4.852929498,Placed,98337.73217,3,2
6.847807324,1,Tier 3,India,Top 100,1,90.33516166,84.23804598,Core CS,Tech,5.748373703,Placed,37257.24935,1,3
8.09058318,0,Tier 2,UK,Top 100,1,100.0,100.0,AI/ML,Manufacturing,4.915359458,Placed,115206.5877,2,3
6.757099142,0,Tier 2,India,300+,1,78.72567357,58.06248668,Cloud,Tech,5.349632913,Placed,46708.48101,2,1
6.608891105,1,Tier 3,India,100-300,3,58.48179427,79.03153577,AI/ML,Tech,5.542642757,Placed,42460.92408,1,2
8.271152263,2,Tier 1,Germany,Top 100,0,64.51205853,49.93777166,Core CS,Consulting,7.610191262,Placed,113673.9282,3,3
6.099530309,3,Tier 1,USA,300+,2,65.54384275,64.4859202,Data Science,Tech,6.727579132,Placed,120000.0,3,1
6.945702895,1,Tier 2,India,300+,1,73.91500515,71.12823325,Cybersecurity,Healthcare,4.05217552,Placed,37617.35968,2,1
7.345305304,1,Tier 2,Canada,300+,3,61.12154001,49.1461622,Core CS,Consulting,7.504961448,Placed,81524.30571,2,1
7.591740374,2,Tier 1,USA,100-300,1,92.86444338,39.42865619,AI/ML,Tech,7.005383771,Placed,120000.0,3,2
9.057596254,0,Tier 2,UK,300+,3,47.90602822,57.1862693,Cloud,Consulting,3.073901675,Placed,107358.6059,2,1
7.486988471,1,Tier 3,UK,Top 100,3,56.04326394,66.25128801,Data Science,Tech,7.408270663,Placed,109496.4707,1,3
6.504182297,1,Tier 1,Germany,Top 100,1,77.11736764,66.96106086,Cybersecurity,Healthcare,5.239909182,Placed,93545.67206,3,3
6.272984263,1,Tier 3,Germany,300+,3,94.19520498,75.81138544,Core CS,Finance,3.905407775,Placed,62903.04071,1,1
8.347619868,0,Tier 2,Germany,Top 100,0,50.51851295,62.09103982,AI/ML,Consulting,5.41229651,Placed,98054.03628,2,3
7.018556783,2,Tier 3,USA,100-300,3,54.47822706,51.9960574,Data Science,Manufacturing,4.444991497,Placed,100620.3666,1,2
8.080812602,0,Tier 3,Germany,300+,1,49.29486135,47.28791242,AI/ML,Consulting,2.434926863,Placed,78786.50444,1,1
5.789976828,1,Tier 3,Canada,Top 100,2,76.64286204,69.84533055,Cloud,Consulting,3.091206496,Placed,71243.5954,1,3
7.129358821,0,Tier 2,USA,Top 100,1,59.56742634,39.00195613,Cloud,Consulting,6.240992248,Placed,108276.7822,2,3
7.082286862,2,Tier 1,Canada,Top 100,1,49.08378295,91.76321646,AI/ML,Consulting,5.136656597,Placed,120000.0,3,3
5.871154535,1,Tier 2,Canada,Top 100,2,77.82877904,44.42838611,Core CS,Finance,2.992642796,Placed,92162.14313,2,3
5.485790258,2,Tier 1,UK,100-300,2,41.87733094,76.29202679,Cybersecurity,Finance,3.475909873,Placed,103458.2648,3,2
7.249192687,1,Tier 1,Canada,300+,1,87.0343033,61.90169578,Cybersecurity,Finance,5.456962695,Placed,103968.2762,3,1
6.682141398,0,Tier 3,USA,100-300,1,98.05908557,95.72553568,Cybersecurity,Finance,5.184390184,Placed,101988.5974,1,2
7.427491919,1,Tier 2,USA,300+,2,71.77711334,97.31255084,Cloud,Other,5.843591891,Placed,107299.6248,2,1
7.072874885,0,Tier 3,Canada,100-300,3,63.90405781,67.08912978,Data Science,Healthcare,5.558475201,Placed,82191.47049,1,2
7.005018525,2,Tier 3,Germany,100-300,2,52.25121035,42.91539179,AI/ML,Healthcare,5.250955704,Placed,80884.44602,1,2
7.920213917,0,Tier 2,India,100-300,1,75.64524168,79.52564325,AI/ML,Consulting,3.403324433,Placed,46232.60788,2,2
6.835772784,1,Tier 2,Canada,Top 100,2,87.99044296,63.52459322,Core CS,Manufacturing,5.553206164,Placed,87697.3741,2,3
7.894839955,1,Tier 2,UK,300+,4,77.62760459,55.74886697,Data Science,Healthcare,5.10663279,Placed,112030.9888,2,1
6.57877465,0,Tier 1,India,100-300,1,47.32120997,70.40525716,AI/ML,Healthcare,4.849873538,Placed,65445.43525,3,2
6.581139209,0,Tier 2,USA,Top 100,0,70.25958288,58.1297679,Core CS,Other,3.881950512,Placed,111823.0807,2,3
6.694038082,2,Tier 3,Canada,100-300,2,60.13713263,74.84937936,Cybersecurity,Finance,1.669711866,Placed,63873.63696,1,2
7.027122179,1,Tier 1,India,100-300,3,74.68174545,66.28398961,AI/ML,Other,4.305511122,Placed,61989.51944,3,2
7.740780081,1,Tier 1,India,300+,3,89.97039601,82.81120365,Cybersecurity,Finance,6.267163179,Placed,53732.14404,3,1
6.927139312,1,Tier 2,USA,100-300,4,97.31995861,72.56932776,Core CS,Finance,5.093981182,Placed,115075.2723,2,2
6.857923204,1,Tier 1,Canada,100-300,3,79.80473845,53.11672651,Cybersecurity,Other,5.629852898,Placed,104552.4503,3,2
7.52471371,1,Tier 1,Germany,Top 100,3,62.02283389,71.89285419,Cloud,Manufacturing,5.525997581,Placed,111214.0939,3,3
6.38303976,0,Tier 2,Germany,Top 100,1,74.00059349,80.85828334,AI/ML,Manufacturing,6.787273519,Placed,95688.33042,2,3
7.085645962,2,Tier 3,Canada,300+,2,57.30510477,63.15798598,Cybersecurity,Healthcare,5.156556654,Placed,71144.62631,1,1
6.509613383,0,Tier 1,USA,100-300,1,97.72408915,54.4744767,AI/ML,Finance,8.696734447,Placed,120000.0,3,2
6.954367067,3,Tier 3,USA,100-300,3,73.62141073,66.47679377,AI/ML,Consulting,5.091039355,Placed,108931.2481,1,2
7.947189955,1,Tier 3,Germany,100-300,3,63.52336445,90.20814908,Data Science,Manufacturing,7.881615593,Placed,89133.21342,1,2
7.273460171,1,Tier 2,India,100-300,1,53.10504432,48.29180945,Data Science,Healthcare,5.298664445,Placed,45184.5062,2,2
6.567194507,2,Tier 2,India,Top 100,1,63.75408641,60.69243521,Cybersecurity,Consulting,4.602731966,Placed,44499.45158,2,3
7.604532671,3,Tier 1,UK,300+,2,69.52640435,38.73033934,Core CS,Finance,7.777278252,Placed,120000.0,3,1
8.414535434,1,Tier 3,USA,300+,0,52.00042613,70.01487063,Cloud,Healthcare,4.022603225,Placed,92603.79042,1,1
7.255972153,1,Tier 1,India,300+,1,100.0,62.64698166,Data Science,Other,6.498954261,Placed,58416.02739,3,1
8.363673675,0,Tier 2,USA,300+,0,73.15348092,66.83090742,AI/ML,Tech,5.128377693,Placed,120000.0,2,1
6.113510033,0,Tier 2,USA,300+,3,84.44168354,68.74580095,Data Science,Manufacturing,5.77036782,Placed,111027.257,2,1
7.780832575,0,Tier 3,Canada,100-300,0,74.26801328,54.01113233,AI/ML,Tech,7.2585428,Placed,96690.69377,1,2
8.119589142,2,Tier 3,India,100-300,1,71.78998616,72.99332704,Data Science,Finance,2.995837583,Placed,49486.49051,1,2
6.777989105,1,Tier 2,Canada,300+,2,75.60919363,70.81557481,Cloud,Consulting,2.449281343,Placed,82004.87868,2,1
6.170952602,1,Tier 1,India,100-300,0,64.14724969,85.43613548,Data Science,Finance,3.746853067,Placed,63767.14821,3,2
6.970728021,0,Tier 3,UK,100-300,0,92.91485765,42.83469958,Cybersecurity,Finance,4.587918543,Placed,76996.72265,1,2
7.527719998,2,Tier 1,Germany,Top 100,3,88.03083398,59.41602917,Cloud,Other,5.45986387,Placed,104768.5874,3,3
7.872146777,0,Tier 1,Germany,300+,3,72.68845586,63.43662588,Data Science,Tech,6.70088507,Placed,120000.0,3,1
7.234830024,0,Tier 2,Germany,100-300,2,77.9013254,81.43319973,AI/ML,Healthcare,7.089882053,Placed,101800.252,2,2
7.19953415,0,Tier 2,Germany,100-300,4,86.92959443,45.82389323,Core CS,Tech,6.633704595,Placed,94532.6412,2,2
7.09980168,2,Tier 3,Germany,300+,2,85.6581429,91.35428007,Cloud,Other,4.22940468,Placed,62311.2577,1,1
8.212355847,1,Tier 2,India,300+,1,80.35955894,55.54819743,Cloud,Other,7.282110005,Placed,43342.92491,2,1
6.70130526,1,Tier 1,India,100-300,2,51.12986667,53.20933283,AI/ML,Finance,3.04134915,Placed,71273.4416,3,2
8.309391969,1,Tier 2,UK,100-300,2,60.44867481,66.65658513,Core CS,Manufacturing,6.450892955,Placed,98437.29461,2,2
6.984164524,3,Tier 2,Canada,300+,0,79.30581612,71.46309393,AI/ML,Manufacturing,7.359805286,Placed,95437.3628,2,1
7.879186686,0,Tier 3,Canada,100-300,1,66.24454825,69.17418164,AI/ML,Consulting,5.968834165,Placed,97549.81351,1,2
8.567869804,0,Tier 2,Canada,100-300,0,92.65905595,72.2043295,Core CS,Healthcare,3.765852155,Placed,103355.2369,2,2
7.36049044,2,Tier 2,Canada,Top 100,1,81.93111102,53.2991377,Cloud,Tech,4.727626447,Placed,108772.9135,2,3
7.066218323,1,Tier 3,UK,300+,3,62.57551887,37.11575192,Cloud,Healthcare,6.410544563,Placed,73766.52424,1,1
7.029426267,1,Tier 3,USA,Top 100,0,54.17206944,45.93640594,AI/ML,Healthcare,9.415827329,Placed,104460.1276,1,3
7.596120691,1,Tier 2,Germany,300+,0,55.83376275,88.8792211,Cloud,Manufacturing,6.944985389,Placed,84079.34832,2,1
7.107333133,1,Tier 2,Germany,300+,2,79.62933929,40.21902755,Core CS,Healthcare,5.056854093,Placed,81206.5761,2,1
6.692434497,1,Tier 2,Germany,100-300,1,93.08317693,65.4536629,AI/ML,Other,4.190561582,Placed,97919.31463,2,2
7.817298387,0,Tier 1,UK,300+,1,94.98461446,62.85500791,Data Science,Other,6.57111575,Placed,120000.0,3,1
6.696992131,0,Tier 1,Germany,300+,0,62.44107812,55.96672745,Cloud,Finance,7.171902011,Placed,87248.34008,3,1
7.344689935,0,Tier 2,USA,Top 100,4,67.38561984,68.87021933,Data Science,Consulting,4.275540928,Placed,120000.0,2,3
5.979453872,1,Tier 2,Germany,300+,1,70.74619572,61.79773794,Data Science,Consulting,5.823042781,Placed,85839.2338,2,1
6.897162965,1,Tier 2,USA,300+,0,56.18803069,73.11747282,Core CS,Healthcare,4.598218146,Placed,95625.70217,2,1
5.244494024,1,Tier 3,India,300+,1,66.13562415,73.96402452,Core CS,Tech,5.428409002,Placed,37245.64386,1,1
8.279576752,0,Tier 2,UK,100-300,0,62.63336393,60.57969573,Cybersecurity,Consulting,4.496844591,Placed,93477.92684,2,2
7.562514034,1,Tier 2,UK,Top 100,1,61.71219843,87.70073077,AI/ML,Manufacturing,6.554337927,Placed,120000.0,2,3
7.426565854,0,Tier 3,India,300+,1,64.10400933,80.86450048,Cloud,Finance,5.875678754,Placed,38776.03398,1,1
7.132322928,2,Tier 3,Canada,300+,3,84.38524105,76.82234024,AI/ML,Healthcare,4.701050231,Placed,82078.2415,1,1
7.67342462,1,Tier 2,India,300+,1,76.99489434,53.21098011,Cloud,Tech,4.59428072,Placed,55280.06623,2,1
6.159023976,0,Tier 2,USA,100-300,3,76.13480211,54.36640596,Core CS,Other,5.928684048,Placed,104065.247,2,2
6.818315194,3,Tier 2,Canada,Top 100,0,52.38114574,60.61055076,Core CS,Finance,5.621836094,Placed,96154.16419,2,3
6.886593957,0,Tier 2,Germany,Top 100,2,33.75108082,79.07334198,Core CS,Finance,2.783458185,Placed,89968.68842,2,3
7.108450733,2,Tier 2,Germany,100-300,1,96.1970654,66.92204529,Core CS,Consulting,4.940461819,Placed,84265.17262,2,2
7.582814915,0,Tier 3,Germany,Top 100,0,67.77800963,57.2290974,Data Science,Consulting,5.540467017,Placed,82144.17221,1,3
7.51008465,0,Tier 2,Canada,300+,2,56.99357482,63.2571831,AI/ML,Manufacturing,4.220662789,Placed,106505.4406,2,1
7.207015844,0,Tier 1,Germany,300+,1,58.0094284,64.52650456,AI/ML,Manufacturing,5.230338157,Placed,115715.3362,3,1
6.403246299,1,Tier 3,Canada,100-300,0,40.26467112,69.3347961,AI/ML,Tech,6.519617793,Placed,98722.18276,1,2
6.470766846,0,Tier 2,India,300+,2,94.99385491,73.42621118,AI/ML,Consulting,3.081523737,Placed,52605.87243,2,1
7.0104347,2,Tier 2,USA,100-300,2,84.05253558,49.90501101,Core CS,Healthcare,4.921535456,Placed,108761.1814,2,2
6.911995601,0,Tier 2,UK,Top 100,2,52.64365071,85.46517967,AI/ML,Manufacturing,2.610886904,Placed,111251.0613,2,3
8.033648267,0,Tier 1,Canada,100-300,2,72.84287819,52.43798252,Core CS,Other,4.575436926,Placed,107610.9995,3,2
6.400662619,0,Tier 2,Canada,300+,0,57.86776053,100.0,AI/ML,Consulting,5.01920212,Placed,101443.9158,2,1
8.052406633,0,Tier 1,USA,300+,2,80.80293395,72.63982778,Data Science,Tech,4.978111439,Placed,120000.0,3,1
7.168397039,2,Tier 3,Canada,300+,0,90.2213704,69.4502185,Data Science,Finance,5.80458796,Placed,75442.9654,1,1
6.871664494,1,Tier 2,UK,300+,0,92.39744506,79.09249241,AI/ML,Tech,7.870862527,Placed,105819.0348,2,1
9.000720398,0,Tier 3,Canada,100-300,3,88.26972573,56.25021013,Core CS,Tech,5.524705206,Placed,88265.11186,1,2
6.155488408,1,Tier 3,India,Top 100,1,42.5277411,80.91767485,Core CS,Healthcare,6.85038218,Placed,29780.51182,1,3
8.351351147,0,Tier 3,UK,100-300,2,83.50491732,93.72966973,Core CS,Consulting,4.792049985,Placed,76733.70304,1,2
8.335938225,2,Tier 1,USA,300+,2,68.45888906,81.97827407,Core CS,Finance,3.597334159,Placed,120000.0,3,1
7.979159003,0,Tier 1,Canada,300+,4,61.50379134,55.31494689,AI/ML,Consulting,6.218492059,Placed,120000.0,3,1
6.707807218,1,Tier 2,UK,Top 100,2,88.54067821,79.55550925,Cybersecurity,Manufacturing,4.648368343,Placed,97531.112,2,3
8.628698828,1,Tier 3,USA,300+,2,76.47364438,68.59990665,Core CS,Finance,7.310591981,Placed,102484.3663,1,1
8.062445511,1,Tier 3,UK,100-300,1,61.29225991,73.79322165,Cloud,Healthcare,7.16030986,Placed,83590.87537,1,2
6.221788387,1,Tier 2,Germany,300+,5,69.11937982,67.4295856,Cloud,Tech,6.970780877,Placed,90112.05169,2,1
7.325297627,1,Tier 3,India,300+,1,82.46452341,46.9123838,AI/ML,Consulting,7.295225175,Placed,44941.08056,1,1
7.510941712,1,Tier 1,India,300+,1,71.94182902,80.72643993,Cybersecurity,Manufacturing,1.651687447,Placed,57544.17843,3,1
7.839091314,1,Tier 3,India,Top 100,0,72.59687879,70.40713018,Data Science,Other,7.895236566,Placed,55598.17794,1,3
6.976626875,1,Tier 3,Germany,100-300,4,61.02194357,65.32024867,AI/ML,Manufacturing,6.342413506,Placed,78443.68293,1,2
7.620092097,0,Tier 2,Germany,100-300,3,91.26720824,42.17808189,Cybersecurity,Tech,5.968650032,Placed,108028.8721,2,2
6.978991365,1,Tier 2,Germany,100-300,4,80.32681387,49.99881847,AI/ML,Healthcare,4.764541342,Placed,95534.10071,2,2
7.02519325,1,Tier 2,India,300+,2,83.6154018,47.73795864,AI/ML,Finance,4.181184623,Placed,51883.41797,2,1
7.552058941,0,Tier 1,USA,300+,1,61.04856431,69.3450475,Core CS,Other,4.511150118,Placed,120000.0,3,1
7.218494747,0,Tier 2,India,300+,4,41.11348508,69.39304428,Data Science,Finance,6.481294359,Placed,52836.32103,2,1
6.201430193,2,Tier 1,UK,Top 100,1,41.35450071,70.3863267,Cloud,Healthcare,7.619398363,Placed,97264.06779,3,3
6.997771111,1,Tier 3,Canada,300+,4,76.72663825,81.5688127,Core CS,Other,6.418043625,Placed,65882.49683,1,1
6.724748835,0,Tier 2,USA,100-300,2,72.08062316,55.91890996,Cybersecurity,Finance,2.924866326,Placed,108448.8749,2,2
6.21605954,1,Tier 2,India,100-300,0,42.36148856,50.77855269,Cloud,Finance,5.308850758,Placed,44297.32627,2,2
5.921458364,1,Tier 3,Germany,100-300,0,71.1877949,100.0,Cybersecurity,Tech,4.690170861,Placed,62575.82912,1,2
8.520214739,0,Tier 1,Germany,300+,1,40.77921057,61.65802006,Cybersecurity,Other,6.148870182,Placed,102325.9892,3,1
7.818445244,0,Tier 2,Germany,100-300,2,63.70410215,85.13668106,Data Science,Consulting,6.147853923,Placed,99020.37722,2,2
7.312902302,1,Tier 1,India,Top 100,2,88.34201309,98.14660148,Cloud,Healthcare,3.405960671,Placed,54131.16995,3,3
7.934007858,1,Tier 1,India,100-300,2,70.2985015,85.01427753,Cybersecurity,Healthcare,5.073213603,Placed,55787.44451,3,2
7.948916379,3,Tier 3,USA,Top 100,2,76.38710847,65.130635,Data Science,Consulting,6.444764732,Placed,115470.2399,1,3
8.232259184,0,Tier 1,UK,100-300,2,92.68001206,41.60858521,AI/ML,Finance,4.530237718,Placed,120000.0,3,2
6.396910309,0,Tier 2,India,Top 100,2,53.10782832,61.03693845,AI/ML,Manufacturing,6.273995289,Placed,54534.70681,2,3
7.899946036,0,Tier 1,Canada,100-300,2,62.6436364,61.52848505,Core CS,Other,6.48544124,Placed,115495.2053,3,2
6.917130517,0,Tier 3,Germany,300+,3,78.58063712,74.51897571,Cloud,Other,4.341021054,Placed,67263.66213,1,1
6.828899866,0,Tier 2,UK,Top 100,2,73.24165401,77.31103198,Data Science,Healthcare,3.392299833,Placed,114977.4238,2,3
7.776252961,1,Tier 2,Canada,300+,1,56.75721381,84.84244397,AI/ML,Tech,7.795406685,Placed,115731.5495,2,1
7.335007968,0,Tier 2,UK,100-300,1,80.27698467,61.91057538,Cloud,Other,4.759124882,Placed,90924.44485,2,2
7.17646683,2,Tier 3,UK,300+,0,79.12100626,63.31549137,Cloud,Tech,4.960025005,Placed,78458.43052,1,1
5.983238623,4,Tier 3,USA,Top 100,2,70.5335976,43.70969013,AI/ML,Finance,3.831639484,Placed,106879.4108,1,3
7.718935328,2,Tier 3,Germany,100-300,0,70.29032223,43.65192761,Cloud,Other,2.976299579,Placed,76076.69669,1,2
7.527625176,0,Tier 1,Germany,Top 100,3,33.89674501,65.59478354,Data Science,Other,4.310027714,Placed,118331.1805,3,3
8.41320944,1,Tier 2,Canada,Top 100,1,54.93694062,56.40496043,Data Science,Tech,2.257281675,Placed,120000.0,2,3
7.07452667,1,Tier 3,UK,Top 100,2,61.43164055,79.36770633,Cloud,Other,4.59432167,Placed,83452.3568,1,3
4.957160323,2,Tier 3,UK,300+,4,46.37545681,78.91064575,AI/ML,Tech,5.132527138,Placed,79687.8197,1,1
6.739190003,1,Tier 1,UK,Top 100,0,84.00132683,69.85341476,Core CS,Other,6.208841732,Placed,106652.4558,3,3
7.312292956,0,Tier 1,Canada,100-300,2,58.12696988,94.28473251,AI/ML,Finance,6.390438191,Placed,120000.0,3,2
6.876875818,0,Tier 1,Canada,Top 100,1,80.94085599,61.47001998,Core CS,Manufacturing,3.457532054,Placed,114930.1204,3,3
6.743691952,2,Tier 1,Germany,100-300,3,65.95592757,75.39264654,Cybersecurity,Consulting,3.828478362,Placed,102705.3364,3,2
5.576480856,2,Tier 2,UK,300+,1,86.29277801,68.93760575,Core CS,Healthcare,6.156633629,Placed,82429.23603,2,1
6.248025737,3,Tier 2,USA,100-300,4,74.72005592,59.6625199,Cybersecurity,Consulting,5.200991159,Placed,104856.6028,2,2
8.372726105,0,Tier 2,India,300+,0,100.0,50.77849383,Cybersecurity,Healthcare,6.460785255,Placed,37364.21711,2,1
6.921979693,2,Tier 2,USA,100-300,1,63.43940155,60.06279141,Cloud,Tech,3.955797881,Placed,106601.5665,2,2
7.262248859,1,Tier 1,India,Top 100,2,72.10051725,83.02560657,Core CS,Finance,8.82260914,Placed,62900.79834,3,3
7.761982526,0,Tier 2,USA,300+,1,82.09911238,73.25410581,Data Science,Finance,6.70629003,Placed,120000.0,2,1
7.293451235,1,Tier 1,Germany,100-300,1,51.13642901,92.71261417,AI/ML,Tech,6.640080915,Placed,120000.0,3,2
7.121122438,0,Tier 3,Canada,300+,0,61.12630061,44.42651836,AI/ML,Healthcare,4.106438062,Placed,89172.30146,1,1
7.238761451,1,Tier 2,UK,100-300,1,75.73048279,56.52362102,AI/ML,Healthcare,3.741228036,Placed,111392.3207,2,2
6.373921122,1,Tier 2,India,Top 100,2,79.23222067,40.66415926,Cybersecurity,Finance,5.973266099,Placed,46065.7347,2,3
7.565625888,0,Tier 3,USA,300+,2,56.09796535,61.43396421,Cloud,Consulting,4.123565406,Placed,86063.60085,1,1
8.667770337,0,Tier 3,Canada,100-300,0,84.47451332,89.20672681,Cybersecurity,Finance,4.336267193,Placed,86508.74021,1,2
7.185285979,1,Tier 2,Germany,100-300,2,95.20879605,53.13370117,Cloud,Manufacturing,5.132140125,Placed,88411.3035,2,2
7.62912497,0,Tier 1,Canada,Top 100,1,75.34625357,61.27829619,Cloud,Healthcare,4.412443775,Placed,120000.0,3,3
6.552362972,2,Tier 3,UK,100-300,2,61.30720913,77.55341671,Data Science,Healthcare,6.363972769,Placed,81145.47232,1,2
4.733575768,1,Tier 2,UK,Top 100,3,87.33251058,38.92178928,Data Science,Consulting,5.862289786,Placed,90929.89012,2,3
8.087351595,0,Tier 2,Germany,Top 100,2,70.69246159,75.02457139,Data Science,Manufacturing,5.303311039,Placed,108513.3155,2,3
6.513944967,1,Tier 1,USA,300+,1,100.0,58.77376809,Core CS,Tech,4.300321651,Placed,120000.0,3,1
8.254545944,0,Tier 2,UK,300+,1,81.97524787,68.45924881,Cloud,Consulting,7.74881116,Placed,102127.5028,2,1
8.158237135,1,Tier 2,Germany,300+,3,77.27045623,78.22289328,Core CS,Healthcare,4.846246398,Placed,88623.61729,2,1
7.750912018,2,Tier 3,Canada,Top 100,2,59.56926122,61.70175509,Data Science,Finance,5.566938354,Placed,97189.48868,1,3
6.859110053,3,Tier 1,India,Top 100,2,72.21242238,71.89791239,Data Science,Healthcare,5.92646246,Placed,56063.19637,3,3
7.066389935,0,Tier 2,USA,300+,2,84.39799635,86.5613574,Core CS,Manufacturing,7.197856217,Placed,111453.2694,2,1
6.895259356,0,Tier 1,USA,Top 100,1,72.42416006,62.91684822,Core CS,Consulting,4.439352145,Placed,120000.0,3,3
7.902591827,0,Tier 3,UK,300+,3,95.74163445,44.61551582,Core CS,Manufacturing,3.068875531,Placed,68767.06352,1,1
6.299326075,1,Tier 1,USA,100-300,2,99.77347836,76.37350073,Core CS,Manufacturing,4.974392478,Placed,120000.0,3,2
6.355360276,0,Tier 2,Canada,Top 100,3,93.92208978,92.88267473,AI/ML,Healthcare,6.507946124,Placed,98264.23258,2,3
7.808219669,1,Tier 3,UK,300+,2,82.60960276,69.8419355,AI/ML,Manufacturing,5.81738351,Placed,83668.51994,1,1
6.964510836,2,Tier 3,UK,300+,0,58.38609458,59.78702913,Cloud,Tech,4.165431069,Placed,82147.15994,1,1
8.102773884,0,Tier 3,UK,100-300,1,60.21622631,59.01430945,Core CS,Healthcare,4.824723723,Placed,75402.02278,1,2
6.462790234,0,Tier 2,Canada,300+,2,68.15138353,56.24075637,AI/ML,Other,3.55194281,Placed,98504.83391,2,1
6.262069612,1,Tier 2,USA,100-300,5,69.34889235,55.98780278,Cloud,Healthcare,3.473988102,Placed,101268.145,2,2
7.005890145,2,Tier 3,USA,300+,1,62.38290032,80.32141805,AI/ML,Manufacturing,5.587116793,Placed,98076.51837,1,1
6.609893263,2,Tier 3,UK,100-300,3,65.007671,39.21826439,Cloud,Healthcare,5.011134269,Placed,75972.79684,1,2
7.555138587,0,Tier 1,Canada,Top 100,2,54.0612295,45.99642704,Cloud,Tech,7.007604967,Placed,116864.1249,3,3
7.573271472,1,Tier 3,UK,100-300,1,48.8262498,67.85360676,Data Science,Manufacturing,7.333909542,Placed,90277.91098,1,2
8.067108596,0,Tier 3,UK,300+,2,83.62049487,77.93541906,Cloud,Other,4.505215768,Placed,85212.78469,1,1
9.259464473,0,Tier 1,Canada,300+,1,79.68501076,72.89877349,Cloud,Other,5.719267152,Placed,117323.4384,3,1
5.944825201,1,Tier 2,UK,100-300,3,93.91296504,65.74106017,Cloud,Tech,5.901683776,Placed,98663.5354,2,2
6.601092883,0,Tier 1,UK,300+,0,78.41765344,83.18725921,Cloud,Manufacturing,6.80863314,Placed,106133.0523,3,1
6.726542544,0,Tier 2,Germany,Top 100,0,76.89053276,53.83245292,Data Science,Consulting,5.964589554,Placed,91918.57459,2,3
7.038260256,1,Tier 1,UK,300+,0,82.92921794,75.56538059,Cybersecurity,Finance,4.508867891,Placed,113676.6824,3,1
6.548643056,2,Tier 3,USA,100-300,1,82.58798698,61.73454243,Cloud,Consulting,5.159253292,Placed,85736.41785,1,2
7.054697253,0,Tier 3,USA,Top 100,1,73.74576966,81.70305903,Cybersecurity,Healthcare,6.288276808,Placed,89530.03874,1,3
7.265318134,0,Tier 2,India,Top 100,4,85.3212693,70.16268378,Core CS,Tech,1.717614857,Placed,62959.50387,2,3
8.368823047,0,Tier 2,India,100-300,3,78.6831335,85.75066264,Data Science,Healthcare,5.544652349,Placed,43889.93569,2,2
6.680080008,1,Tier 2,UK,Top 100,0,78.1479939,65.00144405,Cloud,Healthcare,5.942538528,Placed,110895.7248,2,3
6.403865784,2,Tier 3,UK,Top 100,0,73.01895615,91.53305717,Cybersecurity,Consulting,5.711963411,Placed,80363.80269,1,3
6.979604697,0,Tier 2,USA,100-300,1,55.24143476,57.19555696,Data Science,Consulting,4.43501552,Placed,120000.0,2,2
6.826272954,0,Tier 3,USA,100-300,0,73.90509071,54.17751248,Cybersecurity,Other,5.383524104,Placed,79919.51951,1,2
6.516912855,1,Tier 3,India,100-300,1,67.74323251,95.21162468,Cloud,Tech,1.765097865,Placed,38692.32473,1,2
6.725435259,1,Tier 2,Germany,100-300,0,60.24694339,64.43954639,Data Science,Consulting,3.744159345,Placed,84789.84854,2,2
5.331366049,2,Tier 2,India,Top 100,4,86.2210143,50.51701902,AI/ML,Tech,4.648845851,Placed,51150.67575,2,3
7.778980985,0,Tier 2,UK,Top 100,2,44.32293415,54.20380181,Data Science,Other,2.825722014,Placed,113645.4907,2,3
7.239038224,0,Tier 2,India,300+,2,62.52580475,56.97445708,Data Science,Other,3.734566038,Placed,53969.97045,2,1
6.381235325,1,Tier 3,USA,100-300,1,67.15198569,76.36153457,Cloud,Other,7.400631758,Placed,82985.43595,1,2
8.518987985,0,Tier 3,India,Top 100,1,88.6415313,72.50547581,AI/ML,Healthcare,5.027289734,Placed,48138.46398,1,3
7.069613184,1,Tier 2,UK,100-300,3,77.69581782,66.05734334,Data Science,Finance,5.701458654,Placed,112359.537,2,2
6.171085142,1,Tier 3,Germany,Top 100,0,84.30800451,79.18596524,Cloud,Tech,3.45108412,Placed,70072.07008,1,3
7.315663988,1,Tier 2,UK,Top 100,3,68.44532328,59.88659291,Core CS,Consulting,6.688118904,Placed,95832.14015,2,3
6.659395516,0,Tier 2,UK,100-300,1,72.3535617,79.66804736,Data Science,Tech,4.460321805,Placed,110118.0959,2,2
7.360396579,2,Tier 1,Canada,100-300,0,82.34845934,80.33334997,Data Science,Tech,5.291600706,Placed,120000.0,3,2
6.790593368,2,Tier 2,Germany,300+,3,78.79853563,61.62779229,Core CS,Consulting,3.871018187,Placed,79616.24971,2,1
7.444753161,1,Tier 3,USA,Top 100,0,96.58933897,30.16165218,Core CS,Healthcare,6.248681036,Placed,95414.16148,1,3
5.476044437,3,Tier 2,Germany,100-300,1,84.71643603,79.37863172,Core CS,Other,6.65182996,Placed,75913.5813,2,2
6.65290123,3,Tier 2,Canada,100-300,1,71.5475798,61.86435748,Data Science,Tech,8.267406011,Placed,107718.5225,2,2
6.641630929,0,Tier 1,India,100-300,4,59.50863618,75.4949656,Cybersecurity,Finance,6.87300829,Placed,50152.27559,3,2
6.028155091,0,Tier 1,USA,100-300,3,72.56181055,76.60235479,AI/ML,Finance,1.935820753,Placed,120000.0,3,2
5.233375379,1,Tier 2,Canada,100-300,1,87.44259734,80.49378821,AI/ML,Tech,4.361908305,Placed,100021.1225,2,2
7.108687539,1,Tier 1,India,Top 100,3,75.14484321,81.77839682,Core CS,Healthcare,7.556349943,Placed,55258.86782,3,3
6.957995945,2,Tier 1,UK,Top 100,0,62.1751721,60.23823716,Data Science,Tech,3.639471475,Placed,120000.0,3,3
6.88409715,1,Tier 1,USA,Top 100,2,100.0,49.51376175,AI/ML,Consulting,5.203264845,Placed,120000.0,3,3
7.034432697,1,Tier 1,Canada,300+,4,84.5968768,72.04333539,AI/ML,Other,4.827203634,Placed,120000.0,3,1
7.818273177,2,Tier 1,UK,300+,2,73.64432369,54.22137495,Cloud,Manufacturing,4.154853755,Placed,107424.1508,3,1
6.847643051,2,Tier 2,Germany,100-300,2,81.87695528,63.91744199,Data Science,Finance,6.819894457,Placed,99325.79228,2,2
6.540733938,3,Tier 2,Canada,Top 100,1,63.12099283,48.54017719,Core CS,Healthcare,5.717305071,Placed,90689.42328,2,3
8.129621503,0,Tier 2,Canada,300+,1,81.10158457,76.42790615,Core CS,Finance,4.771207568,Placed,92852.65684,2,1
6.497485009,0,Tier 1,UK,100-300,1,78.84141294,65.91919985,AI/ML,Tech,5.501263514,Placed,120000.0,3,2
7.07914703,2,Tier 1,Canada,100-300,1,51.39840157,54.36682557,Cloud,Consulting,7.884165782,Placed,103629.7371,3,2
7.270685954,2,Tier 3,India,100-300,2,80.33488356,76.70649058,AI/ML,Finance,5.584621811,Placed,39874.50004,1,2
6.205937595,0,Tier 3,UK,Top 100,0,83.61296556,86.45997452,Data Science,Tech,4.341880065,Placed,87159.29102,1,3
7.016333734,2,Tier 1,India,Top 100,0,81.85407007,50.68750885,Cybersecurity,Finance,4.859542043,Placed,62883.6258,3,3
7.293397126,2,Tier 2,USA,300+,4,93.06966536,49.42418598,AI/ML,Tech,6.756300599,Placed,120000.0,2,1
6.692900207,0,Tier 2,India,300+,0,89.45363535,53.64518411,Cybersecurity,Manufacturing,5.159912224,Placed,45411.09043,2,1
7.161824326,1,Tier 2,USA,300+,1,72.77577361,64.75318975,Cloud,Other,4.862803313,Placed,108536.0481,2,1
6.218879961,1,Tier 1,Germany,Top 100,1,74.93985659,90.71935551,Core CS,Healthcare,4.663891921,Placed,100832.475,3,3
6.963796558,0,Tier 2,Germany,100-300,0,69.16791893,52.58367346,Data Science,Manufacturing,3.557675921,Placed,93835.29188,2,2
8.112777886,1,Tier 1,USA,300+,1,59.66943282,36.95417029,AI/ML,Manufacturing,6.131240876,Placed,120000.0,3,1
5.915223724,3,Tier 3,Germany,Top 100,2,49.41924918,71.35040368,Cybersecurity,Tech,3.555175827,Placed,70337.44025,1,3
6.16618273,0,Tier 1,India,300+,2,89.28526104,58.57893076,Core CS,Tech,4.453037782,Placed,57144.97702,3,1
7.456336939,0,Tier 3,Germany,Top 100,2,90.30640858,64.99369889,AI/ML,Consulting,7.075736223,Placed,78521.74157,1,3
6.585066624,0,Tier 2,India,300+,5,100.0,61.1724837,Data Science,Tech,6.529509775,Placed,51026.84919,2,1
7.682561236,2,Tier 2,USA,Top 100,3,94.88746186,70.07581633,Cybersecurity,Healthcare,6.345505028,Placed,116810.7355,2,3
7.023544473,2,Tier 1,UK,300+,3,82.34838324,100.0,Data Science,Tech,7.649868547,Placed,120000.0,3,1
6.214939251,1,Tier 2,USA,100-300,1,60.85214018,47.13593905,Cloud,Healthcare,6.964513822,Placed,97563.77323,2,2
7.08576637,0,Tier 2,India,300+,3,85.62776564,60.8477102,Core CS,Tech,3.3906401,Placed,35108.7309,2,1
6.744922916,1,Tier 1,UK,300+,1,55.20735329,87.21311344,Cybersecurity,Healthcare,3.04834045,Placed,102490.5751,3,1
6.936073238,0,Tier 3,Germany,Top 100,3,78.63230981,69.31696229,Cybersecurity,Consulting,5.61698235,Placed,71448.89393,1,3
7.164060271,1,Tier 1,Canada,300+,1,54.99165025,43.16502141,Cybersecurity,Tech,7.124651033,Placed,115773.3957,3,1
8.510749552,0,Tier 3,India,100-300,0,68.04452739,60.77976734,AI/ML,Finance,5.907769496,Placed,47768.60553,1,2
6.868606412,0,Tier 1,Germany,300+,0,81.91369045,100.0,Data Science,Finance,3.483485318,Placed,120000.0,3,1
6.331126664,1,Tier 2,Germany,100-300,2,51.79009923,82.98535722,Data Science,Tech,3.968248969,Placed,106980.3528,2,2
7.246407922,3,Tier 2,UK,100-300,2,51.69857777,60.15521512,Data Science,Consulting,5.21537361,Placed,106778.1192,2,2
6.715220732,3,Tier 1,Canada,100-300,2,61.44666539,88.75409564,Cloud,Tech,4.295029313,Placed,116505.0453,3,2
7.023352403,0,Tier 1,Germany,100-300,0,64.57057841,58.74622044,Core CS,Other,5.876290998,Placed,104427.0803,3,2
7.558379224,1,Tier 3,Canada,300+,1,75.47449092,64.62440431,Cloud,Healthcare,5.766724574,Placed,70166.39018,1,1
6.013967751,0,Tier 1,USA,100-300,3,70.5873299,83.55707753,Core CS,Manufacturing,3.935500905,Placed,117442.2751,3,2
6.452406616,0,Tier 3,UK,300+,2,60.49582213,67.07907569,Cybersecurity,Finance,4.563848249,Placed,75680.711,1,1
6.914422824,0,Tier 2,Canada,Top 100,2,68.91217439,83.73124573,Cybersecurity,Consulting,4.216108481,Placed,89684.25772,2,3
8.553796476,0,Tier 3,India,100-300,5,76.94403057,70.95370582,Cloud,Consulting,6.313826959,Placed,50769.82235,1,2
5.602222666,2,Tier 1,Germany,100-300,0,70.14880208,66.17307985,Data Science,Healthcare,8.373244308,Placed,109231.3109,3,2
7.075696836,0,Tier 1,Canada,Top 100,1,100.0,40.17667858,Cloud,Manufacturing,6.048654409,Placed,110742.2334,3,3
5.699564773,3,Tier 2,India,Top 100,1,72.96989249,77.12590654,AI/ML,Healthcare,4.338985762,Placed,48209.45706,2,3
7.237969642,1,Tier 2,UK,300+,3,78.53726669,72.96955352,Data Science,Finance,6.664374159,Placed,118423.9148,2,1
7.111598237,0,Tier 2,India,Top 100,2,72.94490694,59.50061366,Cybersecurity,Other,3.806982557,Placed,46034.12554,2,3
6.77213045,2,Tier 2,Germany,Top 100,2,72.70840012,74.32250055,Cloud,Tech,4.620907823,Placed,97546.59677,2,3
9.478639547,0,Tier 2,UK,300+,1,64.71114885,42.84826665,Core CS,Consulting,5.61055831,Placed,108212.535,2,1
6.480508144,0,Tier 2,USA,300+,0,90.16696454,70.37447498,AI/ML,Tech,5.500632303,Placed,120000.0,2,1
7.23618606,0,Tier 2,Canada,300+,2,73.71513203,51.40713783,Data Science,Finance,4.614061411,Placed,101809.8455,2,1
6.671585214,1,Tier 1,Germany,Top 100,3,48.15139698,31.14675221,AI/ML,Healthcare,4.391899557,Placed,118408.9959,3,3
8.455118826,2,Tier 1,Germany,Top 100,2,96.4949367,65.04604686,Cybersecurity,Finance,5.615436579,Placed,117563.1312,3,3
7.941747971,2,Tier 1,Canada,100-300,1,64.27425583,78.31386915,Cybersecurity,Tech,4.111490711,Placed,118670.456,3,2
6.711192621,0,Tier 2,India,Top 100,1,88.1593031,62.92578097,Cloud,Healthcare,5.876351944,Placed,53799.41224,2,3
9.162422052,0,Tier 2,UK,300+,4,45.66346835,74.57066027,AI/ML,Other,7.952490507,Placed,118072.7846,2,1
6.815470667,1,Tier 2,Canada,300+,0,53.24667325,64.79478976,Cloud,Finance,5.219258819,Placed,93287.61328,2,1
7.882574058,1,Tier 3,Germany,100-300,1,57.68073659,92.45889905,Cybersecurity,Other,6.483967253,Placed,70463.75495,1,2
8.153553922,1,Tier 2,Germany,100-300,0,100.0,61.32693173,Cybersecurity,Healthcare,6.567395625,Placed,88718.57835,2,2
7.175171133,1,Tier 1,Canada,100-300,5,54.82932772,30.7837901,Cloud,Other,5.535664626,Placed,105466.8771,3,2
6.326542695,1,Tier 1,Canada,300+,1,62.38911702,49.98429064,Data Science,Finance,5.486030205,Placed,119741.5738,3,1
7.547330567,2,Tier 2,India,100-300,1,83.88366544,77.80424187,AI/ML,Manufacturing,4.067023754,Placed,62238.63615,2,2
6.348195198,1,Tier 1,USA,300+,3,100.0,58.38638454,Cybersecurity,Finance,3.370111889,Placed,120000.0,3,1
6.787809968,0,Tier 1,Canada,100-300,0,45.27511457,56.51837097,Core CS,Tech,4.413245202,Placed,108084.9062,3,2
7.026975244,0,Tier 3,UK,100-300,0,82.14181952,67.75478758,Cloud,Healthcare,4.936991972,Placed,78891.97566,1,2
7.214874865,1,Tier 3,Canada,Top 100,0,75.34875301,62.81530997,AI/ML,Manufacturing,2.834623384,Placed,85230.68483,1,3
7.957528759,0,Tier 3,Canada,300+,5,73.86168851,73.96105391,AI/ML,Consulting,7.690339312,Placed,84544.00961,1,1
6.522484172,2,Tier 1,Germany,Top 100,1,76.81647644,34.97817567,Data Science,Healthcare,4.600679459,Placed,120000.0,3,3
6.912781264,0,Tier 1,UK,300+,1,45.34643767,65.35320849,Data Science,Healthcare,7.466707166,Placed,118473.3518,3,1
7.027500247,2,Tier 1,USA,100-300,1,80.07113389,79.19261467,Core CS,Manufacturing,6.195947649,Placed,120000.0,3,2
7.128471547,2,Tier 2,USA,300+,2,76.0093535,62.91891305,Data Science,Healthcare,4.182349905,Placed,117768.0859,2,1
8.089705923,1,Tier 3,USA,100-300,3,77.24755797,71.54646709,AI/ML,Other,6.09451101,Placed,103187.0845,1,2
6.904304301,1,Tier 1,UK,300+,2,53.37401788,56.02911429,AI/ML,Tech,5.381244987,Placed,120000.0,3,1
6.117452495,1,Tier 2,Canada,300+,3,66.96417638,59.87706792,Cloud,Tech,5.174940986,Placed,90912.35334,2,1
6.663977818,2,Tier 1,Germany,Top 100,3,78.69237139,69.42189921,AI/ML,Other,5.560685086,Placed,105628.2919,3,3
8.155529756,0,Tier 2,India,300+,1,75.38533339,65.27967135,Data Science,Finance,4.945066794,Placed,53857.79769,2,1
6.017856028,0,Tier 2,USA,100-300,3,64.95577804,68.23456358,Data Science,Manufacturing,5.970975075,Placed,115350.6851,2,2
6.526977593,0,Tier 1,India,100-300,2,100.0,47.46902402,Cloud,Consulting,3.973648252,Placed,58019.74458,3,2
7.286675609,2,Tier 3,Germany,300+,1,74.28872493,87.16012489,AI/ML,Manufacturing,4.144541051,Placed,88563.09528,1,1
5.805192177,1,Tier 3,Germany,300+,3,62.74475913,63.66988824,Cloud,Consulting,5.823625601,Placed,57776.10808,1,1
7.576797562,2,Tier 2,USA,100-300,1,68.66850487,86.25263651,Data Science,Consulting,3.461356654,Placed,120000.0,2,2
6.563851004,1,Tier 2,Canada,100-300,2,86.00863439,100.0,Cloud,Finance,5.097470302,Placed,93381.60955,2,2
9.341816074,0,Tier 1,USA,300+,1,73.99134093,51.21599453,AI/ML,Other,6.138475466,Placed,120000.0,3,1
6.262839181,0,Tier 3,UK,Top 100,1,54.84608533,67.30672166,Cloud,Finance,4.167913018,Placed,87709.86356,1,3
7.194507724,1,Tier 3,Germany,Top 100,1,96.44157286,73.04220296,AI/ML,Other,5.843506026,Placed,83170.79384,1,3
7.489865771,1,Tier 2,India,300+,0,66.05507115,71.69508146,Core CS,Healthcare,6.144175698,Placed,49497.13414,2,1
6.217129288,2,Tier 2,Germany,300+,3,67.75937296,55.21146531,Core CS,Healthcare,5.113821988,Placed,84170.90236,2,1
6.75921575,2,Tier 3,USA,Top 100,4,82.82830146,51.48035246,Data Science,Tech,4.174564107,Placed,113387.608,1,3
6.494850378,2,Tier 2,UK,100-300,4,83.54654108,58.40664027,Core CS,Manufacturing,3.61669427,Placed,84241.79329,2,2
7.994724638,0,Tier 2,Canada,100-300,1,68.80075971,52.36978622,Cybersecurity,Manufacturing,4.017309885,Placed,85702.71519,2,2
7.982424168,2,Tier 1,USA,100-300,2,73.45519905,100.0,AI/ML,Manufacturing,5.581165309,Placed,120000.0,3,2
6.73215761,0,Tier 3,Germany,300+,2,90.95008454,75.20291736,Core CS,Manufacturing,4.964119745,Placed,66380.80982,1,1
6.520142885,2,Tier 3,Germany,100-300,5,53.60037473,93.24761695,Cybersecurity,Consulting,5.164562353,Placed,65433.46191,1,2
6.441824877,0,Tier 2,Germany,300+,1,54.28238465,77.21821171,Cloud,Manufacturing,3.964033518,Placed,79997.19814,2,1
6.477229683,0,Tier 3,Germany,300+,2,89.17014875,57.54662406,AI/ML,Finance,7.444551437,Placed,84069.24256,1,1
6.690766707,1,Tier 2,Canada,100-300,1,64.26971654,56.14685171,Core CS,Other,1.682587457,Placed,90817.75467,2,2
6.491567121,1,Tier 3,India,100-300,1,45.71882054,64.38835377,Core CS,Finance,2.55205731,Placed,36808.16328,1,2
7.166658007,2,Tier 2,Canada,100-300,3,66.66279546,76.41164543,Core CS,Finance,4.737072007,Placed,93284.89556,2,2
6.27148393,1,Tier 3,India,300+,1,85.53591442,79.46665219,Data Science,Healthcare,3.478651756,Placed,45834.59254,1,1
8.016852261,0,Tier 1,Canada,Top 100,0,91.97775646,75.79638183,Core CS,Healthcare,6.173453217,Placed,112093.9333,3,3
7.304622457,2,Tier 2,India,Top 100,2,76.01793363,67.30354088,Data Science,Manufacturing,5.542243593,Placed,55365.35944,2,3
6.346073492,1,Tier 1,Germany,100-300,4,62.35008887,88.27891087,Data Science,Manufacturing,6.09457226,Placed,114843.4612,3,2
8.113964753,1,Tier 1,India,Top 100,4,62.42453208,58.11937749,Cybersecurity,Consulting,5.349542092,Placed,65238.24772,3,3
7.537834726,0,Tier 3,Germany,300+,1,82.87584589,61.98245259,AI/ML,Tech,4.083780989,Placed,87337.59715,1,1
8.337812723,1,Tier 2,Canada,100-300,2,93.21311857,70.20573179,AI/ML,Manufacturing,6.43964609,Placed,119948.8657,2,2
6.410096077,1,Tier 3,India,Top 100,2,73.02971096,63.25559233,Cybersecurity,Consulting,4.778566508,Placed,38630.99283,1,3
6.332652121,0,Tier 1,USA,300+,1,54.91357685,51.74239271,AI/ML,Consulting,5.164763042,Placed,120000.0,3,1
5.187158325,3,Tier 2,Canada,100-300,1,75.85464783,59.57559361,Cybersecurity,Healthcare,4.547930002,Placed,84699.41694,2,2
6.817824308,1,Tier 3,India,300+,0,64.08688532,68.64747514,Data Science,Healthcare,5.001832716,Placed,39125.58969,1,1
7.572394477,2,Tier 1,UK,100-300,3,81.13691083,75.52087521,Data Science,Manufacturing,5.112988281,Placed,120000.0,3,2
5.880737257,2,Tier 2,Canada,100-300,3,64.28268256,41.94398622,Core CS,Tech,5.395001136,Placed,92022.22287,2,2
5.783770566,3,Tier 3,Canada,300+,2,64.95793681,66.70191717,Cybersecurity,Healthcare,5.331075803,Placed,78900.26099,1,1
7.360770108,2,Tier 2,India,300+,5,61.10980245,48.73628741,Core CS,Tech,2.402952128,Placed,48409.07123,2,1
7.805384057,0,Tier 3,USA,300+,1,72.97857542,66.56981519,Data Science,Healthcare,3.610194792,Placed,103052.1368,1,1
7.865211269,0,Tier 2,USA,100-300,2,74.44908608,53.69867688,Core CS,Tech,6.073181371,Placed,120000.0,2,2
7.873444271,2,Tier 1,USA,300+,0,73.70280245,69.07035215,Data Science,Healthcare,6.025790542,Placed,120000.0,3,1
6.943823711,1,Tier 3,Germany,100-300,3,60.25418761,79.66241254,Core CS,Finance,7.920761851,Placed,66512.16499,1,2
6.878426094,1,Tier 3,USA,100-300,1,53.57026575,86.71576556,Core CS,Healthcare,7.050673735,Placed,81225.34936,1,2
7.848115055,0,Tier 2,Canada,300+,2,90.023927,48.02714157,Data Science,Manufacturing,4.844213515,Placed,102184.7875,2,1
6.285003185,0,Tier 2,UK,300+,3,45.8199244,58.68007341,Core CS,Healthcare,5.716452891,Placed,86122.10344,2,1
6.859093197,3,Tier 2,Canada,300+,3,73.88951589,71.34640566,Cybersecurity,Tech,6.522471609,Placed,91701.82968,2,1
8.33707806,0,Tier 1,Canada,100-300,2,60.24353866,80.45943551,Cybersecurity,Manufacturing,4.535624128,Placed,110977.7808,3,2
6.278899456,1,Tier 1,Canada,300+,3,76.84315051,65.4084261,Cloud,Consulting,6.073337304,Placed,100617.8142,3,1
7.324844898,1,Tier 1,India,100-300,4,59.38401518,69.66596418,Data Science,Consulting,3.989473609,Placed,61755.84834,3,2
6.285187926,2,Tier 3,UK,300+,2,75.01589481,68.32131962,Cybersecurity,Consulting,6.842228418,Placed,63102.26579,1,1
7.638280561,3,Tier 2,India,100-300,0,70.62471862,68.50960177,AI/ML,Finance,4.44575095,Placed,60992.60733,2,2
6.120764199,1,Tier 3,India,300+,3,71.06585615,72.82631959,Cloud,Manufacturing,6.615538511,Placed,40251.24472,1,1
8.00182693,0,Tier 2,USA,Top 100,3,87.41621659,60.37898315,Cybersecurity,Manufacturing,5.791584456,Placed,120000.0,2,3
7.065591051,0,Tier 2,Germany,300+,1,73.24647597,81.02078607,Cloud,Healthcare,5.156230532,Placed,80503.50816,2,1
6.311416669,2,Tier 2,USA,100-300,2,94.28219709,48.65375305,Data Science,Manufacturing,6.174119731,Placed,118239.2084,2,2
7.53791147,1,Tier 1,Germany,300+,1,60.83164983,41.48594952,Data Science,Other,3.612993454,Placed,113436.4308,3,1
7.133324654,0,Tier 2,USA,Top 100,4,48.06077523,55.5370405,Cybersecurity,Tech,7.793439701,Placed,120000.0,2,3
7.944791924,1,Tier 3,USA,100-300,0,54.30905318,44.38779526,Cybersecurity,Manufacturing,3.608587628,Placed,99090.81086,1,2
6.226638487,2,Tier 1,India,300+,2,83.14007593,73.23761175,AI/ML,Other,5.287292479,Placed,60209.58564,3,1
6.36314869,1,Tier 1,India,100-300,4,47.84556764,78.56206462,Data Science,Manufacturing,3.668998457,Placed,60304.98674,3,2
5.148764747,1,Tier 1,USA,300+,1,62.02527226,55.94933598,Cybersecurity,Tech,6.0194133,Placed,120000.0,3,1
8.338753508,1,Tier 1,UK,100-300,1,47.30261372,39.68900594,AI/ML,Tech,7.644601578,Placed,120000.0,3,2
7.353397389,1,Tier 1,Germany,300+,1,68.05728197,80.47680666,Data Science,Tech,5.230860145,Placed,120000.0,3,1
7.995652128,0,Tier 3,Canada,100-300,2,100.0,36.50980306,AI/ML,Finance,5.943271994,Placed,96566.72285,1,2
8.785199129,0,Tier 3,Canada,100-300,0,48.47604438,56.11391453,Core CS,Healthcare,2.045563875,Placed,75258.41792,1,2
5.943297316,1,Tier 1,USA,Top 100,2,73.66156988,62.06955662,Cloud,Other,4.539075639,Placed,119366.5887,3,3
7.666882564,1,Tier 2,India,Top 100,2,88.23307903,94.64883462,Core CS,Manufacturing,5.46778247,Placed,58902.36585,2,3
6.519098758,3,Tier 2,UK,Top 100,3,60.65572213,74.10926555,Core CS,Consulting,5.474683647,Placed,96910.47887,2,3
7.932733216,0,Tier 3,Germany,300+,5,61.66947861,93.31413257,Cybersecurity,Manufacturing,4.082503355,Placed,65863.48983,1,1
5.666589275,4,Tier 3,Canada,300+,1,66.3784912,71.71869831,Data Science,Finance,6.368208689,Placed,74030.27382,1,1
7.109277916,1,Tier 1,Germany,300+,3,73.08169801,49.95170056,Data Science,Consulting,5.32458496,Placed,112385.312,3,1
7.647675549,1,Tier 2,India,100-300,3,61.01251648,96.94984927,Data Science,Finance,6.063859145,Placed,63600.50095,2,2
7.686511257,2,Tier 3,Germany,Top 100,1,78.376422,87.430429,Core CS,Other,8.297741312,Placed,70375.20849,1,3
6.643479758,0,Tier 2,Germany,Top 100,1,83.37368974,65.6687183,Cloud,Consulting,4.867863729,Placed,88020.33893,2,3
8.643054952,0,Tier 2,Canada,300+,1,74.75516967,68.45492511,Cybersecurity,Finance,5.383969247,Placed,106000.5032,2,1
8.684237944,0,Tier 2,India,300+,2,80.13764127,89.77067699,AI/ML,Consulting,6.072448245,Placed,53012.26133,2,1
7.027910358,0,Tier 2,USA,300+,1,71.10426029,76.06099107,Data Science,Healthcare,4.739071303,Placed,118918.9898,2,1
8.09446348,1,Tier 1,Germany,100-300,1,66.34580256,75.7781603,Core CS,Healthcare,3.944163511,Placed,118845.5211,3,2
7.100721111,2,Tier 3,USA,Top 100,2,59.51908449,54.77196208,Core CS,Other,5.350252047,Placed,91674.06735,1,3
7.979084735,2,Tier 2,UK,300+,3,85.92047209,62.88597583,Cloud,Other,4.624669026,Placed,94398.91383,2,1
7.270364443,0,Tier 3,Germany,300+,0,74.4539205,72.75223712,Data Science,Finance,5.243550199,Placed,83020.80004,1,1
7.780570702,0,Tier 3,Canada,Top 100,1,92.13052595,70.79553753,Cloud,Healthcare,6.056567739,Placed,78204.56133,1,3
7.000604406,0,Tier 3,Germany,300+,2,100.0,56.36812526,AI/ML,Finance,6.315254624,Placed,85210.5024,1,1
7.548686255,1,Tier 1,Canada,300+,0,59.28735578,78.11545257,AI/ML,Healthcare,5.916315846,Placed,120000.0,3,1
7.357585374,0,Tier 2,UK,100-300,3,66.23568751,64.62588344,Core CS,Consulting,3.547420021,Placed,91845.94982,2,2
6.48913134,2,Tier 2,India,Top 100,5,72.26297153,34.59898794,AI/ML,Healthcare,3.83441148,Placed,50720.78934,2,3
8.32264771,0,Tier 2,India,300+,3,100.0,61.41225975,Core CS,Tech,6.726857203,Placed,54767.95549,2,1
7.498469878,1,Tier 2,India,Top 100,4,55.31636856,46.13785523,Cloud,Finance,5.787616606,Placed,45939.17941,2,3
7.389047995,0,Tier 2,Germany,100-300,2,47.83557181,67.37150359,Core CS,Consulting,6.441149592,Placed,90938.23208,2,2
8.298605352,1,Tier 1,UK,Top 100,2,54.66017496,60.78043365,Data Science,Consulting,4.109329915,Placed,120000.0,3,3
8.593096335,0,Tier 2,Canada,300+,0,56.58016011,64.83644815,Cloud,Consulting,6.981760136,Placed,95136.60097,2,1
7.314330808,1,Tier 2,USA,100-300,1,71.10797121,60.92712708,AI/ML,Tech,7.11416691,Placed,120000.0,2,2
8.272322855,0,Tier 1,UK,300+,0,54.64206058,85.38954548,Data Science,Tech,4.635355145,Placed,120000.0,3,1
6.544681441,0,Tier 3,USA,300+,5,74.21690417,77.90847485,AI/ML,Tech,5.953807057,Placed,103176.0739,1,1
6.362309147,0,Tier 2,Canada,100-300,1,90.55161922,55.19524249,Data Science,Other,6.114539939,Placed,98596.34556,2,2
7.032739799,0,Tier 3,UK,Top 100,2,91.90878431,41.85593789,Data Science,Tech,5.217600357,Placed,99463.02131,1,3
7.347952831,0,Tier 2,Canada,Top 100,0,81.90420418,87.5756887,AI/ML,Healthcare,4.811190246,Placed,114305.9876,2,3
6.684810655,2,Tier 1,Germany,100-300,1,73.46620107,71.36500456,Cybersecurity,Tech,4.001027103,Placed,105688.6535,3,2
7.430214552,1,Tier 3,USA,Top 100,5,78.52900842,51.88564612,Data Science,Consulting,5.35862283,Placed,107830.5558,1,3
6.20135458,4,Tier 2,Germany,100-300,2,45.98786795,62.01898445,Cloud,Finance,6.350783908,Placed,80222.35473,2,2
7.415034414,2,Tier 2,Canada,300+,2,76.37561441,65.21996042,Cybersecurity,Consulting,6.76063265,Placed,89825.19179,2,1
7.690822594,1,Tier 1,Canada,100-300,4,49.26225198,70.57806958,AI/ML,Healthcare,5.13401611,Placed,120000.0,3,2
7.137175454,2,Tier 2,India,300+,2,50.851467,80.60929992,Cybersecurity,Tech,5.834064928,Placed,56685.76594,2,1
7.922118483,0,Tier 1,India,300+,1,64.31160222,61.5302861,AI/ML,Consulting,5.893925514,Placed,66240.63586,3,1
6.026076965,0,Tier 2,UK,300+,2,85.7409473,55.11392181,Core CS,Other,7.054879697,Placed,85916.45516,2,1
7.374360338,2,Tier 3,Canada,Top 100,1,48.07944767,76.31562231,Cloud,Tech,5.115456108,Placed,80818.80307,1,3
6.063775435,0,Tier 3,USA,300+,0,91.39948596,59.26893633,Cloud,Other,5.31833427,Placed,70350.04101,1,1
6.108734913,2,Tier 1,Canada,100-300,2,55.99129718,72.39600996,Cloud,Finance,4.532949318,Placed,101396.5041,3,2
6.495255333,1,Tier 3,Canada,300+,2,55.58078681,59.17619083,Core CS,Other,5.79577719,Placed,67093.01334,1,1
6.246351853,2,Tier 2,Germany,Top 100,0,83.67532729,70.41834762,AI/ML,Other,4.078168735,Placed,96170.31438,2,3
6.828679751,0,Tier 3,India,100-300,2,83.07752777,73.33839594,Data Science,Finance,7.939906557,Placed,37205.93496,1,2
7.669723589,1,Tier 2,UK,Top 100,0,48.73564291,76.42875476,Core CS,Other,4.190952224,Placed,98437.06893,2,3
6.743072769,1,Tier 1,UK,300+,0,73.9386417,75.50014101,Data Science,Consulting,3.142132266,Placed,109439.4676,3,1
7.912054277,0,Tier 2,USA,Top 100,1,47.14881006,67.27893328,Cloud,Other,5.354939354,Placed,111617.8254,2,3
6.330327893,0,Tier 1,Germany,100-300,1,76.00240103,63.06755471,Cybersecurity,Finance,3.185369425,Placed,106475.7816,3,2
7.875343638,0,Tier 1,UK,Top 100,1,67.08575003,60.15847098,Cloud,Finance,5.969149165,Placed,120000.0,3,3
7.383202515,1,Tier 3,Canada,100-300,0,63.38420272,52.38376678,Cybersecurity,Consulting,5.273587213,Placed,73373.8707,1,2
6.310952336,0,Tier 2,Germany,300+,0,65.40486521,43.45943709,Core CS,Finance,5.744310965,Placed,84091.14035,2,1
8.742849739,0,Tier 2,UK,300+,2,81.66758314,64.04531884,AI/ML,Other,4.312734095,Placed,115768.0112,2,1
6.882127819,0,Tier 1,USA,Top 100,2,65.66069814,48.41134242,Cloud,Healthcare,3.513576584,Placed,120000.0,3,3
7.771140338,0,Tier 2,India,100-300,5,52.53713856,89.53550123,Data Science,Healthcare,5.299394719,Placed,51093.17648,2,2
7.199560757,0,Tier 2,USA,100-300,1,87.38450096,55.30632124,Core CS,Other,4.386326533,Placed,109921.1054,2,2
7.319382554,0,Tier 2,India,100-300,5,76.84414578,74.86364154,Cloud,Other,3.798428518,Placed,48390.88373,2,2
8.993747199,1,Tier 1,UK,100-300,1,85.75135094,46.68993935,Core CS,Finance,6.496657372,Placed,120000.0,3,2
7.09326281,2,Tier 3,UK,300+,0,50.21681147,83.39114198,Cloud,Tech,4.730905409,Placed,77415.01454,1,1
7.857212748,1,Tier 2,UK,100-300,0,53.04642221,65.72610831,AI/ML,Tech,5.318680002,Placed,117140.8118,2,2
6.530307784,0,Tier 2,USA,Top 100,2,79.20867716,79.31957179,Cloud,Consulting,4.467797018,Placed,107954.4162,2,3
5.692861633,1,Tier 2,USA,100-300,2,76.9366971,66.90391386,Cloud,Finance,3.307892579,Placed,97673.59154,2,2
6.660134922,0,Tier 2,India,300+,0,46.3442358,61.82313458,Cloud,Other,5.758545678,Placed,39980.77957,2,1
7.401999757,1,Tier 2,USA,300+,2,68.7673106,43.29199189,AI/ML,Consulting,1.681228684,Placed,120000.0,2,1
6.287400909,2,Tier 2,Germany,300+,0,88.19814618,68.05762315,Cybersecurity,Tech,4.608061738,Placed,92095.77005,2,1
7.055469729,0,Tier 3,Canada,Top 100,2,55.28025808,44.89211288,Cloud,Healthcare,5.30201702,Placed,79864.52069,1,3
7.690034788,0,Tier 1,India,Top 100,2,55.30684921,81.69798601,Data Science,Consulting,4.168144783,Placed,64606.17017,3,3
5.644021249,2,Tier 1,Germany,100-300,1,67.57356162,48.37713303,Cloud,Tech,1.0,Placed,99389.52636,3,2
7.653844963,1,Tier 3,Canada,Top 100,2,99.71146758,33.05516061,Cloud,Consulting,6.611490452,Placed,75838.71183,1,3
7.763268082,1,Tier 2,Germany,Top 100,3,55.39690706,64.06961754,Cloud,Consulting,5.030977493,Placed,92979.26492,2,3
7.974784172,0,Tier 3,UK,300+,3,63.28606176,54.50766801,Cloud,Consulting,6.55854817,Placed,73298.06832,1,1
8.76161114,0,Tier 2,India,300+,1,91.51591136,81.17047003,Core CS,Other,5.853707905,Placed,49780.49649,2,1
7.087657264,0,Tier 2,Germany,100-300,0,100.0,58.40594828,Core CS,Finance,5.725080102,Placed,88884.62696,2,2
6.666849253,0,Tier 2,Canada,100-300,3,70.09374914,86.81355359,Cloud,Tech,4.921968902,Placed,98511.52811,2,2
7.001581476,0,Tier 2,India,100-300,1,81.77409448,71.02563757,Cybersecurity,Consulting,6.885849937,Placed,40608.64481,2,2
8.226298685,0,Tier 1,Germany,300+,1,58.89577766,58.59239486,AI/ML,Finance,6.328653543,Placed,120000.0,3,1
8.101744749,1,Tier 2,Germany,300+,2,54.26772707,54.94522759,Core CS,Finance,4.536532242,Placed,93505.50485,2,1
7.683521601,2,Tier 1,USA,300+,1,68.88988243,94.00854924,Core CS,Manufacturing,6.752975782,Placed,120000.0,3,1
7.059607675,0,Tier 1,UK,300+,1,62.53200434,48.91793742,AI/ML,Manufacturing,4.955682149,Placed,116661.891,3,1
7.820505691,0,Tier 1,UK,100-300,1,92.29680259,80.54716701,Cybersecurity,Consulting,5.971840227,Placed,105201.4998,3,2
9.113609528,1,Tier 3,UK,300+,1,51.84611833,61.09723284,Data Science,Manufacturing,8.917606654,Placed,97571.3898,1,1
7.478479324,1,Tier 2,India,100-300,1,55.54754431,47.38356682,Data Science,Finance,2.903625825,Placed,57987.67684,2,2
6.707775313,1,Tier 1,UK,300+,1,70.50563203,44.10205632,Data Science,Tech,6.163928685,Placed,120000.0,3,1
8.910374164,0,Tier 3,India,100-300,4,73.74834761,79.66189882,Core CS,Healthcare,5.668926712,Placed,44646.64485,1,2
7.14405683,1,Tier 2,Germany,Top 100,3,54.73994409,52.55479457,Cloud,Consulting,4.407409131,Placed,84739.37686,2,3
6.781653344,2,Tier 3,Germany,Top 100,0,51.17484444,67.51961424,AI/ML,Finance,4.222413898,Placed,87930.98754,1,3
6.331448796,1,Tier 1,Canada,Top 100,2,46.95138853,84.25269959,Cybersecurity,Manufacturing,6.235281647,Placed,109848.8731,3,3
7.877776153,1,Tier 3,India,300+,2,91.7781365,68.87489283,Data Science,Healthcare,6.580746132,Placed,46339.60018,1,1
7.69374993,0,Tier 2,India,100-300,2,46.49977638,67.47249965,AI/ML,Tech,2.855546864,Placed,54137.55253,2,2
7.14797646,1,Tier 1,UK,300+,4,70.22212432,69.87410264,Data Science,Healthcare,6.053649847,Placed,120000.0,3,1
7.362205082,1,Tier 3,Canada,Top 100,0,50.694733,61.32711399,Core CS,Tech,4.346574844,Placed,79047.46846,1,3
8.365863848,0,Tier 2,USA,300+,0,74.10844137,37.87323587,Cloud,Manufacturing,9.625599567,Placed,111353.8095,2,1
6.383344958,2,Tier 2,UK,100-300,2,74.55761239,61.97142015,Data Science,Manufacturing,4.135153411,Placed,104578.5742,2,2
5.977317897,1,Tier 1,India,Top 100,4,57.52671113,56.10675125,Core CS,Finance,3.39391028,Placed,59718.23538,3,3
8.069325886,1,Tier 2,India,100-300,2,89.98156964,50.66973343,Core CS,Other,6.669759751,Placed,48886.46523,2,2
8.238911436,0,Tier 3,India,300+,0,70.57828754,64.16643414,Core CS,Other,7.356152865,Placed,49629.10052,1,1
7.977035957,2,Tier 2,USA,300+,0,74.87746332,55.63009627,Core CS,Other,4.645730929,Placed,104751.1073,2,1
6.923910682,1,Tier 3,UK,300+,1,72.60471051,86.86660824,AI/ML,Other,7.449968687,Placed,94267.36802,1,1
6.733569905,1,Tier 1,Canada,100-300,3,57.68621054,80.03940738,Cloud,Manufacturing,2.938287905,Placed,94172.57909,3,2
6.751687207,0,Tier 1,USA,300+,3,62.34283656,51.89644354,Core CS,Healthcare,7.981421988,Placed,120000.0,3,1
5.761758755,2,Tier 2,India,100-300,1,83.58126864,66.58760259,Cloud,Tech,4.43366548,Placed,39428.61086,2,2
7.211403811,1,Tier 3,Canada,100-300,2,37.22060545,70.61621159,Core CS,Consulting,4.664709911,Placed,75042.54384,1,2
7.596288579,2,Tier 3,UK,Top 100,2,70.72913462,70.13227492,Data Science,Tech,5.293288297,Placed,95175.94866,1,3
7.074818797,1,Tier 3,Canada,Top 100,4,82.62946967,68.11980535,Cloud,Tech,4.062061849,Placed,85476.62632,1,3
6.869837039,1,Tier 2,Canada,100-300,1,66.0657748,78.87930199,AI/ML,Consulting,5.632118543,Placed,97992.97962,2,2
6.303045576,1,Tier 1,Canada,100-300,0,81.45000474,37.15252989,AI/ML,Consulting,4.676714876,Placed,106777.5109,3,2
7.057722589,2,Tier 2,UK,100-300,2,72.5503143,60.72072537,Cloud,Consulting,3.389336357,Placed,100324.5437,2,2
7.186434361,1,Tier 1,UK,100-300,2,74.04846516,43.07544318,Cloud,Finance,2.688180391,Placed,119414.5213,3,2
6.425548173,0,Tier 2,India,100-300,2,63.68335892,65.27536614,Cybersecurity,Manufacturing,6.709259119,Placed,47173.95129,2,2
6.529714956,0,Tier 2,UK,300+,1,59.50768097,41.95716138,Cloud,Finance,6.679606647,Placed,100777.4425,2,1
7.184488679,0,Tier 2,USA,100-300,3,78.59419464,55.8186877,Cybersecurity,Healthcare,6.461548579,Placed,106792.0432,2,2
6.093263185,0,Tier 3,India,300+,0,65.68618436,56.1097133,Core CS,Tech,5.743286292,Placed,44277.32875,1,1
7.279938972,1,Tier 2,Germany,100-300,2,74.66859862,76.56333825,AI/ML,Manufacturing,5.794655675,Placed,93973.1184,2,2
7.850282954,2,Tier 2,Germany,100-300,3,91.07728662,66.79861219,Core CS,Healthcare,4.273340594,Placed,89027.80597,2,2
8.870262196,2,Tier 1,Canada,100-300,2,76.35847321,60.19954805,Data Science,Other,7.126936966,Placed,120000.0,3,2
7.832763339,2,Tier 1,UK,Top 100,3,52.3967504,56.71755922,Cloud,Healthcare,3.837116972,Placed,120000.0,3,3
5.987793273,2,Tier 3,India,Top 100,3,63.88740771,90.6027993,AI/ML,Tech,9.622954254,Placed,45560.0525,1,3
6.301608826,1,Tier 1,USA,300+,3,56.91357858,79.70422299,Data Science,Finance,5.990541388,Placed,120000.0,3,1
6.834412329,0,Tier 2,Canada,300+,0,63.00916763,65.1952408,Cybersecurity,Finance,5.473450663,Placed,99003.64282,2,1
6.330415716,2,Tier 2,Germany,Top 100,2,57.30857778,75.94188006,Cloud,Consulting,6.003292616,Placed,87788.59111,2,3
6.908422103,0,Tier 1,Germany,100-300,0,51.08861843,64.90405232,Cloud,Other,5.439983442,Placed,95808.6127,3,2
7.118204726,0,Tier 3,USA,300+,2,77.39385701,63.81901518,Cloud,Tech,6.197523665,Placed,92089.82009,1,1
6.390540263,2,Tier 1,USA,100-300,1,78.30565988,80.18171163,Cloud,Consulting,4.808613196,Placed,120000.0,3,2
8.224267651,1,Tier 2,USA,100-300,0,58.51662368,62.21765902,Core CS,Consulting,4.029054571,Placed,120000.0,2,2
6.377524171,0,Tier 3,Canada,300+,4,55.87060166,81.71390379,Cybersecurity,Finance,4.640978439,Placed,67138.39603,1,1
7.937448115,0,Tier 2,Canada,Top 100,1,55.22189652,90.4818552,AI/ML,Consulting,3.470423463,Placed,115290.9782,2,3
8.198478107,0,Tier 2,India,300+,5,77.05711347,82.82357835,Data Science,Other,4.526906155,Placed,53750.42187,2,1
7.24156872,1,Tier 1,Canada,100-300,3,53.42737585,55.56579187,Cloud,Finance,8.637838065,Placed,116292.4109,3,2
8.494882575,0,Tier 3,UK,100-300,2,61.8145247,47.34880356,Cloud,Other,1.343040475,Placed,80774.35684,1,2
7.027846032,0,Tier 1,India,300+,3,58.82965639,99.18980402,Cybersecurity,Other,5.520871913,Placed,52346.30723,3,1
7.871923967,0,Tier 1,India,300+,1,50.14888985,58.37025148,Core CS,Other,5.017235936,Placed,47603.14824,3,1
6.543052821,2,Tier 1,Germany,100-300,1,61.54883075,83.43459519,Cloud,Manufacturing,5.005613475,Placed,96718.35609,3,2
7.03506304,1,Tier 3,USA,100-300,0,84.06719427,41.87377585,Cloud,Manufacturing,3.003181376,Placed,101592.4233,1,2
6.963256937,0,Tier 2,USA,100-300,1,79.54428575,95.91097642,AI/ML,Finance,6.313820853,Placed,120000.0,2,2
7.546659609,1,Tier 2,USA,100-300,2,67.92727132,47.62637445,Core CS,Tech,3.322692247,Placed,120000.0,2,2
7.472595468,1,Tier 3,UK,300+,1,89.32692571,88.86689538,Cybersecurity,Tech,5.881094614,Placed,83161.89524,1,1
6.823909015,3,Tier 2,USA,Top 100,2,82.73771626,51.12356854,Cybersecurity,Finance,5.523608686,Placed,120000.0,2,3
7.050919249,1,Tier 2,Canada,100-300,1,78.49236811,62.02651058,AI/ML,Tech,6.946197679,Placed,112613.7668,2,2
6.702576791,1,Tier 3,India,100-300,1,61.15824202,79.49163855,Cloud,Other,5.362374726,Placed,43532.58643,1,2
8.513753409,0,Tier 2,India,300+,3,47.93184457,61.63336043,Core CS,Tech,4.606913405,Placed,49558.72825,2,1
6.303417783,1,Tier 2,USA,100-300,1,67.12030392,94.04000491,Cybersecurity,Consulting,5.202000848,Placed,103416.3689,2,2
7.579673423,1,Tier 2,Canada,100-300,4,93.88240021,42.05195504,Cloud,Manufacturing,5.380043234,Placed,91345.16461,2,2
7.358788363,0,Tier 3,UK,100-300,2,47.51352422,96.91447238,AI/ML,Finance,2.014764248,Placed,90350.82377,1,2
6.265584751,0,Tier 2,India,300+,1,65.55552872,53.9470209,Core CS,Consulting,5.796835445,Placed,43024.37295,2,1
5.748302298,1,Tier 2,Canada,Top 100,4,73.62416263,94.15164063,Core CS,Other,5.650763764,Placed,81406.8669,2,3
7.697219509,2,Tier 3,Germany,Top 100,0,38.40385661,67.27203233,AI/ML,Healthcare,5.389199186,Placed,90153.75829,1,3
7.908758277,3,Tier 3,India,300+,3,37.42395799,69.53940542,AI/ML,Manufacturing,8.026292358,Placed,37991.90852,1,1
6.870436146,1,Tier 2,UK,100-300,3,76.25007165,58.8754408,Core CS,Consulting,4.478571419,Placed,84010.30009,2,2
7.35073016,3,Tier 3,USA,Top 100,3,74.1841409,66.4160442,Core CS,Healthcare,4.570956407,Placed,88552.69192,1,3
6.292800915,0,Tier 1,Germany,300+,3,51.98299191,65.33774191,AI/ML,Tech,3.768297708,Placed,118223.9076,3,1
5.943605245,3,Tier 1,Germany,Top 100,2,43.14470579,78.68798064,Data Science,Consulting,5.833265321,Placed,114424.6388,3,3
7.26998566,1,Tier 1,Canada,Top 100,2,71.33608816,80.66565075,Cloud,Other,6.366242099,Placed,107224.7835,3,3
6.789353754,1,Tier 2,UK,300+,1,55.76743186,50.69738551,Cybersecurity,Tech,5.973596909,Placed,100246.5604,2,1
6.874380137,0,Tier 2,India,300+,2,78.21678582,64.39901042,AI/ML,Other,6.427068011,Placed,37545.74378,2,1
6.031871245,2,Tier 1,USA,300+,2,54.62169957,37.98445711,Cloud,Other,6.12709581,Placed,114773.1598,3,1
8.273120294,0,Tier 3,Canada,300+,2,77.52508317,59.48270533,Data Science,Manufacturing,5.868560135,Placed,84286.95921,1,1
7.701371349,0,Tier 2,Germany,300+,0,92.10857124,60.99782163,Cybersecurity,Consulting,7.224981763,Placed,87370.75692,2,1
7.771324707,1,Tier 2,UK,300+,2,82.33210341,66.6836678,Cloud,Tech,5.955589396,Placed,108361.1063,2,1
8.562333906,0,Tier 3,Canada,Top 100,3,60.27698049,60.37262222,AI/ML,Other,6.806455615,Placed,107955.9356,1,3
6.951121994,2,Tier 3,USA,Top 100,2,75.87474935,54.11572014,Cloud,Finance,5.690560657,Placed,95416.85216,1,3
7.33344126,0,Tier 2,Canada,300+,1,55.35993136,71.02429527,Data Science,Healthcare,5.175318819,Placed,80866.63344,2,1
7.93369663,1,Tier 3,Germany,300+,2,71.6723683,77.07112158,AI/ML,Healthcare,4.130419346,Placed,82086.38625,1,1
8.022860134,1,Tier 1,Germany,100-300,2,74.05475528,48.11680005,Core CS,Healthcare,7.314747474,Placed,104921.5182,3,2
7.866399951,0,Tier 3,India,300+,3,88.85726128,58.59050736,Core CS,Tech,2.901574646,Placed,44412.97575,1,1
6.460967915,0,Tier 1,Canada,100-300,2,68.51495657,63.67008487,AI/ML,Tech,3.235585843,Placed,120000.0,3,2
6.880435445,2,Tier 1,Canada,300+,1,72.3431404,84.70940005,Core CS,Healthcare,6.656360975,Placed,97990.33346,3,1
6.618756959,1,Tier 3,Canada,100-300,2,100.0,62.35816433,Cybersecurity,Healthcare,4.131587089,Placed,64615.8656,1,2
6.760943929,0,Tier 3,India,Top 100,0,92.26895048,62.6131805,Core CS,Consulting,4.50399211,Placed,41894.75388,1,3
6.713404498,1,Tier 2,UK,300+,2,78.68432059,86.20707498,AI/ML,Healthcare,3.997482371,Placed,107372.3844,2,1
6.558190998,1,Tier 3,UK,100-300,0,59.56592152,56.30033444,Data Science,Healthcare,7.844280021,Placed,87804.73287,1,2
8.833529013,0,Tier 2,Canada,Top 100,1,79.07493629,88.76535166,Cloud,Manufacturing,6.785849531,Placed,104602.4614,2,3
8.493969603,1,Tier 2,Germany,100-300,1,57.60791675,74.56424611,Core CS,Consulting,5.558988143,Placed,92682.6164,2,2
6.070347344,0,Tier 2,Germany,100-300,0,65.07230725,56.49214995,Cybersecurity,Manufacturing,2.875124799,Placed,84786.85924,2,2
8.265693401,2,Tier 2,UK,100-300,1,59.14873231,83.69478255,Core CS,Tech,5.068264688,Placed,103399.8283,2,2
7.103349979,2,Tier 2,Germany,Top 100,3,75.8515831,49.8829654,Data Science,Healthcare,4.014293749,Placed,103719.2135,2,3
6.949380832,1,Tier 1,UK,300+,2,81.13179496,80.48641181,Cloud,Manufacturing,7.038803213,Placed,101679.045,3,1
7.787081875,1,Tier 1,USA,Top 100,0,61.17435391,57.34190452,Cybersecurity,Other,5.009788494,Placed,120000.0,3,3
7.100709224,2,Tier 2,Canada,Top 100,0,59.42198817,77.01010896,AI/ML,Healthcare,6.579789961,Placed,112270.7902,2,3
6.618758861,1,Tier 1,USA,100-300,1,59.76566119,79.67816904,Cybersecurity,Consulting,5.340440465,Placed,120000.0,3,2
6.285123989,2,Tier 3,India,100-300,0,60.44150223,80.41002395,Cloud,Healthcare,6.539969477,Placed,38245.97024,1,2
5.686895908,1,Tier 3,Germany,100-300,1,51.85693979,53.48503034,Core CS,Manufacturing,6.979523337,Placed,67928.94334,1,2
7.009778839,1,Tier 1,Germany,Top 100,1,72.73412579,42.81450074,Cloud,Tech,5.849389654,Placed,114993.633,3,3
8.096081483,0,Tier 2,USA,300+,0,86.03631888,69.13005575,Core CS,Tech,4.972359447,Placed,118324.9298,2,1
7.959439658,3,Tier 2,Germany,100-300,1,90.24837689,75.74430214,Core CS,Other,6.639915464,Placed,97112.25472,2,2
6.974178485,1,Tier 3,India,300+,0,78.9165453,64.38376982,AI/ML,Consulting,7.223757451,Placed,33972.23383,1,1
8.50389964,1,Tier 2,USA,100-300,3,80.08425548,68.80930026,Data Science,Tech,6.351891027,Placed,120000.0,2,2
6.737754832,1,Tier 1,Canada,Top 100,2,75.14341301,72.59783371,Cybersecurity,Consulting,6.690347554,Placed,117021.521,3,3
5.859185506,3,Tier 3,India,Top 100,1,82.26276011,84.24883755,Data Science,Finance,4.740238255,Placed,52226.8897,1,3
7.315098575,0,Tier 2,India,100-300,1,99.92974942,72.9375586,Cybersecurity,Consulting,7.389495927,Placed,43653.67257,2,2
7.663459018,0,Tier 3,India,300+,2,79.50403182,50.55448059,Core CS,Tech,8.941532139,Placed,48293.42711,1,1
6.49467878,0,Tier 1,India,300+,4,58.94792516,83.53568172,Data Science,Consulting,3.671959768,Placed,54403.6165,3,1
7.232962204,1,Tier 3,USA,300+,3,42.53971438,34.51976718,AI/ML,Manufacturing,5.578324033,Placed,96049.77352,1,1
6.852774081,1,Tier 2,USA,100-300,1,57.47695085,62.73590129,AI/ML,Consulting,4.687113448,Placed,120000.0,2,2
6.822574877,0,Tier 3,Canada,100-300,1,52.30442163,67.75224435,Core CS,Consulting,4.397323719,Placed,66560.62398,1,2
7.775495442,1,Tier 3,Germany,100-300,0,62.19096485,88.17442217,Cloud,Tech,2.919482334,Placed,75923.69355,1,2
6.494877956,3,Tier 2,Germany,100-300,1,81.90818412,61.60408029,AI/ML,Other,5.974564391,Placed,93241.33772,2,2
7.042021095,3,Tier 2,UK,100-300,2,39.26640253,65.76126303,Core CS,Tech,6.159927804,Placed,103045.9166,2,2
7.288353341,0,Tier 1,Germany,300+,0,49.7326077,75.5321824,AI/ML,Manufacturing,4.575849811,Placed,112930.372,3,1
6.248606767,1,Tier 3,Germany,300+,3,66.00325628,30.0,Data Science,Healthcare,5.83785324,Placed,72380.2366,1,1
8.066041174,0,Tier 3,UK,100-300,0,65.50101214,64.38284525,Cloud,Healthcare,6.82731272,Placed,75626.0707,1,2
7.743145611,2,Tier 3,USA,100-300,0,57.3325238,73.25889518,Data Science,Tech,6.018323913,Placed,106828.2218,1,2
6.516074589,3,Tier 1,Canada,100-300,2,94.49554316,87.24234031,Cloud,Consulting,3.227122083,Placed,96055.17743,3,2
7.398230648,1,Tier 3,India,Top 100,1,61.08995012,57.95534598,Core CS,Finance,4.685604197,Placed,48323.44328,1,3
7.429929602,1,Tier 2,Germany,Top 100,3,85.44163907,80.08222973,Core CS,Healthcare,4.856839601,Placed,91425.27924,2,3
7.513840988,2,Tier 1,USA,Top 100,5,54.70311585,61.79954591,Data Science,Manufacturing,4.754600195,Placed,120000.0,3,3
5.644595283,1,Tier 2,Canada,100-300,4,47.13005501,81.2113077,Cloud,Manufacturing,6.066309746,Placed,86372.7422,2,2
7.805285233,0,Tier 3,USA,300+,0,81.5220754,66.27678674,Cybersecurity,Healthcare,7.21778153,Placed,88366.20838,1,1
6.54424083,0,Tier 1,UK,100-300,2,88.37906903,83.07432491,AI/ML,Other,6.334829986,Placed,120000.0,3,2
6.713737653,4,Tier 3,USA,300+,3,71.61503284,84.85985755,AI/ML,Tech,7.037931989,Placed,110415.0827,1,1
9.110305402,0,Tier 3,Germany,100-300,2,100.0,62.55839858,AI/ML,Manufacturing,5.752779371,Placed,85776.32694,1,2
6.69094202,1,Tier 3,India,Top 100,0,73.54487857,82.5848561,Core CS,Consulting,3.190319901,Placed,42461.31481,1,3
8.111811307,0,Tier 1,Germany,300+,3,62.7824265,53.81339677,Data Science,Manufacturing,4.12912143,Placed,120000.0,3,1
8.133129433,1,Tier 3,Germany,100-300,0,57.41069664,60.49127656,AI/ML,Finance,5.086073291,Placed,85057.95265,1,2
7.246633651,2,Tier 3,UK,100-300,1,93.79004146,74.69074979,Core CS,Other,4.523839468,Placed,85782.07149,1,2
7.111722952,1,Tier 2,India,300+,2,76.59082935,74.84286643,Cloud,Tech,4.410121519,Placed,54100.9116,2,1
7.058669396,0,Tier 2,Canada,100-300,3,79.71446994,46.57628069,AI/ML,Manufacturing,5.104643055,Placed,97291.18011,2,2
7.773742498,3,Tier 2,Germany,300+,1,56.71711835,55.97245357,AI/ML,Finance,6.971841522,Placed,103575.1442,2,1
6.710121954,1,Tier 1,Germany,300+,1,73.12739448,47.60347797,AI/ML,Healthcare,4.913952673,Placed,106684.3055,3,1
7.593457836,0,Tier 1,Canada,100-300,1,80.30692403,41.21118424,Cybersecurity,Manufacturing,4.532682232,Placed,115850.9213,3,2
6.677369766,2,Tier 1,India,300+,2,82.50083783,64.99795181,Data Science,Consulting,4.522032455,Placed,56138.07892,3,1
7.067621587,0,Tier 2,Canada,Top 100,1,84.09687458,97.19252569,AI/ML,Finance,6.865584319,Placed,114462.8355,2,3
7.728172627,1,Tier 1,USA,Top 100,2,54.13468012,94.56574943,Cloud,Manufacturing,4.168187927,Placed,120000.0,3,3
7.045393347,0,Tier 2,Canada,300+,0,76.2900891,82.66407573,Cloud,Healthcare,5.435875915,Placed,94694.32843,2,1
7.090764832,0,Tier 1,USA,Top 100,0,38.38182929,81.40778024,AI/ML,Other,4.537480185,Placed,120000.0,3,3
7.148670103,0,Tier 2,USA,300+,2,71.27424996,63.79960982,Cloud,Consulting,6.016598707,Placed,108627.4999,2,1
7.735897213,1,Tier 2,Canada,300+,1,83.55579756,64.84971423,Core CS,Finance,5.180127305,Placed,95639.88691,2,1
7.815138592,0,Tier 2,USA,300+,0,70.05053513,64.15710984,Cybersecurity,Tech,6.566605802,Placed,120000.0,2,1
6.524631302,1,Tier 3,Germany,100-300,4,80.21159816,64.13893322,Cybersecurity,Healthcare,5.335540032,Placed,56225.81691,1,2
7.559052536,1,Tier 3,Germany,Top 100,1,68.50381283,40.51532949,Cloud,Other,5.532383261,Placed,77276.45532,1,3
6.747934458,1,Tier 3,UK,Top 100,2,52.03410725,63.76223397,AI/ML,Finance,6.121509424,Placed,94044.38111,1,3
6.806855548,1,Tier 2,UK,100-300,1,46.72771412,93.60272326,Cloud,Tech,6.322521529,Placed,94069.01993,2,2
8.173426046,0,Tier 2,India,300+,3,84.10139261,69.80184862,Cybersecurity,Tech,5.111386589,Placed,53832.6112,2,1
7.348988564,0,Tier 3,UK,300+,3,55.78396826,79.70586868,Cloud,Manufacturing,4.245769933,Placed,69020.38524,1,1
6.256690928,1,Tier 1,Canada,300+,1,74.04505763,72.86971495,AI/ML,Tech,7.528347393,Placed,120000.0,3,1
6.531365821,1,Tier 3,USA,300+,2,69.18098715,80.81506211,Core CS,Tech,4.677909201,Placed,91996.42222,1,1
7.767053045,0,Tier 3,India,300+,2,70.98550455,60.84831571,Data Science,Healthcare,4.493881414,Placed,44150.60878,1,1
5.442126021,2,Tier 1,USA,300+,3,75.28919927,88.15167933,Cloud,Manufacturing,5.292176561,Placed,115366.0792,3,1
7.782766245,1,Tier 2,UK,Top 100,1,81.43281076,58.76474679,Cybersecurity,Manufacturing,7.256410287,Placed,98216.96034,2,3
6.351577096,3,Tier 2,India,Top 100,1,64.45519709,62.21624367,AI/ML,Other,7.891371062,Placed,52316.82209,2,3
7.68558043,1,Tier 2,UK,100-300,2,91.63005584,63.6385281,Cloud,Other,6.015984759,Placed,94251.13185,2,2
7.023020451,0,Tier 1,India,100-300,0,71.64325818,63.90949739,Cybersecurity,Finance,6.120383041,Placed,53461.5027,3,2
6.85192188,0,Tier 2,Germany,300+,2,55.13380384,83.1208347,AI/ML,Tech,4.398960081,Placed,99568.09932,2,1
7.969703363,1,Tier 2,India,Top 100,2,70.26727572,74.53043944,Cybersecurity,Manufacturing,5.326898319,Placed,50622.91508,2,3
6.00832959,1,Tier 3,Germany,300+,2,66.1619536,66.02629984,Cloud,Finance,7.074535209,Placed,64905.40204,1,1
7.573072064,1,Tier 2,UK,100-300,3,75.04689925,70.20483839,Data Science,Consulting,7.694486345,Placed,111523.2263,2,2
8.859759131,1,Tier 1,Germany,300+,0,66.50095416,65.46028166,Cloud,Other,2.080221479,Placed,101497.8846,3,1
6.915127492,1,Tier 1,UK,100-300,4,74.2509733,68.6544132,Cloud,Consulting,4.947682236,Placed,104090.023,3,2
7.986724861,0,Tier 2,USA,Top 100,0,99.06926567,34.12076596,Data Science,Healthcare,7.03372882,Placed,120000.0,2,3
6.993848803,1,Tier 1,USA,300+,5,52.80768671,88.25503316,Cloud,Healthcare,3.249661707,Placed,120000.0,3,1
8.044857763,0,Tier 3,Canada,300+,4,100.0,64.3884952,Core CS,Manufacturing,6.139196685,Placed,73376.8744,1,1
6.606750449,0,Tier 2,Canada,300+,2,83.33533979,72.77117909,Core CS,Other,5.106052025,Placed,82649.3926,2,1
5.869819393,2,Tier 2,USA,Top 100,0,72.40873414,83.50880607,Cloud,Manufacturing,2.237404216,Placed,104587.2237,2,3
6.586522493,1,Tier 2,UK,300+,1,54.10928171,70.07020274,Cybersecurity,Consulting,8.240203411,Placed,88047.19188,2,1
8.113631001,1,Tier 1,Germany,300+,1,62.94471109,80.29679522,Cloud,Finance,3.291088861,Placed,116843.0145,3,1
7.0889035,1,Tier 2,UK,100-300,3,63.53083386,74.82722652,Cloud,Manufacturing,6.00436122,Placed,95576.87661,2,2
8.054557654,1,Tier 2,UK,Top 100,1,95.60685251,92.66424438,AI/ML,Tech,7.028208236,Placed,120000.0,2,3
5.913460063,2,Tier 2,India,Top 100,2,88.25970258,67.99384805,AI/ML,Consulting,4.5340859,Placed,52931.62367,2,3
6.645389228,1,Tier 1,India,100-300,2,72.40249528,66.81071628,Cloud,Consulting,3.65760169,Placed,54356.86738,3,2
6.769139906,1,Tier 1,USA,100-300,4,65.90529592,80.41219176,AI/ML,Manufacturing,4.271605996,Placed,120000.0,3,2
7.067275511,1,Tier 1,Canada,300+,0,76.98251884,58.50453139,Cybersecurity,Manufacturing,4.178618254,Placed,90274.1751,3,1
7.552728766,2,Tier 2,UK,Top 100,4,69.88820681,40.46047951,Cybersecurity,Healthcare,7.047330077,Placed,102781.9911,2,3
7.11122295,0,Tier 1,USA,300+,1,30.0,60.96371957,Data Science,Manufacturing,2.678657666,Placed,120000.0,3,1
6.963901688,0,Tier 2,Canada,100-300,0,54.26192199,80.88438152,Cybersecurity,Other,7.382024406,Placed,94196.87043,2,2
6.867935548,2,Tier 2,UK,100-300,4,60.76493664,84.02814034,Data Science,Consulting,3.996654317,Placed,107299.4768,2,2
7.025407565,0,Tier 2,USA,300+,2,71.73780946,94.03930338,Data Science,Consulting,5.955846548,Placed,120000.0,2,1
7.060538832,0,Tier 2,USA,100-300,5,93.76991797,69.09142671,Cybersecurity,Tech,4.39095525,Placed,118497.2334,2,2
6.654163857,1,Tier 3,India,100-300,2,73.20492185,57.90140984,AI/ML,Manufacturing,3.865301867,Placed,40806.10664,1,2
8.018171787,0,Tier 2,Canada,300+,3,79.87140462,58.25110407,Core CS,Consulting,5.239511591,Placed,84419.97431,2,1
6.064415497,2,Tier 2,India,100-300,2,69.65864532,61.34470921,Data Science,Finance,7.354405016,Placed,50524.24123,2,2
6.423223913,0,Tier 2,Canada,300+,3,66.8071648,54.78091138,Cloud,Consulting,5.303754954,Placed,75981.49167,2,1
9.223970899,0,Tier 2,Germany,100-300,1,65.03250581,51.32940936,Cybersecurity,Healthcare,7.062879267,Placed,100231.7151,2,2
6.169606916,1,Tier 1,Canada,Top 100,2,70.53379523,68.11512036,AI/ML,Finance,4.873585836,Placed,120000.0,3,3
7.587581396,1,Tier 3,Canada,100-300,0,87.74092847,57.69828005,Cybersecurity,Tech,5.701163176,Placed,81482.3649,1,2
6.811780872,3,Tier 2,USA,300+,3,72.42667702,63.04400274,Data Science,Finance,4.287027026,Placed,120000.0,2,1
8.71665994,0,Tier 3,USA,100-300,1,81.35171884,58.93579711,Cloud,Healthcare,6.666336709,Placed,102342.9501,1,2
5.414428411,3,Tier 1,Germany,Top 100,3,87.16726613,76.2878089,AI/ML,Finance,3.592338268,Placed,103009.9184,3,3
7.718687655,2,Tier 1,USA,100-300,1,68.48651516,73.80367146,Cybersecurity,Manufacturing,5.204773449,Placed,120000.0,3,2
7.899821376,2,Tier 2,USA,300+,0,57.73343315,74.83538518,Cloud,Finance,6.536252761,Placed,114548.2514,2,1
6.589928962,2,Tier 2,Germany,100-300,2,61.82214408,42.93175055,Cybersecurity,Other,3.886497658,Placed,82737.54967,2,2
7.546569923,0,Tier 1,India,100-300,4,48.75326522,98.96688881,Cloud,Manufacturing,3.869970077,Placed,53434.89142,3,2
8.112204262,0,Tier 1,Canada,300+,1,62.86047604,34.67066308,Core CS,Consulting,4.646527719,Placed,111453.4787,3,1
6.802931775,2,Tier 1,Canada,300+,3,55.06629417,95.64649491,Cloud,Healthcare,4.659107391,Placed,105083.3526,3,1
6.343296862,1,Tier 3,Canada,100-300,5,60.80717517,90.02124421,AI/ML,Other,3.608540342,Placed,79312.47499,1,2
6.792848963,0,Tier 3,Germany,100-300,0,70.40033493,64.76641851,Core CS,Manufacturing,4.925809913,Placed,73559.73371,1,2
6.849712479,1,Tier 2,Germany,300+,2,71.41015201,59.27309739,Cloud,Consulting,5.710425382,Placed,83792.86079,2,1
8.019542741,0,Tier 1,UK,100-300,3,76.68240844,74.72041261,Core CS,Finance,5.637243891,Placed,120000.0,3,2
6.862661077,0,Tier 1,India,300+,1,76.79926857,59.90145749,Data Science,Other,3.794653702,Placed,61320.46757,3,1
7.878787901,1,Tier 2,India,300+,1,46.12719793,54.24453136,Cybersecurity,Finance,3.873737161,Placed,47842.80151,2,1
7.051604778,2,Tier 1,USA,300+,3,97.83426336,85.01612014,Cloud,Consulting,5.938701811,Placed,120000.0,3,1
7.725235326,3,Tier 2,Germany,300+,4,91.22726321,48.34625389,Core CS,Tech,6.093084247,Placed,99522.38004,2,1
7.057801639,2,Tier 1,Canada,100-300,1,56.38918237,59.59292435,Data Science,Healthcare,5.850192091,Placed,120000.0,3,2
8.646248942,0,Tier 2,UK,100-300,4,43.82998818,54.25684009,Data Science,Manufacturing,6.120670777,Placed,118063.2615,2,2
6.898784882,0,Tier 1,UK,Top 100,0,70.19772443,89.40100294,Data Science,Other,3.732164826,Placed,120000.0,3,3
8.01436839,0,Tier 2,USA,100-300,3,78.80254998,69.36646681,Cybersecurity,Tech,6.651852438,Placed,120000.0,2,2
6.980481146,0,Tier 3,USA,100-300,2,100.0,82.07952123,AI/ML,Healthcare,2.768853403,Placed,105204.0448,1,2
7.674011117,1,Tier 2,Germany,Top 100,1,70.36981478,47.44590627,AI/ML,Healthcare,6.428873705,Placed,100563.3424,2,3
7.603967013,0,Tier 2,Canada,100-300,3,78.41051775,54.20210294,Cybersecurity,Healthcare,8.792756116,Placed,94671.46271,2,2
6.996956693,1,Tier 3,UK,Top 100,1,53.10513057,53.98195251,Data Science,Finance,3.012058977,Placed,97658.20059,1,3
5.727886535,1,Tier 1,UK,300+,2,96.06850434,71.69856452,AI/ML,Healthcare,6.149009367,Placed,111432.2526,3,1
6.468279122,0,Tier 3,UK,Top 100,3,60.62544777,62.4795713,Cybersecurity,Consulting,5.511417511,Placed,78580.27181,1,3
6.277752858,1,Tier 2,UK,100-300,2,83.62087645,91.11139076,AI/ML,Healthcare,2.765453219,Placed,101646.9612,2,2
7.647411759,0,Tier 2,USA,Top 100,2,50.91298463,79.74407602,Core CS,Healthcare,8.245035976,Placed,120000.0,2,3
7.093464139,1,Tier 1,UK,Top 100,0,52.91826832,58.84248528,Data Science,Other,4.493462649,Placed,120000.0,3,3
5.971527199,1,Tier 3,UK,100-300,2,100.0,46.08767801,Core CS,Consulting,4.082893608,Placed,57548.01651,1,2
7.70405277,0,Tier 1,UK,100-300,1,70.31748144,68.7591114,Data Science,Tech,6.382232923,Placed,120000.0,3,2
7.264091032,2,Tier 3,Canada,100-300,0,94.6683187,77.72546439,AI/ML,Manufacturing,4.358026917,Placed,84657.22763,1,2
6.348791465,0,Tier 2,Canada,300+,3,68.59506109,63.7330574,Data Science,Finance,5.702202926,Placed,92352.64967,2,1
6.707458334,2,Tier 2,UK,300+,2,68.46525263,71.79589359,Cloud,Consulting,3.427858904,Placed,87423.55137,2,1
7.417159519,2,Tier 1,Canada,100-300,2,71.31218385,76.12229561,Cybersecurity,Consulting,7.74204809,Placed,111536.5297,3,2
8.069575259,0,Tier 3,Germany,100-300,2,70.15702246,90.92702069,Core CS,Healthcare,7.551256133,Placed,77915.51269,1,2
6.93419704,0,Tier 1,India,Top 100,1,95.27201601,53.83907243,AI/ML,Healthcare,4.314201422,Placed,68691.32159,3,3
6.649810142,1,Tier 1,Germany,100-300,4,62.58653669,42.94572248,Cybersecurity,Tech,5.158279819,Placed,98835.52027,3,2
7.145591906,0,Tier 1,UK,300+,1,56.6089717,79.03491663,AI/ML,Consulting,4.926019411,Placed,120000.0,3,1
7.265176717,0,Tier 3,Germany,100-300,4,89.15706321,78.59537931,Core CS,Manufacturing,5.544020037,Placed,71596.3588,1,2
7.291649182,0,Tier 1,USA,300+,3,75.83420145,65.64466045,AI/ML,Tech,3.875700089,Placed,120000.0,3,1
8.18070332,2,Tier 2,USA,300+,2,61.40497027,64.04573374,Cybersecurity,Finance,6.232310472,Placed,114967.4286,2,1
6.816735175,1,Tier 2,UK,100-300,1,54.62195062,85.53056429,Core CS,Other,1.473207297,Placed,95171.04364,2,2
8.042072317,0,Tier 2,Canada,100-300,2,84.98501066,67.18631402,Core CS,Manufacturing,3.187975465,Placed,91086.54924,2,2
7.110129553,1,Tier 1,Canada,300+,4,58.47435906,42.33132975,Core CS,Manufacturing,4.769505073,Placed,98990.20347,3,1
7.407751385,4,Tier 1,Germany,300+,1,85.17128715,82.44645572,Core CS,Tech,3.949568569,Placed,113238.4559,3,1
8.200674424,1,Tier 2,UK,Top 100,1,76.67861325,60.40820778,Cloud,Healthcare,5.525563599,Placed,95304.83725,2,3
6.497063802,0,Tier 2,Germany,100-300,3,63.79290389,30.52374924,Data Science,Healthcare,4.722033942,Placed,89353.81897,2,2
7.108152273,1,Tier 3,India,100-300,4,85.19974423,81.98909019,Data Science,Manufacturing,4.700894621,Placed,44688.20166,1,2
6.739013036,0,Tier 3,India,Top 100,2,88.1619187,58.19848666,Data Science,Finance,8.640462843,Placed,44199.98481,1,3
6.775068766,0,Tier 3,Canada,100-300,3,91.91172684,75.37529019,Data Science,Healthcare,5.586353231,Placed,83483.36708,1,2
7.404269718,0,Tier 1,USA,100-300,2,53.69189674,72.0596191,Cloud,Other,5.433419548,Placed,120000.0,3,2
7.42227148,1,Tier 1,India,100-300,1,69.62498036,49.37258905,Cybersecurity,Consulting,6.070718524,Placed,54768.15844,3,2
7.721382958,2,Tier 1,India,100-300,1,53.99491099,85.45079919,AI/ML,Tech,4.772997358,Placed,61721.18294,3,2
6.281578219,1,Tier 2,UK,100-300,2,95.86645683,66.63785731,Cloud,Healthcare,4.507755137,Placed,89346.80231,2,2
6.63098636,0,Tier 3,USA,300+,2,94.29461315,70.97687153,Core CS,Manufacturing,6.856280316,Placed,88037.00747,1,1
5.197765284,2,Tier 3,Germany,100-300,3,65.65575463,71.4188076,Cloud,Consulting,3.227503111,Placed,64301.30018,1,2
7.268774539,1,Tier 3,Canada,300+,0,79.52798899,57.1003604,AI/ML,Other,5.447934723,Placed,73132.63409,1,1
6.781724363,1,Tier 3,India,100-300,3,57.12914372,56.69246187,Data Science,Tech,5.287432468,Placed,44107.57899,1,2
7.776140066,1,Tier 2,India,100-300,4,73.31788689,67.51082353,Data Science,Finance,4.852382525,Placed,62597.20065,2,2
6.121272626,1,Tier 2,Canada,300+,2,34.31651716,75.48689159,Core CS,Consulting,6.452467505,Placed,88360.51347,2,1
6.504701641,2,Tier 2,India,100-300,2,70.03980334,50.91619277,Data Science,Healthcare,5.641513876,Placed,51578.43426,2,2
6.054414403,1,Tier 1,India,100-300,1,67.37885859,58.90896693,AI/ML,Healthcare,8.287184084,Placed,50846.67755,3,2
7.796778943,0,Tier 2,UK,100-300,2,39.97501527,72.53876098,Cloud,Manufacturing,8.228274955,Placed,92938.58564,2,2
5.984427787,1,Tier 1,Germany,300+,3,63.51116835,59.68236156,Core CS,Healthcare,2.76144513,Placed,87429.59762,3,1
6.865359661,1,Tier 1,UK,100-300,2,64.76370472,67.02831197,AI/ML,Manufacturing,6.4903916,Placed,120000.0,3,2
7.479282665,0,Tier 1,Canada,300+,0,85.82844176,72.52973517,Cybersecurity,Tech,5.989790773,Placed,114941.8118,3,1
6.033792486,5,Tier 2,Canada,100-300,1,73.42882531,62.80033245,Cybersecurity,Tech,8.037862713,Placed,89432.1648,2,2
7.647290233,1,Tier 1,UK,Top 100,0,63.14010267,50.38316631,Cloud,Tech,6.454907144,Placed,119825.8947,3,3
6.613612859,1,Tier 3,Canada,300+,1,72.95748364,65.92029846,AI/ML,Healthcare,6.928110885,Placed,73581.00755,1,1
7.424546498,0,Tier 3,India,Top 100,0,78.40396681,84.53791762,AI/ML,Tech,5.032925533,Placed,52625.6299,1,3
7.492773605,1,Tier 1,Germany,Top 100,2,92.29947431,68.07496799,Cybersecurity,Finance,6.106648224,Placed,110718.7879,3,3
7.829745125,0,Tier 1,Germany,100-300,1,100.0,73.23184046,Cybersecurity,Healthcare,5.354001416,Placed,103551.8864,3,2
7.554574081,0,Tier 2,USA,100-300,3,77.98777043,64.7588556,Core CS,Consulting,4.823393592,Placed,105111.4283,2,2
6.733936496,0,Tier 3,Canada,100-300,3,87.84897794,68.83464353,Data Science,Other,4.73546614,Placed,88361.77863,1,2
8.998744387,2,Tier 2,Germany,300+,3,68.72020966,63.77035416,AI/ML,Healthcare,6.692955711,Placed,93335.23844,2,1
5.87441803,1,Tier 3,Canada,Top 100,2,76.59209574,74.41793504,Cybersecurity,Healthcare,2.36917408,Placed,78151.95167,1,3
8.056796632,3,Tier 2,Germany,300+,2,53.91357389,96.04038285,Cybersecurity,Tech,4.012107181,Placed,98292.78072,2,1
7.086411297,1,Tier 1,USA,300+,1,72.32258094,61.93625193,Data Science,Consulting,5.844723983,Placed,120000.0,3,1
7.766395153,4,Tier 1,India,100-300,0,89.3701079,93.87186435,Core CS,Finance,5.517812944,Placed,58173.30494,3,2
7.530836495,1,Tier 2,Canada,100-300,1,59.78034778,67.58519785,Cybersecurity,Other,3.310763265,Placed,90284.2915,2,2
7.305140494,4,Tier 3,UK,Top 100,1,100.0,47.03792745,Cybersecurity,Healthcare,5.413642251,Placed,82868.00366,1,3
7.797812454,0,Tier 2,Canada,Top 100,1,44.52641727,37.08018085,AI/ML,Tech,4.137779715,Placed,120000.0,2,3
6.94684082,1,Tier 1,UK,300+,1,77.87891831,75.25793417,Cybersecurity,Other,5.300586739,Placed,112520.6265,3,1
6.713536443,1,Tier 3,UK,100-300,0,75.81246515,70.79438739,Cloud,Consulting,5.222490037,Placed,68203.04649,1,2
7.981819058,3,Tier 2,Canada,100-300,0,63.32366448,48.09545858,Data Science,Finance,5.343055676,Placed,116786.8557,2,2
6.031871598,2,Tier 2,USA,300+,1,90.49863854,55.52256828,Data Science,Tech,7.336872438,Placed,120000.0,2,1
7.350863433,1,Tier 2,India,100-300,2,68.82095374,95.6957259,Core CS,Other,7.434982255,Placed,42013.06023,2,2
7.852301018,2,Tier 1,Canada,100-300,4,74.5391158,43.00232442,Core CS,Other,6.667645568,Placed,111068.3591,3,2
6.793563588,0,Tier 2,India,300+,0,39.3317494,69.53183908,Cybersecurity,Tech,4.888337823,Placed,48870.99278,2,1
8.014866589,1,Tier 2,UK,300+,2,84.19310956,69.67559658,AI/ML,Tech,6.377755401,Placed,120000.0,2,1
7.393130205,2,Tier 2,Germany,100-300,1,93.13843093,62.45971473,Data Science,Healthcare,4.074259909,Placed,100647.4206,2,2
8.139702186,0,Tier 3,India,100-300,4,73.61629573,52.38150222,Data Science,Manufacturing,2.950695926,Placed,45800.42021,1,2
7.705829194,2,Tier 2,India,300+,5,85.1359237,57.37864868,AI/ML,Manufacturing,3.913853108,Placed,52727.05603,2,1
6.755188837,2,Tier 2,Canada,300+,2,83.86286303,90.03415203,Data Science,Manufacturing,5.096682632,Placed,96848.04762,2,1
7.116341774,0,Tier 1,Canada,Top 100,1,59.93349984,77.91035233,Data Science,Tech,3.424930781,Placed,120000.0,3,3
6.437031681,0,Tier 3,India,100-300,2,63.80642608,64.73068488,Data Science,Healthcare,3.851729081,Placed,38654.41957,1,2
8.353877258,0,Tier 2,India,100-300,5,89.82655954,44.08588633,Core CS,Finance,8.303602407,Placed,51206.79151,2,2
7.115461177,2,Tier 3,Canada,100-300,1,98.3224149,34.13300936,Cybersecurity,Finance,3.563071665,Placed,80125.38068,1,2
7.27148465,0,Tier 2,UK,Top 100,2,78.95569937,67.97025221,Cybersecurity,Other,3.52434718,Placed,93302.49075,2,3
6.721474083,1,Tier 1,UK,100-300,1,84.04732922,63.14216242,AI/ML,Healthcare,7.025323283,Placed,120000.0,3,2
6.705104507,0,Tier 2,India,100-300,1,92.51232221,49.01103805,Data Science,Tech,6.613522419,Placed,47372.04089,2,2
7.645637133,0,Tier 3,USA,Top 100,2,81.9842187,78.404042,Data Science,Consulting,5.837522154,Placed,105664.5406,1,3
7.895750223,1,Tier 1,USA,300+,3,53.53816677,64.28308315,Cloud,Tech,5.59561416,Placed,120000.0,3,1
7.22644253,1,Tier 2,India,300+,2,76.3080056,58.85072112,Cybersecurity,Tech,5.924194234,Placed,57051.82636,2,1
6.72855105,2,Tier 3,Canada,100-300,2,74.54861653,61.35297135,Core CS,Manufacturing,2.248645863,Placed,74029.24147,1,2
7.015679693,1,Tier 1,UK,300+,1,89.568004,65.45811254,Cloud,Healthcare,5.737622818,Placed,103236.6382,3,1
6.358055968,0,Tier 3,UK,100-300,1,46.53733423,55.13677405,Cybersecurity,Finance,5.276451359,Placed,82440.97925,1,2
7.463142919,0,Tier 1,USA,300+,1,81.82909079,82.00614786,Data Science,Healthcare,3.491427295,Placed,120000.0,3,1
7.368033859,1,Tier 3,India,300+,1,100.0,84.65432151,Cybersecurity,Manufacturing,5.261041863,Placed,36525.16285,1,1
8.232352992,0,Tier 1,USA,Top 100,3,59.1757235,57.80406684,Cybersecurity,Tech,4.969257317,Placed,120000.0,3,3
8.004279824,0,Tier 3,Canada,Top 100,2,77.93958071,61.70744302,Core CS,Manufacturing,6.817100559,Placed,81753.84528,1,3
7.6562387,2,Tier 2,Germany,Top 100,3,75.82744577,96.51969608,Data Science,Healthcare,5.754246318,Placed,107341.6423,2,3
6.239237294,0,Tier 1,Canada,Top 100,1,100.0,80.62294241,Data Science,Healthcare,3.67663582,Placed,113535.7416,3,3
7.556745681,2,Tier 1,UK,Top 100,0,59.81968505,54.51219182,Core CS,Healthcare,4.673633581,Placed,115436.8085,3,3
6.586708641,0,Tier 2,UK,100-300,2,48.07947278,90.4964093,Cloud,Healthcare,3.619060639,Placed,89255.72202,2,2
6.181397421,0,Tier 3,UK,300+,2,83.2888057,44.29737121,Cloud,Healthcare,4.783351849,Placed,66813.94311,1,1
6.858006493,1,Tier 3,UK,100-300,2,73.25786956,49.58958984,Cybersecurity,Tech,4.86605373,Placed,88830.68091,1,2
6.704544984,1,Tier 1,Canada,100-300,2,77.59322848,88.52068917,Cybersecurity,Healthcare,6.943109832,Placed,105975.1534,3,2
7.312967462,4,Tier 3,Germany,Top 100,1,65.84145937,46.96214038,AI/ML,Healthcare,10.0,Placed,78940.07411,1,3
7.465425417,3,Tier 2,UK,100-300,3,62.68762516,69.45307541,Cybersecurity,Other,5.264176757,Placed,101952.7103,2,2
7.925467025,0,Tier 1,USA,300+,0,75.4720437,50.65231764,Data Science,Consulting,4.630734113,Placed,120000.0,3,1
7.317917619,2,Tier 2,USA,Top 100,1,64.24257975,63.77174661,Cybersecurity,Finance,6.591557246,Placed,116027.6213,2,3
6.775598357,0,Tier 3,India,Top 100,1,61.38464061,42.6765405,AI/ML,Finance,2.720872772,Placed,41968.42923,1,3
6.913488808,0,Tier 1,UK,100-300,2,48.63028765,59.50049071,Data Science,Manufacturing,4.942662483,Placed,120000.0,3,2
7.889680495,0,Tier 1,India,Top 100,1,64.08481146,65.9474081,Cloud,Consulting,4.516335454,Placed,52450.78215,3,3
7.548232068,2,Tier 1,Germany,Top 100,1,50.1809395,70.91928808,AI/ML,Healthcare,6.519417262,Placed,120000.0,3,3
8.121607461,1,Tier 2,Canada,100-300,2,56.35082585,47.69099968,Cloud,Healthcare,5.529275145,Placed,91728.78934,2,2
6.757691805,1,Tier 2,Canada,100-300,2,87.72047678,40.92305643,Core CS,Finance,4.450459539,Placed,95056.3057,2,2
8.076879836,0,Tier 1,UK,100-300,3,72.10430424,74.06121071,Data Science,Other,4.947553676,Placed,120000.0,3,2
8.177268066,0,Tier 2,Germany,100-300,1,57.53547796,71.04947794,Core CS,Finance,7.050659445,Placed,92693.8031,2,2
6.982514602,3,Tier 3,Canada,300+,2,69.79564673,56.4348982,AI/ML,Tech,5.659836816,Placed,90533.44276,1,1
7.565785099,0,Tier 2,USA,100-300,0,69.31580085,75.89316384,Cybersecurity,Finance,7.839496476,Placed,117722.8766,2,2
8.180089891,0,Tier 1,Germany,100-300,0,79.00107858,74.86301525,Cloud,Finance,3.312735466,Placed,111011.8499,3,2
7.17471119,0,Tier 2,UK,100-300,2,69.67119033,87.91030185,AI/ML,Tech,2.361059903,Placed,117333.685,2,2
8.03109074,1,Tier 2,Germany,Top 100,2,57.24210007,72.06528859,Cloud,Tech,4.662161635,Placed,106671.7373,2,3
5.943286174,1,Tier 3,Germany,100-300,3,59.65338858,86.03436933,Core CS,Manufacturing,5.637333559,Placed,60791.74687,1,2
8.714405644,0,Tier 1,India,300+,1,54.14643493,60.69945902,AI/ML,Tech,6.729657408,Placed,83304.66068,3,1
6.624188429,1,Tier 1,Germany,100-300,3,76.18722147,54.2159308,AI/ML,Consulting,5.377536035,Placed,113447.0747,3,2
7.127004841,2,Tier 1,India,300+,2,70.43314084,63.73855958,Core CS,Tech,4.034188054,Placed,58807.46803,3,1
7.924805336,0,Tier 2,India,100-300,0,65.19207125,57.72885583,Cybersecurity,Healthcare,7.506701496,Placed,50667.45392,2,2
6.193705669,0,Tier 2,UK,300+,2,55.41847734,73.19761126,Cybersecurity,Tech,4.500413724,Placed,92873.93573,2,1
7.202989837,1,Tier 3,UK,Top 100,0,55.35860244,75.34865022,Core CS,Tech,7.929122486,Placed,82808.07573,1,3
6.769675139,0,Tier 2,Germany,100-300,1,79.3131375,76.6002672,AI/ML,Manufacturing,6.247331847,Placed,98330.17631,2,2
8.275342365,0,Tier 2,India,300+,1,74.28559201,69.58094575,Data Science,Consulting,4.44967473,Placed,55505.60487,2,1
8.144921694,0,Tier 3,Germany,Top 100,2,73.70232651,45.04790893,AI/ML,Manufacturing,5.332181012,Placed,91854.05425,1,3
6.791971,0,Tier 1,USA,300+,2,85.46354983,34.53551204,AI/ML,Finance,5.276132043,Placed,120000.0,3,1
6.827370299,0,Tier 1,UK,Top 100,1,68.12644703,48.33173776,AI/ML,Other,5.363877274,Placed,120000.0,3,3
6.057790834,1,Tier 1,USA,300+,4,64.5312314,47.1995512,Cybersecurity,Consulting,6.214055476,Placed,115409.0914,3,1
5.527786892,4,Tier 3,India,100-300,1,81.05650569,94.60460126,AI/ML,Manufacturing,3.554496266,Placed,43610.45364,1,2
8.062532843,0,Tier 1,Canada,300+,0,70.77246411,55.05133067,Core CS,Finance,6.136457502,Placed,111857.3778,3,1
8.392753189,0,Tier 2,Germany,100-300,1,79.35804586,68.22260401,Core CS,Other,5.032345882,Placed,97237.92501,2,2
5.96841553,3,Tier 3,Canada,100-300,3,84.09125285,62.80796844,Cloud,Manufacturing,4.094714415,Placed,65037.76747,1,2
7.046759585,0,Tier 2,UK,Top 100,2,61.52401119,71.0764365,AI/ML,Tech,6.448333823,Placed,120000.0,2,3
7.730096258,0,Tier 3,USA,100-300,3,75.92227758,42.09982544,Cloud,Manufacturing,5.132354623,Placed,99152.89383,1,2
7.337373546,1,Tier 1,USA,100-300,1,61.32592748,35.24371026,AI/ML,Healthcare,6.448367363,Placed,120000.0,3,2
6.95227655,0,Tier 1,Canada,100-300,4,48.27973513,45.02863772,Core CS,Finance,6.574856806,Placed,116647.2046,3,2
6.352220131,0,Tier 3,Canada,300+,3,61.53098074,66.20991197,Cybersecurity,Consulting,2.563685617,Placed,73291.39296,1,1
6.370260744,1,Tier 2,USA,100-300,3,59.85859794,86.61963083,Data Science,Tech,6.148271121,Placed,118601.9424,2,2
7.162687568,1,Tier 2,Germany,100-300,1,68.3196623,88.3298892,Cybersecurity,Consulting,4.973349357,Placed,82136.06282,2,2
7.545394727,1,Tier 1,Germany,100-300,2,53.40413887,56.80435168,Data Science,Finance,6.699067233,Placed,120000.0,3,2
8.757316844,0,Tier 2,Canada,300+,2,75.86485259,69.32764551,Core CS,Tech,5.640361209,Placed,101000.3449,2,1
7.613983476,1,Tier 1,India,100-300,1,76.43170745,77.80946877,Data Science,Consulting,3.628361427,Placed,67239.67242,3,2
6.998628677,1,Tier 1,Canada,300+,3,73.07957145,77.29337788,Cloud,Tech,4.307843175,Placed,117099.9842,3,1
8.892326218,3,Tier 1,UK,300+,1,64.07667196,56.80613423,Data Science,Manufacturing,7.143203818,Placed,120000.0,3,1
7.154121226,0,Tier 1,Germany,300+,1,73.79112328,77.81450278,AI/ML,Manufacturing,8.236921558,Placed,110801.9818,3,1
7.292315394,0,Tier 2,Canada,Top 100,0,60.29993005,59.99800945,Cybersecurity,Other,5.11513598,Placed,97456.10309,2,3
6.968670308,1,Tier 2,USA,100-300,0,74.50262903,37.52458794,Data Science,Other,6.897583518,Placed,120000.0,2,2
6.476373143,1,Tier 2,India,100-300,0,59.0736717,63.51731218,Data Science,Tech,8.002499684,Placed,50941.73531,2,2
8.164347587,0,Tier 1,USA,100-300,2,69.46335614,51.86241548,Cloud,Consulting,6.163759711,Placed,120000.0,3,2
6.527185235,1,Tier 3,India,100-300,2,67.85605654,65.92052468,Cloud,Consulting,3.488482311,Placed,41729.2749,1,2
7.352047943,1,Tier 1,UK,100-300,1,82.21335075,56.82164631,Cybersecurity,Tech,4.122819696,Placed,120000.0,3,2
7.365770451,2,Tier 1,India,Top 100,1,86.5915109,74.78302217,AI/ML,Healthcare,5.165681394,Placed,70786.38684,3,3
6.685294162,2,Tier 2,USA,Top 100,1,84.16567401,57.22853603,Data Science,Healthcare,5.339755863,Placed,120000.0,2,3
6.39006564,1,Tier 3,Canada,Top 100,0,66.64937617,66.9283496,Core CS,Manufacturing,3.373466646,Placed,69653.7843,1,3
6.391709087,1,Tier 1,UK,300+,3,63.43244174,66.33934962,Cloud,Other,7.34512328,Placed,108644.082,3,1
6.685110734,0,Tier 1,Germany,Top 100,2,77.34913705,52.45106671,Cybersecurity,Finance,4.751829768,Placed,117413.595,3,3
7.305946653,2,Tier 2,India,100-300,2,86.35954736,63.98932747,Cybersecurity,Healthcare,4.442330716,Placed,59072.60002,2,2
5.950269439,1,Tier 1,UK,300+,0,65.64011628,54.59107309,Cybersecurity,Manufacturing,7.088268554,Placed,99152.7886,3,1
6.682307735,1,Tier 3,USA,Top 100,0,95.21321259,62.21573602,Cybersecurity,Consulting,6.175229914,Placed,95951.13001,1,3
6.317203616,0,Tier 2,USA,300+,1,56.25650194,38.22618471,AI/ML,Tech,4.804096431,Placed,120000.0,2,1
6.21735364,2,Tier 2,Canada,100-300,2,87.60188426,51.13020849,Data Science,Healthcare,6.004248053,Placed,91406.5061,2,2
8.43878407,2,Tier 2,Canada,300+,3,56.82865571,59.90462061,Data Science,Consulting,4.401042152,Placed,107097.8058,2,1
7.442324183,1,Tier 3,India,100-300,0,76.14798127,86.14277486,AI/ML,Other,5.906688742,Placed,46569.4659,1,2
7.884985247,1,Tier 3,UK,300+,1,89.67736689,71.84210487,Core CS,Consulting,7.474759229,Placed,76083.96731,1,1
7.160558955,0,Tier 2,India,100-300,1,46.80638496,78.0421426,Core CS,Finance,4.601738871,Placed,44288.52916,2,2
7.205802737,2,Tier 2,Germany,300+,1,52.88434955,56.14704952,AI/ML,Consulting,4.444079498,Placed,98480.8262,2,1
6.724418233,1,Tier 3,USA,100-300,1,76.2890644,67.82191553,Cloud,Finance,2.169055692,Placed,102653.0123,1,2
6.40046721,1,Tier 3,India,300+,1,70.66626931,73.69622918,Data Science,Other,4.118609445,Placed,39431.03542,1,1
7.270212879,1,Tier 3,Canada,100-300,1,80.57878704,55.18829953,Cloud,Consulting,6.550670981,Placed,75076.26606,1,2
6.563930216,1,Tier 1,Germany,300+,4,55.02946346,50.10578974,Cybersecurity,Other,7.126322175,Placed,94832.4847,3,1
8.453404504,0,Tier 3,Canada,300+,1,65.52508799,96.09473534,Core CS,Finance,2.646971894,Placed,84133.63629,1,1
5.984567116,2,Tier 2,India,100-300,0,83.42183004,52.44617695,AI/ML,Consulting,3.013440472,Placed,50111.99282,2,2
8.228925418,0,Tier 2,India,100-300,1,72.07807138,66.18534256,Data Science,Consulting,6.135500523,Placed,58596.15637,2,2
7.239268587,1,Tier 2,Canada,Top 100,1,70.43740862,78.84411997,Data Science,Finance,8.678543775,Placed,118286.453,2,3
7.666526213,2,Tier 2,USA,Top 100,4,72.93666708,34.95264966,AI/ML,Finance,6.10360453,Placed,120000.0,2,3
6.495800564,1,Tier 2,USA,100-300,1,69.4027801,62.34827042,Cybersecurity,Finance,6.572962428,Placed,119132.5151,2,2
7.691398708,2,Tier 2,Germany,300+,0,96.92512838,58.73928829,AI/ML,Tech,6.929925418,Placed,106935.1517,2,1
6.424008373,1,Tier 2,Germany,100-300,2,86.26339165,90.41837116,AI/ML,Finance,3.712473352,Placed,96037.47256,2,2
6.260749754,0,Tier 2,Canada,300+,3,89.26166218,66.93031537,Data Science,Other,8.356618709,Placed,84987.46627,2,1
7.308599975,1,Tier 2,Canada,300+,1,80.88015873,56.83743455,Cybersecurity,Tech,5.534721059,Placed,95094.73197,2,1
7.562127999,1,Tier 3,USA,Top 100,0,73.24366182,87.55102503,Core CS,Consulting,4.686127248,Placed,91630.06045,1,3
6.467445228,2,Tier 2,UK,300+,4,60.80669359,58.64404085,Cybersecurity,Manufacturing,5.168083515,Placed,87958.74826,2,1
7.29521315,1,Tier 1,India,300+,0,67.24187648,74.73544644,Cloud,Healthcare,5.445254557,Placed,53086.6982,3,1
7.621549362,0,Tier 1,USA,100-300,5,61.6406152,55.67901695,Cybersecurity,Healthcare,3.138110555,Placed,120000.0,3,2
7.024381131,2,Tier 3,India,100-300,2,69.3748844,49.84405018,Core CS,Other,4.930134742,Placed,30110.35739,1,2
6.282197595,2,Tier 1,India,Top 100,4,99.00093002,56.49764139,Data Science,Consulting,6.596926347,Placed,58674.44481,3,3
6.477639875,0,Tier 3,UK,100-300,3,100.0,65.5148766,Cybersecurity,Finance,6.328428464,Placed,75722.4561,1,2
6.747786933,2,Tier 2,Canada,Top 100,2,59.77082046,83.97858649,Cybersecurity,Finance,3.1935941,Placed,106687.329,2,3
7.214440342,0,Tier 1,Germany,100-300,2,53.00226828,56.06086922,Data Science,Finance,6.513655177,Placed,120000.0,3,2
7.572139512,2,Tier 2,India,100-300,4,100.0,84.79241613,AI/ML,Consulting,8.090613792,Placed,55293.62038,2,2
6.959105046,1,Tier 1,UK,100-300,2,49.25616778,75.25250594,Data Science,Tech,6.253474391,Placed,120000.0,3,2
7.114645044,1,Tier 2,Canada,100-300,1,87.86925161,87.25126457,Data Science,Consulting,6.257357391,Placed,98968.7772,2,2
6.587275749,2,Tier 3,UK,300+,1,63.62334008,40.89135135,AI/ML,Finance,7.314294284,Placed,89711.60265,1,1
6.443880514,0,Tier 1,India,300+,2,59.61958073,61.68747266,Core CS,Consulting,5.098075851,Placed,57232.82895,3,1
7.378516363,2,Tier 2,Germany,100-300,2,85.44749003,74.12435422,AI/ML,Other,5.95804454,Placed,109868.6909,2,2
6.43767085,2,Tier 3,Germany,300+,1,47.75716172,49.20535538,Cybersecurity,Tech,3.142489567,Placed,74462.26565,1,1
7.37314503,1,Tier 2,Canada,100-300,3,64.35101015,59.92001705,Core CS,Other,5.31267151,Placed,88585.01589,2,2
7.416551597,0,Tier 1,Germany,300+,0,87.37129094,65.98775873,Core CS,Manufacturing,5.510327324,Placed,101221.0007,3,1
6.136373718,0,Tier 1,India,100-300,2,63.75538313,93.69164522,AI/ML,Finance,4.794218226,Placed,66969.44537,3,2
7.901880071,0,Tier 2,Canada,100-300,2,73.03244041,73.48357895,Cloud,Finance,6.732635895,Placed,101655.0572,2,2
6.340930504,0,Tier 2,India,Top 100,2,91.7464776,35.22425294,AI/ML,Tech,6.399111611,Placed,59414.04946,2,3
7.952872547,1,Tier 1,Germany,300+,0,62.90688473,64.69626268,Cybersecurity,Other,4.800537011,Placed,104297.8653,3,1
6.882517183,1,Tier 1,USA,Top 100,0,70.1453671,73.85934557,Data Science,Manufacturing,4.563872933,Placed,120000.0,3,3
5.880254796,1,Tier 2,India,300+,1,71.73694573,57.45421468,AI/ML,Finance,5.807012716,Placed,47028.82006,2,1
6.8005043,0,Tier 1,USA,100-300,1,63.22167539,54.06173535,Core CS,Tech,2.357834941,Placed,120000.0,3,2
6.06956588,0,Tier 2,India,100-300,0,49.37613504,91.90699277,Data Science,Finance,4.320642607,Placed,53081.64923,2,2
6.669260983,2,Tier 2,USA,100-300,3,76.05717062,97.96834656,AI/ML,Tech,4.55868412,Placed,120000.0,2,2
7.025916971,1,Tier 1,UK,300+,1,67.53029147,39.8328783,Data Science,Consulting,4.449209196,Placed,114971.1697,3,1
8.169803683,0,Tier 3,Canada,100-300,1,68.39483807,67.31113768,Cloud,Other,5.457606103,Placed,74129.95303,1,2
6.767636867,2,Tier 2,Germany,300+,0,71.03031685,72.79154588,AI/ML,Healthcare,3.691364764,Placed,81872.38593,2,1
7.85803344,1,Tier 1,India,300+,0,86.04567731,71.59283548,Cloud,Other,6.968833241,Placed,52520.04719,3,1
8.14300813,0,Tier 2,USA,300+,0,30.0,76.79613366,Data Science,Other,6.831453024,Placed,120000.0,2,1
8.147447735,0,Tier 2,UK,100-300,2,57.59523094,71.03630004,AI/ML,Healthcare,6.634768299,Placed,100564.3888,2,2
7.227803675,0,Tier 3,USA,100-300,3,80.44177751,42.81717881,Cloud,Manufacturing,6.347399993,Placed,84701.99084,1,2
5.429368682,2,Tier 3,UK,100-300,4,78.52031033,63.4238124,AI/ML,Tech,8.310388797,Placed,84350.91457,1,2
7.368659892,2,Tier 2,Germany,100-300,1,63.61169349,69.31951513,Data Science,Tech,5.398714032,Placed,107451.087,2,2
7.83871991,0,Tier 1,Canada,300+,0,65.73657036,44.74396802,Data Science,Other,5.199966205,Placed,120000.0,3,1
6.935146316,2,Tier 3,Canada,Top 100,0,47.5948063,48.4002599,Cybersecurity,Finance,8.039787087,Placed,78164.46535,1,3
8.395667096,0,Tier 3,UK,Top 100,0,73.66623417,46.71904979,Cloud,Consulting,4.91409998,Placed,93479.67992,1,3
7.687866849,1,Tier 1,USA,100-300,2,98.74322663,37.67123447,Data Science,Manufacturing,4.338305107,Placed,120000.0,3,2
7.454618702,2,Tier 1,Canada,300+,3,70.34639349,70.34079217,Data Science,Finance,6.291570079,Placed,120000.0,3,1
7.869104569,1,Tier 3,USA,300+,2,82.9026949,49.36685709,AI/ML,Finance,5.459009842,Placed,117094.705,1,1
6.600688839,1,Tier 2,India,300+,3,60.12053309,89.51731292,Cloud,Consulting,4.389136637,Placed,41767.8021,2,1
7.957734422,0,Tier 1,India,100-300,0,79.25064047,58.90503714,Cybersecurity,Consulting,6.658611208,Placed,51274.28072,3,2
6.821221996,0,Tier 2,India,300+,0,86.51379545,61.01793207,Core CS,Consulting,4.227094854,Placed,46295.3598,2,1
8.427138076,0,Tier 3,Germany,100-300,2,70.92560038,44.38274326,Cloud,Finance,3.911507056,Placed,86892.54784,1,2
8.345193966,0,Tier 2,USA,Top 100,1,61.81951069,72.3019343,Data Science,Consulting,4.902880476,Placed,120000.0,2,3
6.292904884,1,Tier 1,UK,100-300,2,71.92916192,72.81039768,Data Science,Healthcare,6.254388509,Placed,119100.7826,3,2
7.1178384,1,Tier 3,UK,100-300,2,73.8081268,48.28658363,AI/ML,Tech,6.878998008,Placed,97038.75972,1,2
6.455604762,0,Tier 1,USA,100-300,3,56.85482394,63.42432769,AI/ML,Other,6.138126479,Placed,120000.0,3,2
7.407746462,0,Tier 3,Germany,300+,3,88.1471135,76.21107963,Core CS,Tech,5.716859485,Placed,66745.4349,1,1
7.649364457,1,Tier 1,UK,100-300,0,65.84174704,72.16081787,Cloud,Finance,7.080520884,Placed,120000.0,3,2
7.265534758,0,Tier 1,Canada,Top 100,0,66.4663975,52.59106772,Cloud,Tech,8.120292345,Placed,120000.0,3,3
9.348324965,0,Tier 3,Germany,Top 100,4,58.30159135,70.44691112,AI/ML,Healthcare,3.989373951,Placed,89997.20084,1,3
6.177660988,2,Tier 2,Canada,Top 100,2,80.62233092,52.78157126,AI/ML,Healthcare,2.866442834,Placed,101985.2536,2,3
5.631517316,2,Tier 1,Canada,100-300,5,56.55094457,82.57231662,AI/ML,Tech,5.048909338,Placed,120000.0,3,2
6.262248876,2,Tier 2,Germany,100-300,4,80.66751455,58.49468359,Cybersecurity,Other,5.565181747,Placed,87117.84579,2,2
6.595048751,0,Tier 2,Germany,Top 100,5,50.31051967,49.72772885,AI/ML,Healthcare,5.274353012,Placed,105435.5708,2,3
6.85638834,1,Tier 2,Canada,300+,0,69.65740267,53.47983574,Cybersecurity,Consulting,5.475965164,Placed,86958.17243,2,1
7.71538622,0,Tier 3,USA,100-300,1,63.74886519,70.07721629,Cloud,Finance,7.686605321,Placed,97541.8887,1,2
6.38694198,0,Tier 2,UK,300+,0,81.49746651,63.77899296,Data Science,Other,5.936047141,Placed,93108.93723,2,1
7.292607989,0,Tier 1,Germany,Top 100,4,65.79699012,64.60586647,AI/ML,Finance,5.431476601,Placed,120000.0,3,3
7.276893863,0,Tier 2,UK,100-300,2,59.56557418,73.95866811,Core CS,Consulting,5.579480879,Placed,94245.98058,2,2
7.393611424,0,Tier 3,UK,100-300,1,59.76166221,53.45378651,Cloud,Healthcare,6.999313577,Placed,73075.3962,1,2
8.651376108,0,Tier 3,USA,100-300,1,50.06143467,74.0604654,Cybersecurity,Other,7.994251448,Placed,101110.4436,1,2
7.126475901,0,Tier 2,Germany,300+,1,64.46537001,73.70324048,Data Science,Finance,4.668675141,Placed,101824.438,2,1
7.655791774,1,Tier 3,Germany,100-300,2,71.64479132,64.66340851,Cloud,Tech,6.902313753,Placed,80612.54062,1,2
7.237781777,1,Tier 3,India,100-300,3,61.25096668,63.77217087,Core CS,Tech,5.567438801,Placed,44900.68431,1,2
8.333805473,0,Tier 2,Canada,300+,2,73.64749299,60.87282433,Data Science,Healthcare,6.923863927,Placed,102255.3441,2,1
8.708469384,0,Tier 2,UK,100-300,0,77.00455314,75.95426792,Cybersecurity,Finance,3.944177537,Placed,99484.33506,2,2
7.225627375,3,Tier 2,India,300+,0,78.43813439,74.867112,Cloud,Consulting,7.708796012,Placed,48387.82181,2,1
8.320458371,0,Tier 2,Canada,100-300,2,93.89535321,51.64417086,AI/ML,Finance,7.908412281,Placed,107903.0022,2,2
6.974362005,0,Tier 1,India,100-300,4,66.98494172,62.03239326,Core CS,Consulting,5.745404687,Placed,64829.42724,3,2
7.026819762,1,Tier 1,Canada,100-300,0,64.94344827,72.46816978,Cloud,Consulting,4.435642675,Placed,104299.2704,3,2
7.657652862,2,Tier 3,Canada,100-300,1,83.4581808,52.96633678,Cybersecurity,Finance,5.40768032,Placed,78017.26778,1,2
7.259229154,0,Tier 2,India,100-300,0,95.95120412,79.15440961,Data Science,Consulting,7.333592711,Placed,58495.66689,2,2
7.659282317,2,Tier 1,Canada,100-300,0,49.68017815,89.37942867,Cybersecurity,Finance,6.025344326,Placed,115849.2289,3,2
6.86868047,2,Tier 2,India,100-300,2,76.38606022,77.19184962,Data Science,Consulting,3.551826806,Placed,61453.37307,2,2
7.961545336,0,Tier 2,India,300+,1,56.38664938,80.79804301,Cloud,Consulting,4.567081479,Placed,52355.34482,2,1
7.046291238,1,Tier 1,UK,Top 100,1,44.68301272,70.82736098,Cybersecurity,Manufacturing,6.563711589,Placed,114276.6136,3,3
6.787525893,4,Tier 1,USA,Top 100,0,79.80743154,49.54732119,Cybersecurity,Tech,2.459562693,Placed,120000.0,3,3
7.781145102,0,Tier 3,India,Top 100,2,85.05614483,61.11496834,Cybersecurity,Tech,3.024984739,Placed,51449.07973,1,3
7.549941404,1,Tier 3,Canada,300+,2,45.23228793,30.58579776,Cybersecurity,Consulting,4.839865194,Placed,67016.96624,1,1
6.929164628,0,Tier 3,Germany,100-300,1,74.03159417,47.68483354,AI/ML,Consulting,4.923747616,Placed,78992.71607,1,2
6.636886867,1,Tier 3,Germany,100-300,2,72.23351348,60.058149,Cybersecurity,Tech,7.043248201,Placed,74319.39453,1,2
7.712046186,1,Tier 3,UK,100-300,1,79.71334145,74.29980864,AI/ML,Healthcare,6.260134323,Placed,88745.20516,1,2
6.514190869,0,Tier 3,Germany,Top 100,0,62.70623927,68.60943292,AI/ML,Other,2.133059868,Placed,93288.33717,1,3
6.839838997,0,Tier 2,Canada,300+,2,76.44424603,82.21034489,Cybersecurity,Tech,3.57744246,Placed,102126.786,2,1
8.11938236,2,Tier 1,USA,100-300,5,56.58865974,34.47173421,Data Science,Manufacturing,3.047563221,Placed,120000.0,3,2
8.231313877,1,Tier 3,USA,300+,3,72.15020464,75.67881685,AI/ML,Healthcare,5.213517794,Placed,119065.9055,1,1
8.257918568,0,Tier 2,Germany,300+,2,95.6192853,69.63771812,Cybersecurity,Healthcare,4.229960559,Placed,94433.39754,2,1
6.774299378,3,Tier 3,India,300+,4,55.43522695,63.01876282,Cloud,Other,4.610896148,Placed,37588.27542,1,1
6.2744777,0,Tier 2,Canada,Top 100,1,63.79581138,79.10917596,Cloud,Manufacturing,5.906725573,Placed,86246.09627,2,3
8.338294562,0,Tier 1,Germany,300+,2,60.19117159,73.31028314,Data Science,Other,3.949807386,Placed,115360.5562,3,1
6.308816121,0,Tier 1,UK,300+,1,69.41192478,48.85621767,Cloud,Finance,1.206051484,Placed,103301.2935,3,1
6.271740526,0,Tier 1,Canada,100-300,0,75.69769511,70.24167029,Cybersecurity,Tech,4.718847847,Placed,110657.9311,3,2
7.556132199,1,Tier 2,Germany,300+,1,56.32406943,58.35717691,Data Science,Finance,4.216352683,Placed,96511.14497,2,1
6.699493071,0,Tier 1,USA,300+,3,58.9926535,86.96803823,Cybersecurity,Manufacturing,3.180753462,Placed,113879.6065,3,1
7.353330051,1,Tier 3,India,300+,1,78.45202681,71.59673448,Data Science,Consulting,4.87985292,Placed,48770.072,1,1
6.33007542,0,Tier 2,USA,Top 100,0,84.28826696,48.72305323,Data Science,Finance,8.182748025,Placed,120000.0,2,3
6.998104867,0,Tier 1,Germany,100-300,0,71.68427761,57.83594082,Core CS,Tech,2.499390408,Placed,109903.8385,3,2
6.565114483,1,Tier 1,UK,Top 100,4,54.89662635,73.66692496,AI/ML,Tech,2.004706372,Placed,120000.0,3,3
8.467117237,0,Tier 2,UK,100-300,0,38.78751651,71.80592931,Cybersecurity,Manufacturing,6.269258475,Placed,100065.8901,2,2
7.445710095,0,Tier 2,India,100-300,1,87.7067486,67.17602222,Cloud,Tech,3.112109847,Placed,47734.66041,2,2
7.599426046,1,Tier 2,Canada,100-300,0,66.84717017,49.10877135,Cybersecurity,Tech,4.821352018,Placed,105165.0092,2,2
5.803566771,1,Tier 3,Canada,100-300,1,72.26326659,64.74153062,Data Science,Tech,4.508837064,Placed,80138.03119,1,2
6.990161241,0,Tier 2,Canada,300+,1,38.89088207,52.13091355,Data Science,Tech,3.016495937,Placed,114003.2236,2,1
6.86172346,0,Tier 1,India,100-300,2,87.27425399,51.10254668,AI/ML,Manufacturing,6.305284394,Placed,60540.91849,3,2
6.651388402,0,Tier 1,Canada,100-300,3,70.60308993,73.76392474,AI/ML,Consulting,3.219757383,Placed,120000.0,3,2
7.353853495,2,Tier 3,USA,300+,2,71.26056142,62.86340538,Data Science,Healthcare,4.39778503,Placed,101915.1646,1,1
6.399416314,0,Tier 3,Canada,Top 100,1,49.25570782,81.34997334,Cybersecurity,Consulting,6.874521349,Placed,79125.09693,1,3
7.087266376,0,Tier 2,Canada,100-300,0,85.52168472,68.31526209,Data Science,Finance,6.455550554,Placed,104996.9325,2,2
7.308776074,1,Tier 2,Canada,Top 100,2,87.38556358,71.85413467,AI/ML,Tech,4.94737179,Placed,120000.0,2,3
6.058684045,2,Tier 2,India,100-300,1,72.81118952,85.35321975,AI/ML,Consulting,6.296719498,Placed,46306.04885,2,2
7.742472489,1,Tier 3,India,300+,0,97.03680502,71.75230248,Data Science,Consulting,5.920292765,Placed,38484.44397,1,1
6.537509233,0,Tier 1,USA,300+,2,49.0653472,60.14981699,Core CS,Consulting,2.528945087,Placed,120000.0,3,1
6.793593171,0,Tier 1,USA,100-300,4,88.04095254,72.73384972,Core CS,Tech,3.46127123,Placed,120000.0,3,2
8.496859586,1,Tier 1,Canada,Top 100,2,93.80539368,69.86333904,Core CS,Manufacturing,7.219243541,Placed,120000.0,3,3
8.952977378,0,Tier 2,USA,300+,1,91.59004916,61.0819372,Cybersecurity,Healthcare,5.381641252,Placed,119110.3445,2,1
7.349701424,0,Tier 2,Canada,100-300,2,69.42565189,71.2400895,Cloud,Manufacturing,5.332857499,Placed,90517.38524,2,2
7.07364411,2,Tier 2,USA,100-300,3,61.45331954,76.30054342,Core CS,Other,7.2653668,Placed,113994.5636,2,2
9.023942199,0,Tier 2,USA,100-300,3,76.42427948,50.78049513,Cybersecurity,Tech,6.980138478,Placed,120000.0,2,2
6.103665665,1,Tier 2,India,300+,1,62.65005475,81.85275966,Cybersecurity,Finance,8.979299981,Placed,39666.08663,2,1
6.396107043,2,Tier 2,India,Top 100,0,54.79723703,51.62670391,Data Science,Healthcare,6.534759825,Placed,56037.48041,2,3
7.025714518,2,Tier 3,Germany,100-300,2,69.51080779,86.39974138,Cloud,Other,5.612134036,Placed,66641.20246,1,2
7.017871391,0,Tier 3,India,Top 100,0,50.27675055,60.42920902,Core CS,Manufacturing,6.049344572,Placed,34850.3604,1,3
8.354837707,1,Tier 2,UK,300+,4,67.33312404,75.41619028,Core CS,Other,4.082293979,Placed,100106.5371,2,1
7.718809364,1,Tier 1,Germany,Top 100,1,88.093622,66.22800992,Cloud,Consulting,3.24674208,Placed,113429.0209,3,3
8.477116736,0,Tier 2,UK,300+,1,76.87303359,40.78821465,Cloud,Consulting,6.299897321,Placed,98330.9914,2,1
8.546687798,0,Tier 2,India,300+,1,76.36487718,62.38470212,Data Science,Tech,6.572650958,Placed,53541.22228,2,1
6.99078793,1,Tier 2,Germany,300+,2,76.18941773,70.02125919,AI/ML,Finance,2.842166178,Placed,110166.304,2,1
7.824527847,0,Tier 3,India,300+,1,59.05020879,86.76285838,AI/ML,Consulting,7.12329335,Placed,49432.45127,1,1
7.875838802,0,Tier 2,Canada,100-300,2,80.53272511,96.64144734,Data Science,Other,6.719229691,Placed,95982.73833,2,2
6.355206615,1,Tier 1,UK,Top 100,2,46.11944305,55.45697937,Core CS,Healthcare,5.069533737,Placed,100825.859,3,3
6.578755893,1,Tier 1,Canada,300+,3,88.95332905,61.05402613,Data Science,Healthcare,8.767032047,Placed,115109.0401,3,1
7.533302307,2,Tier 1,India,Top 100,1,72.33985811,95.81036298,Cloud,Finance,4.050975077,Placed,64097.30627,3,3
5.92005949,2,Tier 2,India,Top 100,5,67.63067606,69.94194485,Cybersecurity,Tech,4.217499688,Placed,46022.95136,2,3
6.635840876,1,Tier 1,Canada,300+,2,76.40062057,51.00693238,Data Science,Tech,2.780781636,Placed,120000.0,3,1
6.280960152,0,Tier 1,USA,Top 100,2,52.97672637,44.68834057,Cybersecurity,Healthcare,7.41594384,Placed,120000.0,3,3
7.440813648,2,Tier 1,UK,300+,2,76.8360306,76.24678487,Data Science,Tech,5.443508144,Placed,120000.0,3,1
6.413214347,2,Tier 1,Canada,100-300,0,86.45716861,71.02621749,Core CS,Finance,5.768923757,Placed,101203.2319,3,2
6.759339235,1,Tier 3,UK,300+,2,62.47817798,78.49767267,Core CS,Consulting,2.239119373,Placed,82692.57107,1,1
5.698150618,3,Tier 3,UK,100-300,3,62.20872423,82.16870443,Cloud,Tech,7.400682997,Placed,84906.56141,1,2
7.149592168,1,Tier 2,USA,100-300,2,67.06515024,76.52594949,Data Science,Tech,6.189613154,Placed,120000.0,2,2
6.964581344,0,Tier 1,Germany,300+,1,55.8443697,73.50483746,Cloud,Tech,4.548848099,Placed,102096.3717,3,1
6.4168326,0,Tier 2,Germany,Top 100,1,37.57875935,76.66640584,Data Science,Healthcare,7.377382628,Placed,103597.3905,2,3
7.144235904,2,Tier 1,UK,100-300,1,93.40575135,82.96250726,Core CS,Other,8.808500654,Placed,105684.968,3,2
8.444459546,0,Tier 3,Germany,Top 100,3,95.02358097,71.36586469,Core CS,Healthcare,4.343670814,Placed,81708.43748,1,3
6.922591917,3,Tier 1,USA,300+,2,69.72780491,81.77721997,Data Science,Consulting,6.46278979,Placed,120000.0,3,1
9.82324415,2,Tier 1,India,300+,0,70.31166615,78.46319309,Cybersecurity,Tech,2.424515435,Placed,72171.10623,3,1
6.00441084,1,Tier 1,Canada,300+,5,41.03899549,94.98068314,Core CS,Healthcare,2.18212858,Placed,93616.03741,3,1
6.433958172,1,Tier 3,Canada,300+,3,82.25270227,42.70174743,Cloud,Finance,6.379542285,Placed,78131.67272,1,1
7.757446053,0,Tier 2,UK,100-300,3,50.4221104,75.1516282,Cloud,Tech,4.249199855,Placed,107870.4525,2,2
7.044002349,0,Tier 1,UK,300+,1,67.26648435,87.74584502,Data Science,Finance,4.025616721,Placed,120000.0,3,1
7.337947978,1,Tier 2,Germany,300+,2,100.0,61.90761305,Cloud,Other,7.926406909,Placed,87441.15249,2,1
6.62704911,1,Tier 2,India,300+,0,64.5883363,45.38274923,Cloud,Healthcare,4.103186557,Placed,45967.81428,2,1
6.706236853,2,Tier 3,Canada,300+,1,55.61987955,72.20457258,Cybersecurity,Tech,7.52459451,Placed,80468.71133,1,1
6.068759494,1,Tier 2,India,300+,2,69.82638057,55.58485398,AI/ML,Other,5.752510692,Placed,45911.76988,2,1
6.713607652,0,Tier 1,UK,Top 100,0,88.43762136,47.16289258,Cybersecurity,Tech,6.661353957,Placed,120000.0,3,3
6.312309189,1,Tier 2,Canada,300+,0,41.35654343,47.19658706,AI/ML,Other,4.862279697,Placed,95993.90406,2,1
7.930700844,4,Tier 2,Germany,300+,0,68.50977917,68.2526391,Data Science,Consulting,6.57263169,Placed,96840.86789,2,1
7.855033857,0,Tier 3,USA,100-300,2,100.0,72.83283653,Data Science,Manufacturing,4.25848061,Placed,103042.3392,1,2
9.048402367,0,Tier 1,India,300+,2,89.89884929,33.0871676,Cybersecurity,Other,5.59782582,Placed,53041.40494,3,1
8.400740754,0,Tier 2,Canada,100-300,0,63.17726146,63.31283662,Cloud,Manufacturing,5.979675887,Placed,95947.10839,2,2
6.974785189,1,Tier 2,India,100-300,2,78.6306073,81.73055585,Data Science,Consulting,3.241845405,Placed,49876.36128,2,2
6.495322878,0,Tier 3,UK,100-300,1,88.30594585,48.61281285,Cybersecurity,Healthcare,5.457763386,Placed,70090.11835,1,2
7.345882171,1,Tier 1,Germany,300+,1,73.59707723,62.35967895,Core CS,Consulting,8.434486188,Placed,96259.84064,3,1
6.426254479,0,Tier 3,India,Top 100,1,70.04767243,88.28721086,AI/ML,Consulting,5.748986209,Placed,36577.9508,1,3
6.946178028,1,Tier 1,Canada,100-300,2,66.13086245,60.65598921,Cloud,Tech,5.350960623,Placed,112026.919,3,2
7.682532245,1,Tier 1,Germany,Top 100,4,82.85383056,50.66977681,Cybersecurity,Finance,7.36264171,Placed,114493.2628,3,3
7.384486875,0,Tier 3,Germany,300+,1,54.66185772,46.18581118,AI/ML,Finance,5.475970836,Placed,79887.0639,1,1
6.656292017,1,Tier 2,Germany,100-300,1,82.81700533,54.28477248,Core CS,Manufacturing,6.658588806,Placed,75749.38588,2,2
7.771815915,1,Tier 1,Canada,300+,0,82.18225774,52.36837455,Data Science,Manufacturing,5.825506996,Placed,120000.0,3,1
8.039989898,0,Tier 2,USA,Top 100,1,70.82174125,30.14603353,Cybersecurity,Finance,3.497199359,Placed,120000.0,2,3
7.768244134,2,Tier 1,UK,100-300,3,49.42232151,69.9801023,AI/ML,Other,7.589853096,Placed,120000.0,3,2
7.86651617,0,Tier 2,UK,300+,2,68.24136822,81.66506702,Data Science,Other,6.760583957,Placed,103943.4872,2,1
7.718493859,0,Tier 1,India,300+,2,79.5126802,82.71471724,AI/ML,Manufacturing,4.048881791,Placed,59126.18537,3,1
6.705772379,1,Tier 1,Canada,300+,2,85.21038039,73.53795319,AI/ML,Finance,4.545740566,Placed,120000.0,3,1
7.562026651,0,Tier 2,India,300+,0,58.21761588,85.83461872,Cloud,Manufacturing,5.249837482,Placed,36241.71275,2,1
7.936934106,2,Tier 2,UK,100-300,1,71.46048307,44.2072501,Cybersecurity,Manufacturing,6.62108416,Placed,88153.91696,2,2
5.596572118,1,Tier 3,USA,300+,5,79.58286351,59.71072467,Cybersecurity,Consulting,5.1695994,Placed,80806.78302,1,1
7.075622054,1,Tier 2,Germany,300+,2,61.58356079,67.19918095,AI/ML,Finance,6.446484427,Placed,101399.6267,2,1
9.133524178,1,Tier 3,Germany,300+,0,69.24064908,66.87500095,Data Science,Healthcare,6.96819533,Placed,82579.55914,1,1
7.07772463,0,Tier 2,USA,100-300,2,54.96076202,51.85840313,Data Science,Finance,4.553234394,Placed,120000.0,2,2
7.89334502,1,Tier 1,Germany,Top 100,2,52.12914378,50.22845905,Cloud,Other,6.180965665,Placed,106415.119,3,3
7.399106556,1,Tier 1,USA,Top 100,0,67.64032488,68.54443792,Cybersecurity,Healthcare,5.941227202,Placed,120000.0,3,3
6.726281079,2,Tier 2,Germany,Top 100,4,68.07970111,68.04987422,Cloud,Consulting,7.243423569,Placed,85246.44822,2,3
7.429982964,0,Tier 2,Germany,Top 100,1,43.53215831,65.30593067,Core CS,Manufacturing,5.072923722,Placed,88595.25346,2,3
6.537232217,0,Tier 2,USA,300+,2,78.80077261,58.21774992,Core CS,Consulting,6.689273622,Placed,107221.5736,2,1
6.953255905,0,Tier 3,Germany,300+,4,48.88190894,73.58051739,AI/ML,Consulting,6.905875626,Placed,70987.86877,1,1
7.661122654,2,Tier 3,Germany,Top 100,1,77.59122204,69.31149993,Data Science,Finance,5.614103345,Placed,103392.0822,1,3
8.529604375,0,Tier 1,India,Top 100,2,79.7855603,35.52717871,AI/ML,Tech,5.251208244,Placed,72537.95704,3,3
8.079343239,1,Tier 3,Canada,300+,2,60.9371532,66.6026691,Core CS,Manufacturing,6.643846217,Placed,77341.45452,1,1
7.019545472,0,Tier 2,USA,100-300,1,84.36537315,45.72472141,Data Science,Consulting,4.83790437,Placed,120000.0,2,2
7.801788933,1,Tier 2,UK,100-300,0,70.07226478,65.33934421,Core CS,Finance,5.230344437,Placed,114344.2768,2,2
8.248204424,0,Tier 1,India,Top 100,3,71.5437989,69.66310855,AI/ML,Manufacturing,2.781926593,Placed,73969.32492,3,3
5.947646954,3,Tier 2,UK,100-300,4,63.45080069,75.38357214,Core CS,Manufacturing,2.777249489,Placed,90060.60462,2,2
6.778488515,1,Tier 1,Germany,100-300,1,61.26737431,53.48867079,Core CS,Healthcare,7.54114734,Placed,105112.0724,3,2
6.555986639,1,Tier 1,Canada,100-300,3,69.4412416,72.73199716,Cybersecurity,Finance,5.27941484,Placed,106310.6583,3,2
8.672875418,0,Tier 3,Canada,300+,1,36.02304452,59.96068485,AI/ML,Consulting,5.948778496,Placed,86320.92513,1,1
6.982051158,0,Tier 3,UK,300+,1,88.91872937,55.47570714,AI/ML,Consulting,6.837016153,Placed,87089.68212,1,1
7.47046134,0,Tier 3,UK,Top 100,1,45.44968844,55.63845645,AI/ML,Consulting,4.933595508,Placed,90899.19222,1,3
7.769876135,0,Tier 1,USA,Top 100,3,51.91890606,58.02882759,Cybersecurity,Healthcare,6.383209494,Placed,120000.0,3,3
7.756710525,0,Tier 1,USA,300+,2,72.87291306,83.65071011,Core CS,Other,3.83808003,Placed,120000.0,3,1
7.858897555,1,Tier 2,Canada,100-300,1,65.83316146,47.79514209,Cybersecurity,Consulting,5.192589916,Placed,86162.52198,2,2
6.495323559,1,Tier 3,UK,300+,1,77.94278128,64.36189492,Data Science,Tech,6.197638855,Placed,90467.18317,1,1
6.761706556,0,Tier 2,Canada,300+,2,94.31519654,89.89367095,Cybersecurity,Other,1.975935215,Placed,83980.72783,2,1
7.615225324,1,Tier 2,Germany,300+,3,71.98788316,34.47269935,AI/ML,Finance,5.582022458,Placed,101424.3198,2,1
6.995914694,1,Tier 2,UK,300+,2,80.93304106,68.55593068,Cybersecurity,Other,6.488030232,Placed,92292.59787,2,1
7.319011012,1,Tier 3,UK,Top 100,3,84.51168176,93.21965939,Core CS,Other,7.848986418,Placed,72485.97102,1,3
7.57179652,0,Tier 2,Canada,Top 100,2,61.51524864,54.29867085,Cybersecurity,Consulting,4.118161037,Placed,90871.18793,2,3
6.813020754,2,Tier 3,USA,Top 100,0,72.89304702,93.45034716,Cybersecurity,Finance,5.829425256,Placed,92878.43622,1,3
7.565966169,0,Tier 2,India,100-300,1,61.47407364,60.56196675,Cloud,Consulting,5.067664565,Placed,41104.92218,2,2
7.621545354,0,Tier 2,India,Top 100,1,71.29710263,53.81897458,Cloud,Healthcare,7.52557351,Placed,55599.04524,2,3
8.286332049,0,Tier 2,UK,Top 100,4,64.80197762,64.58942909,Core CS,Manufacturing,3.326125468,Placed,100056.7383,2,3
8.082762918,0,Tier 1,UK,300+,0,97.72052095,73.85087098,AI/ML,Healthcare,3.993120198,Placed,120000.0,3,1
8.07725733,0,Tier 3,USA,300+,1,41.14287843,87.88803385,Cloud,Healthcare,8.112803582,Placed,88685.14073,1,1
8.154936255,0,Tier 3,India,Top 100,1,63.65894142,49.31940248,Data Science,Finance,5.136562355,Placed,46654.4899,1,3
7.233103188,1,Tier 2,UK,100-300,0,96.39009838,80.12597837,Cybersecurity,Consulting,8.152347964,Placed,97745.05345,2,2
7.02574807,1,Tier 1,Germany,300+,0,92.25597099,69.84506916,Cybersecurity,Finance,6.181195208,Placed,97718.46846,3,1
7.698253667,2,Tier 2,India,Top 100,0,69.05571798,74.29126397,Core CS,Consulting,5.465996539,Placed,35546.32673,2,3
7.585664761,0,Tier 2,Germany,300+,2,50.70110375,46.32485083,Cloud,Finance,6.094226861,Placed,91946.20416,2,1
6.971922827,2,Tier 3,India,100-300,1,76.47833353,55.47792352,AI/ML,Consulting,5.48960307,Placed,52083.90821,1,2
8.032368593,0,Tier 3,India,100-300,3,71.84800468,72.457902,Cybersecurity,Tech,5.36666569,Placed,35944.39231,1,2
7.044159394,1,Tier 2,Germany,300+,2,64.9464499,56.99415655,Cybersecurity,Tech,4.649256371,Placed,92846.30163,2,1
8.638966606,0,Tier 3,Canada,300+,1,64.64784228,35.00720596,Core CS,Manufacturing,7.194544609,Placed,82675.13007,1,1
5.699606184,3,Tier 2,Germany,300+,2,82.21393815,58.63318185,AI/ML,Other,3.580378531,Placed,88075.87559,2,1
6.554576982,1,Tier 2,Germany,Top 100,4,52.36173795,50.2339218,Core CS,Finance,5.495624916,Placed,96477.01186,2,3
7.026111069,1,Tier 3,Germany,300+,1,81.24222631,88.28517921,Core CS,Other,3.982495019,Placed,66556.77298,1,1
7.248378203,0,Tier 3,UK,100-300,3,88.54056075,80.39025612,Cloud,Finance,4.881268173,Placed,76443.23867,1,2
6.098188966,1,Tier 3,UK,Top 100,1,44.39970099,67.79073525,AI/ML,Consulting,4.167481343,Placed,81113.28952,1,3
6.074446882,1,Tier 2,Germany,100-300,3,65.27145437,53.66452426,Core CS,Tech,5.284907396,Placed,90538.54534,2,2
7.258003728,1,Tier 3,USA,100-300,0,85.60019324,56.12939732,Cloud,Manufacturing,4.375545854,Placed,88523.91262,1,2
5.908715205,1,Tier 2,India,100-300,3,67.54462696,86.1233969,AI/ML,Manufacturing,3.044600202,Placed,47852.15317,2,2
6.5744978,3,Tier 1,USA,Top 100,1,74.5257916,76.90257567,Data Science,Consulting,4.439357123,Placed,120000.0,3,3
6.214140582,2,Tier 3,India,300+,1,88.41440201,49.8724773,Cloud,Other,4.625362882,Placed,41291.38997,1,1
7.979149075,1,Tier 3,Germany,100-300,3,82.9340902,73.85282238,Cybersecurity,Manufacturing,5.798728129,Placed,71959.82988,1,2
5.742864001,4,Tier 1,UK,100-300,1,73.64030035,65.95716476,Data Science,Tech,5.20909675,Placed,120000.0,3,2
6.254103005,0,Tier 3,India,100-300,4,80.14796317,75.1179467,Data Science,Finance,6.617324589,Placed,49406.10253,1,2
7.613110781,3,Tier 3,India,100-300,0,85.53846609,55.9882182,Core CS,Finance,2.653644837,Placed,50522.22948,1,2
7.368637795,1,Tier 3,UK,100-300,1,68.92312925,37.09658616,Core CS,Tech,4.018210878,Placed,78920.87945,1,2
5.782132545,2,Tier 3,Canada,Top 100,2,61.66192632,48.6725559,Core CS,Finance,3.786441758,Placed,70582.02448,1,3
7.638380204,1,Tier 1,Canada,100-300,2,51.96094278,98.78262803,Data Science,Consulting,7.621051702,Placed,120000.0,3,2
7.009735746,2,Tier 3,UK,Top 100,1,72.79347154,86.03126477,AI/ML,Tech,5.714795655,Placed,98255.93101,1,3
6.925700399,0,Tier 3,USA,100-300,5,69.47618622,63.952304,Cybersecurity,Finance,4.989264581,Placed,102396.8854,1,2
6.077532535,2,Tier 1,USA,300+,1,73.96267776,80.80356468,AI/ML,Tech,3.069405852,Placed,120000.0,3,1
7.774235575,1,Tier 2,India,Top 100,0,65.44042705,63.8788406,Data Science,Tech,2.997849687,Placed,65452.58043,2,3
7.259726588,0,Tier 1,USA,300+,1,36.93459766,57.57021329,Data Science,Finance,4.479760545,Placed,120000.0,3,1
7.114392508,0,Tier 1,India,100-300,4,83.04646433,85.68530766,Cloud,Healthcare,4.771672677,Placed,44536.7602,3,2
5.619191505,5,Tier 3,India,Top 100,2,44.90115622,55.60524788,Data Science,Finance,5.525156579,Placed,42342.15283,1,3
8.562485759,0,Tier 2,UK,100-300,1,49.96598121,73.47593624,Cybersecurity,Tech,6.235652711,Placed,112171.8347,2,2
8.228848945,0,Tier 1,Canada,100-300,1,71.6126225,52.67834853,Cloud,Manufacturing,6.271235399,Placed,115534.4648,3,2
6.430957418,1,Tier 2,Canada,300+,1,82.10472601,79.76680187,Cloud,Other,4.476573269,Placed,90471.31365,2,1
7.188978917,3,Tier 2,USA,300+,3,61.91591673,95.7350022,Core CS,Tech,4.376838908,Placed,114776.3671,2,1
6.248675544,2,Tier 1,Canada,300+,3,92.34285242,61.88500261,Cybersecurity,Tech,4.901935966,Placed,108586.1796,3,1
6.692490099,0,Tier 3,USA,300+,2,100.0,95.08220998,Core CS,Other,6.504769677,Placed,83836.55545,1,1
6.835386405,1,Tier 1,USA,100-300,2,61.12538354,54.18951989,AI/ML,Healthcare,4.49283875,Placed,120000.0,3,2
7.964654737,0,Tier 2,India,100-300,2,72.77553914,44.78382184,Core CS,Tech,4.182685534,Placed,54740.74305,2,2
5.90233665,1,Tier 2,India,100-300,4,96.81491075,63.87741904,Cybersecurity,Consulting,4.704531795,Placed,52365.66979,2,2
7.943953704,0,Tier 2,India,100-300,0,98.76093112,87.32006747,Cybersecurity,Consulting,7.143826553,Placed,53350.60717,2,2
8.003614962,0,Tier 1,Germany,300+,1,84.37019202,48.84898966,AI/ML,Consulting,5.762143347,Placed,120000.0,3,1
7.640561558,1,Tier 3,USA,300+,4,75.99387211,63.57381064,Data Science,Consulting,4.331438613,Placed,98970.05738,1,1
8.647876001,0,Tier 3,UK,300+,2,97.62254233,49.5121152,Core CS,Finance,6.554034059,Placed,82195.42003,1,1
7.274341102,0,Tier 2,USA,300+,1,87.86142807,60.53136253,Core CS,Finance,6.573143281,Placed,112715.8278,2,1
7.994775303,0,Tier 1,USA,100-300,5,44.49619904,65.95046385,Core CS,Manufacturing,5.178995601,Placed,120000.0,3,2
6.478489134,2,Tier 1,India,100-300,2,66.01218838,60.86281485,Cybersecurity,Other,4.746187543,Placed,52270.89091,3,2
7.110462727,0,Tier 2,India,100-300,1,67.88917076,81.39941638,AI/ML,Consulting,4.402650108,Placed,53510.99547,2,2
7.04244745,1,Tier 1,USA,100-300,0,66.77567189,60.03027707,AI/ML,Tech,6.453623171,Placed,120000.0,3,2
8.341692696,0,Tier 1,Canada,300+,4,52.10476667,40.29811747,Cloud,Other,2.159162467,Placed,108139.0375,3,1
7.953008545,2,Tier 3,Canada,300+,1,68.62128609,81.48016828,Core CS,Healthcare,3.004493705,Placed,75415.31134,1,1
7.540109645,1,Tier 2,Germany,100-300,4,80.39835442,71.34994467,AI/ML,Manufacturing,5.385574955,Placed,101647.7514,2,2
9.168635439,2,Tier 2,India,100-300,2,71.94396292,85.09285814,Cloud,Consulting,6.61975696,Placed,58716.4214,2,2
6.898074502,2,Tier 2,USA,100-300,1,83.72181874,88.42832105,Cybersecurity,Consulting,6.02285217,Placed,102866.1305,2,2
6.761763075,1,Tier 3,USA,100-300,2,53.20503292,75.37954622,Cybersecurity,Manufacturing,4.210157059,Placed,85772.76951,1,2
7.506580248,1,Tier 1,UK,Top 100,2,63.92525221,59.66191345,Data Science,Manufacturing,6.26825186,Placed,120000.0,3,3
6.689896134,0,Tier 1,UK,300+,2,76.60062122,66.17490333,Core CS,Consulting,2.446960091,Placed,98074.30236,3,1
7.283016505,2,Tier 3,USA,100-300,1,53.00420347,64.04151551,Cybersecurity,Manufacturing,1.760786348,Placed,88708.34731,1,2
8.051259985,0,Tier 1,UK,Top 100,2,80.21359167,50.74540551,Cybersecurity,Healthcare,4.608223694,Placed,120000.0,3,3
6.241001044,0,Tier 1,USA,100-300,1,70.05379223,66.66437749,AI/ML,Healthcare,6.159130599,Placed,120000.0,3,2
7.849005007,1,Tier 1,UK,100-300,3,60.15937508,97.19039308,Cybersecurity,Finance,4.91337369,Placed,120000.0,3,2
6.653288347,0,Tier 3,USA,Top 100,1,67.12915599,66.23182704,Cybersecurity,Manufacturing,5.776608337,Placed,85374.04712,1,3
8.402555842,1,Tier 3,India,Top 100,0,74.67365627,47.6930853,Core CS,Tech,4.241261408,Placed,45547.68939,1,3
6.327605612,2,Tier 3,India,100-300,0,59.96018038,67.78319694,Cybersecurity,Manufacturing,6.857561176,Placed,36578.13325,1,2
7.54979076,1,Tier 1,UK,300+,0,38.00869569,85.67602341,Cybersecurity,Consulting,4.439034303,Placed,109451.3121,3,1
6.651368216,1,Tier 2,Canada,100-300,2,57.70307044,88.17385925,Data Science,Consulting,5.592833715,Placed,107097.6464,2,2
6.326840389,0,Tier 1,Germany,300+,1,75.59801494,68.83241705,Core CS,Healthcare,4.392938172,Placed,90262.1372,3,1
6.617728119,1,Tier 1,UK,Top 100,1,86.12056392,86.29401661,Core CS,Manufacturing,5.071852358,Placed,113415.3084,3,3
6.964314774,0,Tier 3,Canada,300+,2,73.64071631,47.00483115,Cloud,Manufacturing,5.680331721,Placed,70253.99723,1,1
7.018464527,0,Tier 2,USA,300+,3,85.6413601,56.11468981,Cybersecurity,Finance,4.054104119,Placed,110835.153,2,1
7.499922876,0,Tier 1,India,300+,1,78.79101251,41.30786465,Core CS,Finance,6.160012802,Placed,58620.60726,3,1
7.15475886,0,Tier 3,India,100-300,0,90.68879543,53.70542393,Data Science,Healthcare,6.457957351,Placed,41247.13374,1,2
8.047892136,0,Tier 3,USA,Top 100,1,60.3644273,75.4773586,Cybersecurity,Manufacturing,7.884467498,Placed,102376.468,1,3
7.473863638,0,Tier 2,India,100-300,2,81.41888605,45.0627208,Cloud,Consulting,5.319750538,Placed,50487.76835,2,2
6.687673009,1,Tier 2,Canada,100-300,4,75.54507665,99.2920337,Cybersecurity,Consulting,6.339517971,Placed,89910.86544,2,2
7.412915232,2,Tier 2,Canada,Top 100,2,41.13186866,63.73223003,Data Science,Finance,3.683134087,Placed,109940.7062,2,3
6.511058278,0,Tier 2,India,300+,3,69.08508093,65.14813376,AI/ML,Finance,2.778584148,Placed,60886.54898,2,1
8.082455328,0,Tier 2,India,100-300,2,76.11491058,65.04903373,Cloud,Healthcare,4.837690724,Placed,50326.80094,2,2
7.316479068,1,Tier 2,Germany,300+,1,49.46355684,68.66078114,Core CS,Consulting,3.511535012,Placed,81985.64806,2,1
7.027417451,2,Tier 2,Canada,100-300,1,84.46655773,72.17028743,Cybersecurity,Tech,7.23577999,Placed,93153.74647,2,2
5.655303633,2,Tier 2,Canada,Top 100,2,78.13959476,61.71148627,Cybersecurity,Consulting,4.118931736,Placed,81673.021,2,3
7.247781423,2,Tier 2,UK,300+,1,60.22702533,36.69132485,Core CS,Consulting,5.563535225,Placed,90282.11388,2,1
7.471711385,1,Tier 2,India,300+,4,61.96508597,74.6936813,Data Science,Other,4.282500739,Placed,37469.16616,2,1
8.093111529,0,Tier 3,UK,100-300,3,81.0585572,70.35545666,Cloud,Healthcare,4.470981228,Placed,88855.92518,1,2
7.549254197,1,Tier 2,India,Top 100,2,65.03018996,71.72392829,Core CS,Consulting,3.644616259,Placed,53034.35148,2,3
7.592859025,0,Tier 1,Canada,300+,0,89.17374731,78.87771224,Cloud,Manufacturing,5.956764486,Placed,111368.6926,3,1
6.298642332,1,Tier 2,UK,Top 100,2,76.15511416,74.88861191,AI/ML,Consulting,1.0,Placed,105302.1323,2,3
7.528367962,1,Tier 1,USA,100-300,1,77.36822677,85.95405159,Cloud,Manufacturing,5.094200446,Placed,120000.0,3,2
6.691605407,1,Tier 3,India,100-300,0,93.90863886,76.65536064,Cloud,Other,5.826456415,Placed,40729.68994,1,2
7.93419354,1,Tier 3,Germany,Top 100,1,65.31541328,83.61701372,Cybersecurity,Other,3.027783013,Placed,77743.83681,1,3
6.677547306,0,Tier 3,India,300+,1,84.42314177,79.90982554,Cloud,Tech,8.321524079,Placed,38126.40245,1,1
7.43845354,1,Tier 2,UK,300+,2,73.44494006,86.38960478,Core CS,Other,7.396856798,Placed,94658.88006,2,1
6.406090904,0,Tier 1,USA,100-300,1,52.02604211,35.78883365,Data Science,Other,7.791078487,Placed,120000.0,3,2
6.907202342,0,Tier 1,UK,300+,2,70.15874787,56.0565953,Core CS,Tech,7.707313098,Placed,119735.702,3,1
7.030844135,1,Tier 1,UK,300+,2,71.5827119,92.78311832,Data Science,Consulting,6.408541745,Placed,120000.0,3,1
6.802620461,0,Tier 2,Germany,100-300,3,71.17463848,75.81009217,Cybersecurity,Other,7.949564447,Placed,81572.59926,2,2
7.482916591,0,Tier 2,UK,300+,3,50.35646541,61.90771262,Data Science,Healthcare,4.844470335,Placed,106765.2448,2,1
7.287744678,1,Tier 1,UK,100-300,1,60.42513292,71.1690998,Cloud,Healthcare,4.912981646,Placed,112743.7577,3,2
6.420557973,0,Tier 1,Germany,300+,1,38.99525628,95.95429257,Data Science,Finance,2.893979671,Placed,118114.8997,3,1
7.58381835,1,Tier 3,Canada,Top 100,2,77.41673765,34.97169896,Data Science,Other,3.511507676,Placed,84472.40808,1,3
6.255198631,2,Tier 1,India,100-300,5,66.90802447,91.73087017,Cybersecurity,Healthcare,4.252866305,Placed,46297.60454,3,2
7.034424779,0,Tier 2,Canada,Top 100,2,40.37489044,60.0118563,Cloud,Other,6.459477652,Placed,91261.71997,2,3
7.549486329,3,Tier 2,UK,300+,1,46.03221995,65.34820907,Cloud,Tech,3.451830207,Placed,100863.762,2,1
5.34775778,2,Tier 2,Canada,100-300,1,86.66879828,55.99601629,Cloud,Tech,5.045978021,Placed,87041.2273,2,2
8.697305046,0,Tier 2,Germany,100-300,0,74.49251023,55.4456621,AI/ML,Manufacturing,6.853114365,Placed,117448.7627,2,2
7.126475119,1,Tier 2,UK,300+,1,100.0,40.16671071,Data Science,Healthcare,7.765845865,Placed,112042.2447,2,1
6.934484496,2,Tier 2,Germany,Top 100,2,64.49145851,51.09283399,Cloud,Finance,5.825121648,Placed,95269.13415,2,3
7.79295289,2,Tier 3,USA,100-300,1,75.50773089,75.71711018,Cybersecurity,Other,4.487304159,Placed,89399.83584,1,2
7.238300953,3,Tier 1,Germany,100-300,3,45.34623134,52.63115167,Core CS,Other,1.996847591,Placed,104984.0652,3,2
6.91651324,2,Tier 3,India,100-300,1,67.80188824,39.70319523,Cloud,Manufacturing,6.389982147,Placed,35852.88232,1,2
5.816643185,3,Tier 3,Canada,300+,1,80.48050799,89.91857602,Cybersecurity,Other,7.658490383,Placed,66641.62899,1,1
7.111721339,1,Tier 2,Germany,100-300,0,90.82819952,74.88404264,Data Science,Consulting,4.444834907,Placed,98165.77735,2,2
7.052019705,0,Tier 1,Canada,Top 100,0,82.78514018,64.83505678,Cybersecurity,Healthcare,2.457069944,Placed,105736.4187,3,3
7.650624325,1,Tier 2,Canada,100-300,2,71.6934125,63.70560414,Cybersecurity,Tech,6.327598584,Placed,92012.84305,2,2
7.125458413,1,Tier 2,USA,300+,0,98.24277536,82.51756196,AI/ML,Consulting,6.67990457,Placed,113211.0732,2,1
7.224984394,1,Tier 2,USA,300+,0,82.22641433,57.61907939,Core CS,Healthcare,4.324732876,Placed,109382.0608,2,1
7.923755013,2,Tier 2,Germany,Top 100,0,58.7017563,60.56803734,Cloud,Finance,5.429348488,Placed,98211.85751,2,3
8.893931491,0,Tier 2,USA,300+,2,86.68617401,69.88147913,Core CS,Finance,7.045539332,Placed,120000.0,2,1
6.69778809,1,Tier 1,Germany,Top 100,1,45.14136469,100.0,AI/ML,Finance,6.402250975,Placed,120000.0,3,3
7.011203974,0,Tier 1,USA,100-300,1,63.19919993,59.5447036,Cybersecurity,Other,2.497923824,Placed,120000.0,3,2
8.244158827,0,Tier 2,USA,Top 100,4,85.28797564,100.0,AI/ML,Consulting,4.575779865,Placed,120000.0,2,3
9.494144903,1,Tier 3,USA,300+,3,70.43488752,37.64238474,Core CS,Finance,8.505219879,Placed,102602.3324,1,1
6.990365158,0,Tier 1,Canada,100-300,1,69.80874336,72.40108384,Core CS,Tech,5.934452044,Placed,109982.8017,3,2
6.954082029,1,Tier 3,India,100-300,3,92.4903545,62.88188057,Data Science,Other,4.355720791,Placed,44317.1668,1,2
7.529810386,1,Tier 1,Canada,300+,3,67.50577894,100.0,AI/ML,Finance,4.330713442,Placed,120000.0,3,1
8.350038444,0,Tier 2,UK,300+,1,65.82429002,64.67334201,Cloud,Other,8.679543831,Placed,95726.77619,2,1
7.196091427,0,Tier 1,USA,Top 100,4,57.41742378,69.91327285,Cybersecurity,Healthcare,4.724186906,Placed,120000.0,3,3
7.581435237,1,Tier 2,UK,300+,1,92.76818356,71.62139045,Cybersecurity,Finance,4.282448952,Placed,98089.58736,2,1
8.02910571,0,Tier 2,Canada,300+,2,48.89212446,67.92665621,Data Science,Finance,4.355156028,Placed,117330.1502,2,1
7.222042011,0,Tier 1,India,300+,1,80.30586656,52.11230033,Cloud,Manufacturing,4.953687488,Placed,53902.58961,3,1
6.253515138,0,Tier 3,Germany,300+,2,74.99342321,79.29964282,Cybersecurity,Healthcare,4.590857439,Placed,64491.87426,1,1
7.550564245,0,Tier 3,UK,100-300,2,75.46389217,53.08569447,Cybersecurity,Tech,3.897290021,Placed,88110.41829,1,2
6.645114536,0,Tier 3,Germany,300+,3,59.7724741,76.61471069,AI/ML,Healthcare,4.223401821,Placed,84606.85166,1,1
6.485453326,2,Tier 3,India,100-300,2,88.60176268,30.0,AI/ML,Healthcare,8.427796583,Placed,42352.16279,1,2
7.559162457,1,Tier 2,India,100-300,4,68.12583117,74.33968083,AI/ML,Tech,6.450681429,Placed,57824.15337,2,2
6.496769711,1,Tier 3,Canada,Top 100,1,74.99298022,62.3061958,AI/ML,Manufacturing,4.478555432,Placed,85466.49261,1,3
6.905876055,2,Tier 2,Canada,300+,5,67.41302342,90.62838454,Core CS,Other,3.405398671,Placed,84335.42486,2,1
7.0120222,2,Tier 1,UK,300+,1,65.73768027,72.54213135,Core CS,Other,4.623684063,Placed,99829.33859,3,1
5.466120891,1,Tier 1,Canada,300+,3,84.37533096,68.84270779,Core CS,Healthcare,7.316530073,Placed,96160.59347,3,1
7.269022311,1,Tier 1,Germany,300+,1,80.54848464,56.92703984,Cloud,Tech,6.24762547,Placed,100597.9575,3,1
7.845379929,1,Tier 2,UK,300+,1,48.7803573,65.31523116,Cybersecurity,Consulting,5.795421684,Placed,89467.22559,2,1
7.773445683,0,Tier 3,Germany,100-300,1,59.08584358,58.59670171,Data Science,Manufacturing,6.384486893,Placed,81028.88716,1,2
7.575334933,0,Tier 2,India,300+,0,34.81479934,76.2707357,AI/ML,Manufacturing,4.799221501,Placed,58089.56852,2,1
8.45581743,0,Tier 2,Germany,300+,2,72.08009351,72.83659932,Cybersecurity,Healthcare,3.182946515,Placed,91808.40969,2,1
6.933528538,2,Tier 1,Canada,100-300,2,53.27971548,57.97989912,Core CS,Other,4.683643651,Placed,111698.0068,3,2
6.532479219,1,Tier 2,Canada,100-300,3,63.54230781,55.67842718,Core CS,Finance,5.959773133,Placed,92909.65912,2,2
8.96189593,0,Tier 3,Canada,Top 100,1,60.32357577,72.04995447,Core CS,Manufacturing,4.908731649,Placed,82967.16587,1,3
8.586906922,1,Tier 2,UK,100-300,2,48.39827978,41.18162901,Cloud,Finance,6.504853544,Placed,98052.35919,2,2
7.009504348,2,Tier 2,UK,300+,1,77.15458628,66.73673341,Cybersecurity,Consulting,5.0295774,Placed,88220.98797,2,1
7.309268984,2,Tier 3,India,300+,0,79.66335584,53.63631833,AI/ML,Consulting,7.476459986,Placed,46233.14255,1,1
8.087438079,0,Tier 1,Germany,Top 100,0,78.39548208,49.77722653,Cybersecurity,Finance,6.294938474,Placed,110184.8175,3,3
6.882288396,0,Tier 2,USA,Top 100,2,65.71433311,48.91414583,Cloud,Finance,7.110434039,Placed,119288.9652,2,3
7.699191801,1,Tier 2,India,300+,0,50.62206969,68.85446096,Cloud,Tech,3.894313715,Placed,52226.24087,2,1
7.723969633,1,Tier 1,Germany,300+,0,65.4526261,83.95173622,Core CS,Other,4.83501733,Placed,100754.0718,3,1
6.819354601,1,Tier 1,UK,300+,4,79.47287939,99.01298798,Core CS,Manufacturing,6.84605002,Placed,104174.3403,3,1
8.149143616,0,Tier 1,Germany,300+,0,91.7821987,55.14242443,Core CS,Other,5.099540725,Placed,101225.9591,3,1
6.93392594,1,Tier 2,Canada,300+,2,75.63087699,49.26133864,AI/ML,Tech,6.748319765,Placed,101828.0159,2,1
7.615974985,0,Tier 3,Germany,100-300,2,43.5289164,68.63045423,Core CS,Healthcare,4.396175204,Placed,57240.99885,1,2
8.094475389,0,Tier 2,India,300+,1,75.24683255,74.00385926,Data Science,Consulting,7.524261091,Placed,60591.6612,2,1
8.57353357,1,Tier 3,USA,300+,1,53.61241457,30.0,AI/ML,Tech,6.288323532,Placed,119586.0436,1,1
6.968684778,0,Tier 3,Canada,300+,3,68.89915367,66.47634433,Data Science,Healthcare,4.153731097,Placed,83503.07056,1,1
7.999768336,1,Tier 3,Germany,Top 100,0,79.56310648,52.09544775,Cloud,Other,3.331356251,Placed,78365.11628,1,3
6.154802343,2,Tier 3,Canada,100-300,2,79.72944093,31.66301065,AI/ML,Healthcare,8.754504027,Placed,81038.59628,1,2
7.837821127,2,Tier 3,Germany,300+,1,52.03501143,58.46050805,Cloud,Manufacturing,6.229736351,Placed,82381.27525,1,1
7.690749824,1,Tier 2,Germany,100-300,2,62.23894952,92.9395961,Cybersecurity,Manufacturing,8.413278613,Placed,90008.69302,2,2
6.987549529,0,Tier 3,UK,Top 100,1,83.86268158,54.91869838,Data Science,Tech,7.121331707,Placed,104816.5583,1,3
6.499267186,0,Tier 3,USA,300+,3,70.60791879,99.86714833,AI/ML,Manufacturing,4.826981049,Placed,91808.49485,1,1
6.21739605,0,Tier 3,Canada,Top 100,3,71.1405513,99.70806286,AI/ML,Manufacturing,7.102902293,Placed,84748.70264,1,3
6.340310392,2,Tier 2,Canada,100-300,4,68.49674163,69.23445886,Cloud,Tech,2.091087706,Placed,104085.344,2,2
6.427589612,0,Tier 1,Germany,300+,2,73.95405968,92.41306337,Core CS,Manufacturing,4.86007985,Placed,96276.99011,3,1
7.897199369,2,Tier 2,India,100-300,2,35.75621253,90.20859512,AI/ML,Manufacturing,7.704496739,Placed,54389.95725,2,2
6.471179956,2,Tier 2,India,300+,4,66.39945073,52.22231796,AI/ML,Other,4.99002425,Placed,49972.93931,2,1
6.588049035,1,Tier 1,USA,100-300,2,48.42147387,63.69439699,Core CS,Other,4.627265218,Placed,115382.7277,3,2
7.271194811,1,Tier 2,Canada,Top 100,0,84.13340892,59.42150928,AI/ML,Tech,6.916772951,Placed,113932.3948,2,3
7.364999591,1,Tier 3,USA,Top 100,3,41.27896488,66.44625308,Core CS,Healthcare,5.759353931,Placed,96473.09331,1,3
7.817308171,1,Tier 1,Canada,100-300,2,71.14818403,80.20986381,Data Science,Manufacturing,7.788646041,Placed,120000.0,3,2
8.149094427,0,Tier 3,Germany,Top 100,2,79.49705957,88.02247798,AI/ML,Manufacturing,3.250778524,Placed,90688.09355,1,3
6.15985077,1,Tier 1,Germany,Top 100,2,84.76816875,80.20240563,AI/ML,Tech,7.139328168,Placed,120000.0,3,3
6.222161404,1,Tier 2,UK,100-300,0,65.16157474,51.98363687,Data Science,Other,2.716951284,Placed,102637.4189,2,2
6.395196784,1,Tier 3,UK,Top 100,3,69.88684871,67.00754564,AI/ML,Consulting,6.06330609,Placed,94245.3556,1,3
5.442779771,2,Tier 3,Canada,100-300,2,81.39520944,52.84645379,Data Science,Tech,5.422308313,Placed,75240.67478,1,2
6.257424026,0,Tier 1,India,100-300,4,56.84617734,56.7177278,Core CS,Other,5.899044426,Placed,50971.56585,3,2
7.994742622,0,Tier 2,Canada,100-300,1,61.63039075,87.41712587,Data Science,Consulting,7.371598814,Placed,105923.6137,2,2
7.284270556,1,Tier 3,Canada,300+,1,71.00809805,90.05421969,Data Science,Finance,4.983442612,Placed,87918.05553,1,1
6.905866158,2,Tier 2,Canada,100-300,2,74.99463995,82.21970698,Cloud,Finance,7.869331504,Placed,87257.07926,2,2
6.635626355,0,Tier 1,India,Top 100,2,79.87507479,64.6134903,Data Science,Other,4.14378952,Placed,59478.50153,3,3
7.379706788,0,Tier 3,India,100-300,3,83.433676,36.48336823,AI/ML,Finance,3.724349199,Placed,49569.05178,1,2
7.942602278,1,Tier 1,UK,100-300,1,35.00001939,69.93199789,Core CS,Consulting,10.0,Placed,113167.6971,3,2
7.32650873,0,Tier 2,Canada,100-300,1,54.86794216,50.87440144,Cybersecurity,Consulting,8.46430982,Placed,93959.66522,2,2
6.621083634,0,Tier 2,Germany,100-300,0,58.8328426,49.99300926,Cybersecurity,Healthcare,3.646296806,Placed,84782.08742,2,2
9.354438668,1,Tier 1,India,300+,1,60.29392063,43.11655234,Cloud,Healthcare,5.61349928,Placed,64775.77158,3,1
7.579592848,2,Tier 3,UK,300+,3,46.63706254,77.07485031,AI/ML,Tech,5.585024321,Placed,91038.94453,1,1
8.895429841,0,Tier 2,Germany,300+,2,74.20027513,68.85238725,Cloud,Consulting,3.144122196,Placed,98361.08609,2,1
8.116347266,2,Tier 3,Canada,300+,1,70.00719875,65.45278999,Core CS,Tech,5.583505536,Placed,84204.41472,1,1
7.241125656,1,Tier 2,India,100-300,1,100.0,79.51486574,Cloud,Manufacturing,4.013577657,Placed,51772.08604,2,2
6.970735968,0,Tier 3,Germany,300+,0,89.34940362,50.70529335,Cloud,Tech,4.77695522,Placed,66974.16648,1,1
5.609756307,1,Tier 2,USA,100-300,2,80.57895355,73.45884179,Cloud,Tech,5.843302762,Placed,108223.5405,2,2
7.968539642,3,Tier 1,UK,300+,1,66.23694493,59.96470248,AI/ML,Consulting,4.3295762,Placed,120000.0,3,1
6.520288004,1,Tier 3,Germany,300+,0,75.56465186,72.81082668,Data Science,Healthcare,5.09248261,Placed,77602.69136,1,1
7.329562399,3,Tier 1,Germany,100-300,1,77.83280778,61.58635737,Data Science,Manufacturing,7.470511926,Placed,120000.0,3,2
7.681272837,0,Tier 3,Canada,Top 100,2,52.39280504,69.484405,Cybersecurity,Other,7.607338655,Placed,76667.59366,1,3
6.272255649,0,Tier 2,Canada,Top 100,1,77.41273253,76.65849563,Core CS,Consulting,3.324343277,Placed,81046.74568,2,3
6.342267515,0,Tier 3,UK,300+,3,91.22706398,48.02839614,AI/ML,Consulting,5.49628825,Placed,71278.42836,1,1
5.969915773,1,Tier 3,USA,100-300,1,49.54925194,59.16768507,Core CS,Other,6.0122685,Placed,81373.49461,1,2
6.279641231,3,Tier 2,USA,100-300,0,78.64809829,94.47342587,Cybersecurity,Healthcare,2.598892269,Placed,106742.6495,2,2
8.135564545,0,Tier 2,Canada,300+,3,73.16289549,49.98152083,Cybersecurity,Other,5.876870353,Placed,94220.9439,2,1
6.267618377,0,Tier 1,Germany,100-300,4,85.03630503,50.8297646,Core CS,Tech,6.764852454,Placed,105325.3557,3,2
7.101167375,2,Tier 2,USA,100-300,2,72.83866949,31.03674894,AI/ML,Other,5.351153187,Placed,120000.0,2,2
7.691255986,1,Tier 3,Canada,100-300,1,65.65068861,47.09484256,Core CS,Consulting,5.349040392,Placed,84539.48682,1,2
7.244907642,0,Tier 1,UK,100-300,1,79.71733984,53.29939113,AI/ML,Manufacturing,5.67340669,Placed,120000.0,3,2
6.815152371,1,Tier 1,India,300+,1,78.86518635,47.82355299,Cloud,Healthcare,5.710303986,Placed,58838.60949,3,1
8.554823105,0,Tier 2,UK,300+,2,92.26755515,66.87636945,Cybersecurity,Manufacturing,7.146270164,Placed,101638.9617,2,1
6.392261586,0,Tier 2,Germany,Top 100,1,68.01861903,63.97317458,Cloud,Other,3.843092832,Placed,81744.97689,2,3
7.847652458,1,Tier 2,India,300+,1,49.9829798,49.95821849,Data Science,Finance,5.327609937,Placed,66836.2072,2,1
6.555775602,0,Tier 1,Germany,100-300,4,76.98062902,75.46365092,Data Science,Manufacturing,6.21150438,Placed,118292.3202,3,2
7.611370563,0,Tier 1,Canada,Top 100,1,65.32878608,78.86469097,Core CS,Other,4.821848083,Placed,113765.8878,3,3
8.382371068,0,Tier 1,India,100-300,0,78.62229723,92.40067046,AI/ML,Tech,4.044390823,Placed,69397.75713,3,2
6.624522827,0,Tier 1,USA,300+,1,73.07666791,58.50856114,AI/ML,Healthcare,4.342171109,Placed,120000.0,3,1
6.595608196,2,Tier 1,India,300+,2,78.24716896,100.0,Cybersecurity,Healthcare,4.984588267,Placed,56484.70433,3,1
7.167082834,2,Tier 3,UK,300+,3,61.03829215,73.82013985,Cybersecurity,Other,2.508767333,Placed,74463.06597,1,1
7.046570182,2,Tier 2,India,100-300,4,96.33822547,41.24373841,Cybersecurity,Manufacturing,5.975439693,Placed,38992.05849,2,2
7.376386397,2,Tier 3,Germany,100-300,1,77.4197465,58.97160152,Core CS,Manufacturing,5.212312999,Placed,68635.82241,1,2
8.577875583,0,Tier 2,UK,100-300,3,58.35994452,52.89194755,Data Science,Other,7.163962628,Placed,118341.6392,2,2
7.487308415,1,Tier 1,USA,300+,1,78.77733508,73.69536613,AI/ML,Healthcare,7.927304032,Placed,120000.0,3,1
7.457956245,1,Tier 3,Germany,100-300,1,91.91447304,75.13401744,AI/ML,Manufacturing,5.638377677,Placed,82116.011,1,2
7.317637336,0,Tier 1,UK,100-300,0,65.76862438,46.10770501,AI/ML,Manufacturing,4.075710017,Placed,120000.0,3,2
6.800821076,1,Tier 3,Canada,Top 100,0,69.15241745,60.03518722,Core CS,Consulting,4.159382334,Placed,63538.53538,1,3
7.251303597,1,Tier 2,UK,100-300,1,84.76999593,59.86210765,Cybersecurity,Other,4.250112182,Placed,103631.5893,2,2
7.251470947,2,Tier 2,UK,300+,3,54.46795797,80.68314666,Cloud,Manufacturing,4.063388629,Placed,91243.87566,2,1
7.351320107,3,Tier 3,India,Top 100,3,54.43067039,77.1530948,Cybersecurity,Manufacturing,4.672973626,Placed,36463.8433,1,3
7.666543545,0,Tier 2,India,100-300,1,89.90181584,61.96965548,Data Science,Finance,6.575380254,Placed,48822.15357,2,2
8.026235975,0,Tier 1,Germany,100-300,1,94.56929916,59.87652266,Data Science,Other,2.780605848,Placed,119710.1382,3,2
7.062405935,0,Tier 3,Canada,100-300,2,98.78614529,62.52721642,Cybersecurity,Other,5.341926236,Placed,80485.30869,1,2
5.953778748,4,Tier 3,USA,300+,1,89.75986358,58.37657649,Cloud,Finance,5.658021022,Placed,78243.52047,1,1
6.723916723,2,Tier 3,USA,100-300,2,74.27336294,53.9990399,Core CS,Healthcare,6.715167023,Placed,91325.38724,1,2
7.035250054,0,Tier 3,Canada,300+,4,69.71607923,30.3874839,Core CS,Healthcare,5.159026335,Placed,65921.58217,1,1
8.110931616,0,Tier 1,Canada,100-300,2,67.42201821,92.34752869,Data Science,Finance,3.526987122,Placed,120000.0,3,2
7.11390233,1,Tier 1,USA,100-300,0,92.86638087,52.44751061,Cybersecurity,Tech,4.363953361,Placed,120000.0,3,2
7.305082268,4,Tier 1,India,100-300,1,78.51060072,63.48708146,AI/ML,Finance,6.588402642,Placed,60706.4771,3,2
8.09242117,0,Tier 1,Canada,100-300,0,65.59203653,66.64119118,Data Science,Finance,3.797438751,Placed,120000.0,3,2
6.912108702,2,Tier 2,Germany,100-300,1,68.03357732,58.56475403,Cybersecurity,Finance,4.579272983,Placed,90114.16132,2,2
6.852730506,2,Tier 2,Germany,100-300,2,80.32092184,48.23437144,Cybersecurity,Finance,6.370628355,Placed,89796.83463,2,2
8.332482571,0,Tier 2,Germany,100-300,1,71.5285306,83.10176534,AI/ML,Manufacturing,5.355416782,Placed,104881.2539,2,2
6.699599968,0,Tier 3,UK,300+,3,100.0,64.50114576,Cybersecurity,Consulting,4.111743349,Placed,75257.71974,1,1
7.559571398,0,Tier 2,Canada,300+,2,82.31953077,65.45975781,AI/ML,Manufacturing,5.757586913,Placed,101394.1615,2,1
5.49999409,1,Tier 1,USA,100-300,3,78.48439846,82.06077302,Cybersecurity,Other,4.760068072,Placed,108611.0355,3,2
7.943990824,0,Tier 2,UK,100-300,1,60.49482981,53.04731851,Cybersecurity,Consulting,6.352430962,Placed,97107.81388,2,2
7.841768925,1,Tier 3,India,100-300,2,42.98896255,68.60572056,AI/ML,Tech,4.916492878,Placed,59762.63576,1,2
7.077947288,0,Tier 2,Canada,300+,3,100.0,40.57428514,Data Science,Tech,6.602767384,Placed,108478.1155,2,1
7.320000004,0,Tier 1,USA,100-300,0,50.82166605,64.12235146,Core CS,Other,6.455277882,Placed,120000.0,3,2
8.831032529,2,Tier 1,Canada,100-300,2,67.9683237,52.04260883,AI/ML,Healthcare,7.416622651,Placed,120000.0,3,2
7.62562191,0,Tier 3,USA,300+,1,77.27511058,53.81103427,Cybersecurity,Other,3.884158642,Placed,102130.5496,1,1
6.991627897,2,Tier 3,USA,300+,2,91.12841917,74.93767338,Cloud,Tech,8.311291041,Placed,85356.09695,1,1
7.823344349,1,Tier 1,USA,300+,1,54.68579129,73.18549281,Cybersecurity,Tech,3.104614092,Placed,120000.0,3,1
5.564685191,2,Tier 2,UK,100-300,1,81.28774628,60.43579118,Core CS,Manufacturing,3.666049023,Placed,82040.18645,2,2
7.43181161,1,Tier 2,UK,300+,0,72.21328192,79.96517862,Cloud,Manufacturing,6.584559659,Placed,89760.47283,2,1
6.738771318,1,Tier 2,USA,100-300,2,77.89845934,58.66201428,Cloud,Tech,5.293916606,Placed,112391.7854,2,2
6.063260085,3,Tier 2,India,100-300,2,71.38359489,90.77663146,Data Science,Consulting,5.760202749,Placed,50300.85128,2,2
7.161906696,1,Tier 2,India,Top 100,2,57.19742113,75.39760659,Core CS,Finance,7.851089866,Placed,46989.95804,2,3
5.754439131,2,Tier 3,India,300+,1,77.14555402,99.23575857,Core CS,Other,4.522968262,Placed,28649.19534,1,1
7.031771057,1,Tier 1,USA,300+,2,71.20990698,50.12093544,Cloud,Manufacturing,7.263424038,Placed,111096.1278,3,1
6.639204786,1,Tier 1,USA,300+,2,61.92186911,50.5816183,Data Science,Manufacturing,5.224147681,Placed,120000.0,3,1
7.23515951,0,Tier 3,Canada,300+,0,93.2299223,75.01530976,Cybersecurity,Other,7.078927568,Placed,72732.7093,1,1
6.381966311,1,Tier 3,UK,Top 100,0,50.79452797,72.1653074,Data Science,Consulting,4.543776557,Placed,94144.36655,1,3
6.9536288,0,Tier 1,Germany,100-300,0,39.39440434,58.6863478,Cybersecurity,Healthcare,2.231377805,Placed,95531.359,3,2
7.504700483,0,Tier 2,Germany,300+,1,53.01410376,95.16154033,Data Science,Finance,5.94921643,Placed,105391.6414,2,1
8.411931044,0,Tier 1,India,100-300,2,76.98048232,62.66359571,Core CS,Consulting,4.632883987,Placed,58199.61938,3,2
9.233767094,1,Tier 3,India,100-300,0,82.83308661,52.12516398,Core CS,Other,2.934232387,Placed,40023.65547,1,2
7.072934517,0,Tier 2,UK,300+,0,61.41968354,55.9421161,Cloud,Tech,5.786884123,Placed,97280.19655,2,1
7.630563313,1,Tier 3,USA,300+,1,86.90516556,69.65225348,AI/ML,Other,6.40092035,Placed,97271.38729,1,1
8.202187461,0,Tier 2,Germany,Top 100,2,78.66251636,58.08606672,Cloud,Other,5.141753201,Placed,90030.19259,2,3
7.620982804,1,Tier 2,Germany,100-300,0,31.54733341,74.26844408,Core CS,Healthcare,6.346257487,Placed,85089.48678,2,2
6.612853244,0,Tier 1,UK,Top 100,2,67.40623495,60.80285532,Data Science,Other,4.623224603,Placed,120000.0,3,3
7.98974464,3,Tier 3,India,100-300,1,68.51640782,40.33935872,Cybersecurity,Manufacturing,4.772951175,Placed,34212.67573,1,2
6.796419139,1,Tier 2,Canada,300+,0,73.83912291,76.43877894,AI/ML,Consulting,3.205185369,Placed,98374.14632,2,1
6.633579854,1,Tier 3,India,100-300,1,73.25774078,53.42425747,Cloud,Manufacturing,2.867577739,Placed,33706.84588,1,2
7.38026794,1,Tier 3,UK,100-300,2,100.0,59.19248165,Cybersecurity,Tech,5.157218989,Placed,87138.63459,1,2
6.1493164,0,Tier 2,India,Top 100,1,92.8003305,54.01627492,Cloud,Consulting,3.54964315,Placed,50408.89571,2,3
6.272248169,0,Tier 3,Germany,300+,2,91.50582581,82.01713242,Cybersecurity,Consulting,5.168019881,Placed,65533.72577,1,1
7.60760003,0,Tier 2,India,300+,2,76.87353894,84.95549103,Cloud,Manufacturing,4.99548649,Placed,34624.26798,2,1
6.506579711,0,Tier 1,Germany,100-300,1,67.70879403,50.53401396,Cybersecurity,Other,5.494446133,Placed,94515.14408,3,2
6.974366103,1,Tier 3,USA,100-300,2,66.23232583,65.19886335,Cybersecurity,Consulting,5.388044255,Placed,85110.45849,1,2
6.055222013,2,Tier 1,UK,100-300,4,67.59544489,58.08938086,Data Science,Manufacturing,7.741322228,Placed,118414.5419,3,2
8.689037067,0,Tier 2,India,100-300,0,68.4327083,77.42325968,AI/ML,Consulting,4.882102836,Placed,55764.16699,2,2
6.311547677,2,Tier 2,UK,Top 100,0,53.76704456,76.70470368,Data Science,Healthcare,2.866192311,Placed,105215.3169,2,3
6.741566105,1,Tier 3,USA,Top 100,2,63.88179625,62.08608145,Cybersecurity,Manufacturing,6.820294857,Placed,90156.86907,1,3
6.662914554,1,Tier 1,USA,100-300,4,74.80600419,53.52712249,Data Science,Finance,2.600445972,Placed,120000.0,3,2
7.75851436,2,Tier 2,India,Top 100,2,64.75936379,48.86459526,AI/ML,Other,3.895423841,Placed,55417.09757,2,3
6.010817371,1,Tier 1,UK,Top 100,1,91.98525041,59.79285966,Core CS,Consulting,4.914554666,Placed,95589.45061,3,3
8.019552182,0,Tier 3,UK,300+,0,71.10992551,30.0,Core CS,Other,5.009460593,Placed,81248.639,1,1
6.923727127,0,Tier 3,Canada,Top 100,0,77.36156218,86.05282275,Cloud,Tech,3.865648672,Placed,82690.18926,1,3
8.384257452,1,Tier 1,USA,300+,1,58.62807345,45.87926149,Data Science,Consulting,5.432630618,Placed,120000.0,3,1
7.156322577,2,Tier 2,Germany,300+,1,59.87389264,93.08831494,Cybersecurity,Healthcare,7.054095326,Placed,78198.03387,2,1
8.534885067,0,Tier 3,UK,100-300,3,68.64554469,61.73117029,Core CS,Tech,5.694199118,Placed,91248.90172,1,2
6.819605261,0,Tier 3,India,100-300,0,75.12625037,77.2032427,Cybersecurity,Tech,3.87967624,Placed,38921.3997,1,2
7.236409353,0,Tier 2,Germany,300+,3,30.69817715,46.19098113,Cloud,Healthcare,7.586148939,Placed,92789.12152,2,1
6.552963345,1,Tier 2,Canada,100-300,0,100.0,69.05920737,Cloud,Consulting,4.557763654,Placed,90685.48398,2,2
6.729747925,1,Tier 1,Canada,Top 100,2,65.68218486,52.50763254,Data Science,Healthcare,5.249184568,Placed,120000.0,3,3
7.98308524,1,Tier 3,Germany,100-300,1,79.86347179,49.72319088,Data Science,Manufacturing,4.488214076,Placed,89390.89309,1,2
7.368862426,2,Tier 2,India,300+,3,60.18340783,55.5739598,Cybersecurity,Healthcare,6.326137514,Placed,46653.2105,2,1
7.200502586,0,Tier 2,UK,100-300,1,64.03565596,57.42338132,AI/ML,Tech,3.264250191,Placed,115574.6097,2,2
7.646856806,0,Tier 2,Canada,Top 100,0,48.61123355,67.18859582,Cloud,Tech,4.074039972,Placed,99842.69558,2,3
6.788515333,1,Tier 1,Canada,300+,1,66.313284,69.95996399,Core CS,Consulting,5.462339844,Placed,105721.8789,3,1
6.380636945,0,Tier 2,India,300+,1,62.12460162,83.7427194,Cybersecurity,Tech,4.377402352,Placed,44189.25572,2,1
7.001426433,2,Tier 2,Germany,100-300,1,57.93601278,67.60594085,Cloud,Healthcare,5.797564779,Placed,90272.02217,2,2
6.599791187,1,Tier 3,USA,300+,1,61.38910587,59.91920008,Core CS,Finance,5.01239947,Placed,91318.34063,1,1
6.587106687,0,Tier 2,USA,300+,2,54.49509957,92.90801002,Core CS,Manufacturing,7.646077641,Placed,103498.2798,2,1
8.699644984,0,Tier 2,Canada,100-300,1,75.6881533,80.40154285,Cybersecurity,Healthcare,2.51660595,Placed,99771.5895,2,2
6.856304223,1,Tier 3,USA,Top 100,1,47.19681216,43.14783655,AI/ML,Consulting,4.673464418,Placed,102451.082,1,3
8.380555034,0,Tier 2,India,100-300,3,69.46441314,60.89898166,Cloud,Consulting,6.829583563,Placed,49840.9153,2,2
7.097475571,0,Tier 1,Canada,100-300,0,79.6813608,40.21611181,Data Science,Healthcare,6.168452436,Placed,119753.946,3,2
7.079861052,2,Tier 2,India,300+,3,67.74055687,98.9919086,Core CS,Healthcare,6.702293808,Placed,45109.25813,2,1
7.16436455,1,Tier 3,USA,Top 100,4,88.3452111,61.7704557,Data Science,Consulting,4.238648598,Placed,101442.2613,1,3
6.379514716,0,Tier 2,India,300+,1,56.84448847,82.42450181,Core CS,Other,5.733272273,Placed,45568.58863,2,1
6.359731675,2,Tier 2,UK,100-300,2,78.63741425,47.82238151,Core CS,Other,5.421756823,Placed,94767.15461,2,2
6.600810195,0,Tier 1,Germany,100-300,1,65.66755554,64.4897825,Cloud,Consulting,4.710713474,Placed,98556.53997,3,2
8.395889125,1,Tier 2,USA,300+,1,69.41665202,45.16955197,AI/ML,Consulting,7.862387786,Placed,120000.0,2,1
8.923870034,0,Tier 1,Canada,300+,1,86.23108896,85.89870424,AI/ML,Other,9.038545637,Placed,120000.0,3,1
6.628186221,1,Tier 2,UK,Top 100,0,62.92830332,72.68929591,Core CS,Consulting,2.455420277,Placed,101515.8581,2,3
6.058218866,1,Tier 2,Canada,300+,2,56.90220172,72.77316031,Data Science,Tech,5.50534581,Placed,100938.0518,2,1
7.374832129,1,Tier 2,Canada,100-300,2,84.70337554,42.74282016,Cloud,Other,3.988656777,Placed,84805.16598,2,2
8.42632448,0,Tier 2,India,Top 100,2,60.5888987,45.46685919,Data Science,Consulting,5.923367315,Placed,65318.274,2,3
7.536039737,0,Tier 1,UK,100-300,0,73.84384328,70.74455796,AI/ML,Other,3.617690385,Placed,120000.0,3,2
7.788319769,0,Tier 1,India,100-300,2,60.64979091,76.26812377,Data Science,Consulting,3.078590166,Placed,67105.05164,3,2
7.141187347,0,Tier 3,Canada,Top 100,2,62.93452146,57.10198033,Core CS,Finance,4.896328055,Placed,72913.68044,1,3
7.812749779,0,Tier 3,Canada,100-300,2,69.69442954,41.02648377,Cybersecurity,Other,2.340491121,Placed,77023.9363,1,2
6.677296203,2,Tier 2,India,Top 100,4,74.32697576,48.24763341,Data Science,Tech,5.619869409,Placed,57920.81791,2,3
8.008679616,0,Tier 1,Germany,Top 100,2,88.04555769,82.81878433,Cloud,Consulting,5.045133856,Placed,114791.1033,3,3
7.070378838,1,Tier 2,UK,100-300,3,47.99663797,45.27318208,Cybersecurity,Tech,6.099975304,Placed,105904.8811,2,2
6.576801269,1,Tier 3,USA,100-300,2,55.16041539,60.47129598,Cybersecurity,Other,3.031281376,Placed,84176.8834,1,2
6.654835484,0,Tier 2,UK,Top 100,2,75.79862911,79.5799806,Cybersecurity,Finance,5.688504396,Placed,94963.16737,2,3
7.487904038,3,Tier 3,India,100-300,2,59.5318349,74.83056139,Core CS,Other,3.800789478,Placed,34365.68876,1,2
6.968058829,1,Tier 2,Germany,300+,5,81.53669005,67.4869458,Data Science,Tech,3.752198399,Placed,101322.1406,2,1
7.635938491,1,Tier 1,USA,100-300,2,63.18656811,56.94725419,Cloud,Healthcare,4.740951514,Placed,120000.0,3,2
8.079308084,0,Tier 1,India,100-300,0,46.01310078,47.45849649,Core CS,Consulting,9.592281562,Placed,57043.3162,3,2
7.846536075,0,Tier 2,USA,300+,2,63.81837971,46.34629257,Core CS,Other,5.578616021,Placed,101423.9092,2,1
7.376407878,1,Tier 1,Germany,100-300,2,71.44132477,71.97865632,Data Science,Consulting,3.886351677,Placed,120000.0,3,2
7.009490143,0,Tier 2,India,100-300,2,62.20020652,71.63783245,Cloud,Healthcare,3.813634353,Placed,39265.59331,2,2
8.343797906,0,Tier 1,Germany,100-300,4,79.72754201,86.91562862,Core CS,Manufacturing,5.34198603,Placed,103404.4155,3,2
8.533807319,0,Tier 2,Germany,Top 100,2,88.40945117,60.07723514,AI/ML,Tech,3.659243404,Placed,119682.9438,2,3
6.076669292,0,Tier 2,UK,100-300,1,71.11263292,70.60452142,AI/ML,Healthcare,7.838116082,Placed,97185.06561,2,2
7.684161206,1,Tier 2,Canada,300+,1,76.07730048,54.73465118,Cybersecurity,Tech,5.033283221,Placed,96958.96186,2,1
7.211432168,1,Tier 3,India,300+,3,81.58776633,54.40340279,AI/ML,Finance,4.923436405,Placed,45118.12647,1,1
8.051025741,0,Tier 3,Germany,Top 100,1,58.22637482,58.87934706,AI/ML,Finance,6.227663249,Placed,91788.8283,1,3
6.987622687,1,Tier 1,India,100-300,2,70.9168833,71.30186853,Cloud,Tech,4.986568983,Placed,54039.83842,3,2
6.305619662,1,Tier 1,USA,100-300,1,61.25554299,67.56523256,Data Science,Tech,3.475742808,Placed,120000.0,3,2
6.829125406,1,Tier 2,USA,100-300,0,62.99475822,87.24916017,AI/ML,Tech,4.239889684,Placed,120000.0,2,2
6.097127462,0,Tier 3,UK,300+,2,56.24643112,44.55083754,Cybersecurity,Consulting,5.976090494,Placed,63298.82177,1,1
7.290403428,2,Tier 2,India,Top 100,0,68.72521884,75.8649004,Cloud,Healthcare,6.801724379,Placed,41380.27615,2,3
6.71327714,1,Tier 1,Germany,300+,1,58.86905653,54.62795952,Cloud,Finance,5.364825185,Placed,97447.27853,3,1
6.020000089,1,Tier 3,UK,100-300,1,72.86706767,56.47299512,Cloud,Tech,3.664501857,Placed,76452.77775,1,2
7.941226603,1,Tier 1,USA,100-300,1,100.0,69.84262689,AI/ML,Finance,1.546040679,Placed,120000.0,3,2
6.533022293,2,Tier 3,Germany,100-300,0,91.7736035,47.29546344,Core CS,Tech,8.19933149,Placed,78241.25151,1,2
6.131401831,0,Tier 1,Germany,100-300,2,60.15316403,51.36396658,AI/ML,Finance,8.219199413,Placed,119101.7232,3,2
7.023836932,1,Tier 3,Germany,100-300,2,35.52811998,67.77966667,Data Science,Healthcare,5.226367857,Placed,77931.39561,1,2
6.487876435,0,Tier 1,UK,100-300,2,40.29043818,77.52063296,Cloud,Tech,5.093241267,Placed,120000.0,3,2
8.186995128,0,Tier 2,USA,100-300,3,38.42898335,59.66252536,Cloud,Consulting,4.179399645,Placed,117432.0015,2,2
6.550455909,0,Tier 2,Canada,300+,1,65.25776772,70.47456653,Cloud,Healthcare,5.380193156,Placed,86196.75362,2,1
7.951381169,2,Tier 3,India,Top 100,4,93.72059676,41.14650228,Cloud,Healthcare,6.500136736,Placed,43554.61184,1,3
7.533796118,0,Tier 1,India,100-300,2,77.10785855,48.15556035,Cloud,Consulting,6.908126672,Placed,60888.47154,3,2
6.977425697,1,Tier 1,USA,300+,1,67.43255306,68.75495803,AI/ML,Tech,5.014625515,Placed,120000.0,3,1
8.091460995,0,Tier 2,Germany,300+,0,50.06238011,67.66580229,Cloud,Consulting,4.979244398,Placed,88798.19165,2,1
7.530028827,3,Tier 3,India,300+,2,79.64791809,68.19951146,AI/ML,Other,5.05302748,Placed,48466.5356,1,1
6.341715279,1,Tier 3,Canada,100-300,2,39.37715423,65.06306935,Cloud,Other,7.485345195,Placed,69362.77368,1,2
7.317093565,0,Tier 3,Germany,100-300,2,77.30004514,70.27911435,AI/ML,Manufacturing,8.009836263,Placed,70343.57422,1,2
7.486358054,0,Tier 2,India,300+,2,67.04184143,69.00702309,Core CS,Manufacturing,5.289471918,Placed,47568.38224,2,1
6.395600893,1,Tier 1,Canada,100-300,0,84.93894464,89.45504949,AI/ML,Healthcare,5.854943204,Placed,105820.2679,3,2
8.157555317,0,Tier 2,Germany,100-300,0,58.2661457,43.13227721,AI/ML,Manufacturing,6.113170171,Placed,102365.1473,2,2
7.20378491,4,Tier 2,Germany,100-300,2,85.70307722,60.34122423,Data Science,Manufacturing,3.600257849,Placed,100399.1713,2,2
6.896898097,0,Tier 3,UK,300+,2,74.66266537,60.51096923,Cloud,Manufacturing,4.261087708,Placed,74643.67092,1,1
6.592724956,2,Tier 1,Germany,100-300,2,61.54368186,76.95641387,Cloud,Finance,5.390913057,Placed,99621.73248,3,2
6.320716119,2,Tier 2,Germany,100-300,1,87.06820256,90.29263728,AI/ML,Finance,1.969038894,Placed,89700.02402,2,2
6.414996345,1,Tier 1,UK,300+,2,85.0087561,71.21545947,Cloud,Healthcare,5.217440061,Placed,96611.07831,3,1
6.281872492,2,Tier 3,Canada,300+,2,65.83775624,71.04279215,Cloud,Healthcare,5.920650204,Placed,56247.31965,1,1
6.960936131,2,Tier 1,India,Top 100,1,57.6950884,86.94160827,Core CS,Consulting,6.113739065,Placed,49553.80575,3,3
7.188364636,0,Tier 2,India,300+,2,90.92741064,78.84791002,Cloud,Finance,3.254603967,Placed,43407.56766,2,1
8.204049631,0,Tier 2,UK,Top 100,4,83.28828464,62.21410831,Core CS,Manufacturing,3.633823351,Placed,101990.8883,2,3
8.196024248,0,Tier 2,USA,300+,0,48.26333418,67.8275462,AI/ML,Tech,6.052694598,Placed,120000.0,2,1
6.596293006,0,Tier 2,Germany,Top 100,2,61.48939623,66.42051844,Data Science,Consulting,6.428701435,Placed,96753.48265,2,3
9.177529718,2,Tier 1,USA,300+,1,91.67876129,64.47582249,Core CS,Tech,4.416326619,Placed,120000.0,3,1
7.675564698,2,Tier 1,Germany,100-300,5,74.58500607,66.87326842,Data Science,Finance,5.478657506,Placed,120000.0,3,2
7.881390289,1,Tier 2,USA,Top 100,0,81.70599694,44.86070514,AI/ML,Manufacturing,5.477049402,Placed,120000.0,2,3
7.393594789,0,Tier 1,Canada,Top 100,1,100.0,49.73540077,Core CS,Consulting,5.619451587,Placed,104178.6797,3,3
5.714994569,2,Tier 2,UK,100-300,0,66.04381578,44.22833435,Cloud,Finance,6.77097871,Placed,100147.5024,2,2
7.315966376,1,Tier 2,India,100-300,5,39.32618452,60.45165676,Cybersecurity,Tech,6.178509438,Placed,47773.30007,2,2
7.858343692,1,Tier 1,Canada,Top 100,2,55.6623262,62.62888674,Cybersecurity,Healthcare,4.078756534,Placed,117232.3589,3,3
7.772261334,2,Tier 1,India,100-300,0,55.92935662,85.4756017,Cybersecurity,Consulting,5.646781774,Placed,53420.78612,3,2
8.481632036,0,Tier 2,UK,Top 100,2,52.60340533,67.12198913,Cybersecurity,Other,8.738273812,Placed,101171.9665,2,3
6.66577359,1,Tier 2,USA,300+,1,52.53355208,41.67531156,Cybersecurity,Consulting,2.886744668,Placed,103254.6085,2,1
6.710697513,0,Tier 1,Germany,100-300,1,100.0,62.62652475,Core CS,Healthcare,4.162759645,Placed,93016.64789,3,2
8.148456795,0,Tier 3,USA,Top 100,1,66.86147025,47.16634996,Core CS,Manufacturing,7.980601033,Placed,97190.09607,1,3
7.071516223,2,Tier 1,USA,Top 100,0,79.75104142,62.07173875,AI/ML,Other,8.791789017,Placed,120000.0,3,3
6.645928566,1,Tier 3,UK,Top 100,1,92.01658653,53.55094304,Core CS,Manufacturing,5.627527921,Placed,65831.44278,1,3
7.006182315,0,Tier 1,USA,Top 100,0,98.72744661,89.66128971,Core CS,Consulting,3.875883137,Placed,120000.0,3,3
6.557944523,1,Tier 1,USA,100-300,3,77.59284399,76.70434718,Core CS,Healthcare,3.439524944,Placed,120000.0,3,2
5.501595335,2,Tier 1,Germany,Top 100,2,63.27921778,87.37244333,Cloud,Manufacturing,3.560673694,Placed,105731.1034,3,3
8.635585246,1,Tier 2,India,100-300,3,84.31210347,47.75717925,Cybersecurity,Other,4.422368439,Placed,46221.37669,2,2
6.20221737,2,Tier 3,UK,300+,1,89.35631779,54.70873338,Cloud,Finance,8.383018183,Placed,74566.78088,1,1
7.882976011,2,Tier 2,India,300+,2,66.83315244,61.33266031,Cloud,Tech,5.485753772,Placed,57072.93402,2,1
6.692408703,0,Tier 3,India,300+,1,88.11607565,68.18593634,Cloud,Healthcare,5.559266642,Placed,33299.86999,1,1
6.949288118,0,Tier 3,Canada,100-300,4,30.0,63.85255488,Cybersecurity,Other,5.584602028,Placed,68689.89958,1,2
7.866866482,3,Tier 2,UK,Top 100,3,58.88637521,66.5893982,Core CS,Healthcare,3.084553003,Placed,102212.2588,2,3
6.733231445,1,Tier 1,USA,300+,1,58.41908863,59.03062742,Core CS,Finance,2.994954642,Placed,120000.0,3,1
8.215961605,0,Tier 2,India,300+,2,58.45822536,79.35884438,Cybersecurity,Finance,3.981673554,Placed,53923.83981,2,1
7.60782979,1,Tier 2,Canada,Top 100,2,65.71947617,55.99441592,Data Science,Finance,5.993604107,Placed,119759.1286,2,3
6.328377954,0,Tier 3,USA,300+,0,81.91698419,43.84922086,Core CS,Other,7.74756027,Placed,83206.36822,1,1
8.097817053,0,Tier 3,Germany,300+,1,57.29793221,63.48593085,Core CS,Consulting,2.461013613,Placed,76851.04761,1,1
7.113635583,2,Tier 3,India,Top 100,1,71.92892024,72.37203064,Core CS,Consulting,5.945068878,Placed,43905.57907,1,3
6.461675734,1,Tier 1,India,100-300,2,51.88105889,59.87246626,Core CS,Tech,5.533361743,Placed,53723.39445,3,2
7.530272874,3,Tier 1,Canada,300+,3,41.00272387,55.20096977,Data Science,Finance,2.708127354,Placed,115645.3157,3,1
7.714550678,0,Tier 1,UK,Top 100,5,30.0,47.91867594,Cloud,Manufacturing,5.888220657,Placed,105947.31,3,3
6.612786301,1,Tier 2,USA,Top 100,1,76.39636641,71.81066148,Cybersecurity,Consulting,5.673861042,Placed,112539.6608,2,3
6.966992278,2,Tier 1,Germany,100-300,3,93.47343271,92.99333828,Cloud,Other,6.089951271,Placed,96256.74539,3,2
7.59979638,0,Tier 1,Canada,100-300,2,80.86139115,55.66551784,Data Science,Consulting,6.961480643,Placed,120000.0,3,2
7.267461644,2,Tier 2,Germany,100-300,0,85.26448515,67.29111543,AI/ML,Consulting,6.469472974,Placed,104230.4117,2,2
6.768014916,0,Tier 3,India,100-300,3,80.13647958,64.7374281,Core CS,Manufacturing,2.740197373,Placed,35153.03895,1,2
6.329199507,3,Tier 2,India,300+,1,65.60734151,54.35673569,Core CS,Consulting,4.976230377,Placed,41370.21911,2,1
6.828369868,0,Tier 2,USA,300+,1,77.43085548,48.94634424,Cybersecurity,Tech,4.416404987,Placed,112215.6862,2,1
6.438968343,2,Tier 3,UK,100-300,2,73.25811715,89.73722522,Cloud,Consulting,7.300918997,Placed,69187.24974,1,2
6.82790896,1,Tier 1,Canada,300+,1,76.04836099,61.02072787,Cybersecurity,Finance,7.509296693,Placed,103224.4979,3,1
8.233821302,3,Tier 2,USA,300+,2,66.98737801,76.37359465,Core CS,Tech,6.886689654,Placed,120000.0,2,1
7.795481216,0,Tier 2,Canada,300+,2,35.22981781,97.42018417,AI/ML,Tech,5.835676717,Placed,109192.0928,2,1
7.72181712,2,Tier 2,Canada,100-300,4,68.40547104,44.51566676,Cybersecurity,Finance,7.040045659,Placed,98723.95254,2,2
6.843125431,0,Tier 2,Germany,100-300,2,58.06274641,87.00395353,Cybersecurity,Other,5.435777311,Placed,87802.1674,2,2
7.327748275,2,Tier 1,Canada,100-300,3,89.33417142,64.49686572,Cloud,Consulting,6.384346269,Placed,112594.4227,3,2
8.194402484,1,Tier 2,India,Top 100,2,67.71009572,84.62105196,Data Science,Manufacturing,4.77488298,Placed,67172.786,2,3
6.871895888,2,Tier 1,Canada,300+,2,78.63241957,80.11617629,Cloud,Consulting,5.112562985,Placed,99822.09438,3,1
8.164480383,1,Tier 3,India,100-300,1,70.13250696,64.1606595,AI/ML,Finance,4.384540179,Placed,51670.30272,1,2
5.872864718,2,Tier 1,India,300+,2,78.87767965,82.49411764,Cybersecurity,Finance,6.628102258,Placed,53492.79237,3,1
7.355916716,1,Tier 2,UK,300+,3,85.66319113,61.92261254,Data Science,Healthcare,8.65654207,Placed,112210.7369,2,1
7.680575516,3,Tier 2,Germany,300+,3,77.75370293,79.88114483,AI/ML,Consulting,4.114994418,Placed,98265.16655,2,1
7.713490418,1,Tier 2,Germany,Top 100,2,83.13717297,56.91045809,Cybersecurity,Manufacturing,6.837222113,Placed,99158.88461,2,3
6.109364133,0,Tier 2,USA,100-300,2,85.94309594,83.0151034,Data Science,Tech,5.305647548,Placed,120000.0,2,2
6.47437181,0,Tier 1,USA,100-300,1,86.48921147,84.70381274,Cloud,Other,4.441353729,Placed,120000.0,3,2
7.795646589,2,Tier 2,Germany,100-300,2,69.51564303,55.30742693,Data Science,Other,6.554985791,Placed,97415.7061,2,2
6.390591703,3,Tier 1,India,Top 100,1,90.72290899,40.12040657,Cybersecurity,Finance,4.910202125,Placed,55352.18211,3,3
6.760243155,2,Tier 2,USA,100-300,3,65.60362463,69.03551882,Cloud,Consulting,4.799438673,Placed,104837.0816,2,2
8.260700648,0,Tier 3,UK,300+,0,90.49616717,71.05451573,Cloud,Consulting,5.300332676,Placed,72963.20641,1,1
6.9617606,0,Tier 3,UK,100-300,1,94.21495964,80.81988745,Cloud,Healthcare,3.933538933,Placed,75797.00247,1,2
6.41858069,1,Tier 3,Germany,100-300,2,83.24921129,83.49009092,AI/ML,Consulting,6.728551129,Placed,76535.22512,1,2
6.297906115,2,Tier 3,USA,100-300,2,85.85949083,73.76017079,Data Science,Finance,5.03016081,Placed,94882.89132,1,2
6.802131229,1,Tier 1,USA,100-300,2,78.88458061,68.39605787,Cloud,Finance,3.600707607,Placed,120000.0,3,2
7.266584428,1,Tier 3,Germany,300+,3,94.43519395,68.04469239,Cybersecurity,Healthcare,8.833143533,Placed,70680.26191,1,1
8.039319856,1,Tier 3,USA,300+,3,55.11063045,53.74439349,Cloud,Consulting,5.460020673,Placed,92766.62312,1,1
7.534038464,1,Tier 2,USA,300+,1,89.44113573,45.57003016,Cybersecurity,Manufacturing,5.823726427,Placed,105394.0223,2,1
6.428747906,3,Tier 2,UK,100-300,0,34.23460796,58.59231414,Core CS,Tech,6.014909776,Placed,93867.25035,2,2
6.862366913,0,Tier 3,Germany,100-300,2,85.4403319,75.4709806,AI/ML,Consulting,5.144805155,Placed,83049.30636,1,2
8.150535361,0,Tier 1,Canada,100-300,1,47.03950546,88.90212424,Cloud,Finance,4.135525094,Placed,112977.6209,3,2
7.010017491,1,Tier 1,UK,300+,3,57.48347396,70.88286909,AI/ML,Tech,6.735591862,Placed,120000.0,3,1
8.309769316,0,Tier 3,India,100-300,0,83.83701953,86.81484932,Core CS,Manufacturing,3.751690939,Placed,48050.60632,1,2
7.298118549,0,Tier 3,Germany,100-300,3,59.62936878,76.50351479,Cloud,Consulting,4.82513266,Placed,75109.91229,1,2
7.133194502,2,Tier 1,UK,Top 100,2,69.78102544,53.91793353,AI/ML,Manufacturing,8.466384207,Placed,120000.0,3,3
8.234189094,0,Tier 3,Germany,100-300,0,68.25823361,56.03981797,AI/ML,Consulting,5.656429173,Placed,81369.98416,1,2
6.676674272,1,Tier 1,Canada,100-300,3,68.68966806,67.91375298,Data Science,Consulting,4.694512593,Placed,115676.992,3,2
7.094165935,1,Tier 2,UK,300+,1,77.47150839,82.25852306,Cybersecurity,Other,6.051138775,Placed,90705.85823,2,1
9.168265315,0,Tier 2,Germany,100-300,1,67.92685572,37.61493047,Cloud,Tech,7.760027374,Placed,105923.1467,2,2
7.415896814,1,Tier 3,UK,100-300,4,83.555002,55.07592371,Cybersecurity,Consulting,3.399779686,Placed,72351.00599,1,2
7.168006646,0,Tier 3,UK,300+,2,60.60296268,90.88827852,Cybersecurity,Tech,7.063425353,Placed,86490.71581,1,1
7.492131187,0,Tier 2,India,300+,1,70.87983867,54.79173509,Cybersecurity,Healthcare,5.496108239,Placed,49229.92902,2,1
7.567528784,1,Tier 2,India,300+,5,32.43702028,38.25899549,Core CS,Tech,3.989046417,Placed,50328.5902,2,1
6.495007091,1,Tier 2,USA,100-300,4,89.56397145,47.03421031,Core CS,Tech,3.625798308,Placed,112809.4913,2,2
7.479560549,0,Tier 1,Canada,Top 100,3,64.86240761,35.29043899,AI/ML,Consulting,6.937244292,Placed,120000.0,3,3
6.352087921,0,Tier 3,Canada,Top 100,2,76.27190139,60.77487899,Cloud,Finance,3.603762394,Placed,74837.00206,1,3
8.135228489,0,Tier 1,UK,300+,0,37.25631533,82.63944602,Core CS,Tech,4.508355239,Placed,120000.0,3,1
7.234681629,0,Tier 3,Germany,Top 100,1,57.77713634,68.21347472,AI/ML,Tech,3.887128916,Placed,93401.95949,1,3
7.58385549,1,Tier 3,USA,300+,3,78.092712,80.76636629,Cybersecurity,Healthcare,7.481348346,Placed,84475.00645,1,1
8.11353671,0,Tier 3,Canada,300+,2,62.26040177,62.27399331,AI/ML,Manufacturing,3.641549883,Placed,96977.44757,1,1
7.017511057,0,Tier 2,UK,300+,5,62.5102793,41.72775629,Data Science,Consulting,4.90308434,Placed,100294.0958,2,1
7.253561606,0,Tier 3,India,300+,2,76.21270884,75.27735972,Cybersecurity,Other,5.461957091,Placed,34300.65623,1,1
7.648021791,0,Tier 2,Germany,300+,1,84.22188535,79.71507839,Core CS,Finance,4.533509789,Placed,84168.04697,2,1
7.04324133,1,Tier 1,India,Top 100,1,99.19410644,47.69615117,AI/ML,Finance,8.152864957,Placed,67588.00048,3,3
7.100438869,1,Tier 1,Germany,100-300,2,67.73466635,53.48836948,Core CS,Healthcare,4.542223554,Placed,108195.3482,3,2
6.235153159,0,Tier 1,UK,300+,0,69.45826954,71.36494388,AI/ML,Consulting,2.802054461,Placed,111565.6236,3,1
8.854109431,0,Tier 1,India,Top 100,1,68.44798046,39.28301688,Cybersecurity,Manufacturing,4.389488962,Placed,63642.71779,3,3
5.874165245,3,Tier 3,UK,100-300,2,50.97018038,51.84010049,AI/ML,Tech,4.84264193,Placed,94359.82993,1,2
8.051381261,0,Tier 3,Canada,300+,2,47.95360066,69.35337218,Core CS,Healthcare,3.211553645,Placed,67863.23378,1,1
8.174280356,0,Tier 2,India,100-300,2,56.68378108,89.16497947,Core CS,Finance,5.93571712,Placed,52749.73133,2,2
6.975789554,2,Tier 2,India,100-300,0,62.21204294,76.752271,Cybersecurity,Consulting,4.541497844,Placed,47956.84255,2,2
9.07905832,0,Tier 3,Canada,100-300,0,71.44116862,35.97941187,Cloud,Manufacturing,10.0,Placed,87770.12389,1,2
7.555058763,0,Tier 3,Germany,100-300,3,69.26674548,57.9053716,Cybersecurity,Other,4.986153598,Placed,72226.7124,1,2
7.933222669,2,Tier 3,USA,300+,3,94.25661299,82.31445498,Data Science,Consulting,7.626347611,Placed,105852.42,1,1
7.355316137,0,Tier 3,India,300+,2,84.21378871,58.82465889,Cloud,Healthcare,6.613926645,Placed,29465.48778,1,1
6.184904034,1,Tier 3,USA,300+,5,81.29593113,60.40419988,Cloud,Finance,3.728676129,Placed,89313.81254,1,1
6.817783217,0,Tier 1,UK,Top 100,4,59.92368411,54.4588812,Cybersecurity,Healthcare,7.172107518,Placed,120000.0,3,3
6.247987254,0,Tier 3,Canada,100-300,1,74.05906819,87.25979022,Cybersecurity,Healthcare,3.643674962,Placed,74433.32197,1,2
7.812176713,2,Tier 2,UK,300+,2,93.9857034,66.50560839,Cloud,Other,5.366362009,Placed,92641.06665,2,1
7.086387137,1,Tier 2,Canada,300+,1,87.57280777,55.78888091,Data Science,Tech,3.932406567,Placed,108698.97,2,1
9.085487331,0,Tier 2,USA,300+,3,75.98304304,76.97483956,AI/ML,Finance,2.995577369,Placed,120000.0,2,1
7.047753504,1,Tier 3,Canada,300+,2,66.04761009,69.84421873,Cybersecurity,Consulting,4.129741951,Placed,80532.45629,1,1
6.489753046,0,Tier 2,Germany,300+,0,71.19888864,78.23920175,Cybersecurity,Finance,4.409282099,Placed,91368.55847,2,1
6.95373071,3,Tier 2,USA,100-300,1,81.74780031,75.63669026,Data Science,Consulting,4.77828321,Placed,119887.6133,2,2
6.639838487,0,Tier 3,Canada,300+,3,76.53866401,48.08182922,AI/ML,Consulting,6.228151023,Placed,74880.37986,1,1
7.954869228,2,Tier 3,UK,300+,2,68.6520166,60.64041153,Core CS,Manufacturing,6.594363118,Placed,83399.67772,1,1
5.927609087,2,Tier 2,USA,Top 100,2,57.2160858,83.2812194,Cloud,Tech,4.186260783,Placed,114386.5056,2,3
6.744138978,3,Tier 1,India,300+,2,64.32436657,89.98707223,AI/ML,Consulting,3.928238473,Placed,62321.45126,3,1
7.115448016,1,Tier 1,Germany,100-300,1,77.11560377,73.82895034,Cloud,Other,4.358393255,Placed,102610.5881,3,2
5.533035386,2,Tier 2,UK,300+,3,70.08551903,74.84865727,Cloud,Tech,5.242848033,Placed,97561.4357,2,1
6.333121374,0,Tier 2,USA,100-300,0,83.22187673,55.49949306,Core CS,Other,5.432623414,Placed,98356.2024,2,2
6.363223701,2,Tier 2,India,Top 100,5,52.29028848,81.29603517,Core CS,Other,3.563668247,Placed,48370.5836,2,3
6.871552312,1,Tier 3,USA,100-300,3,72.13326952,94.09521689,Cybersecurity,Manufacturing,1.446346869,Placed,94948.88844,1,2
6.555771118,0,Tier 3,USA,100-300,1,64.98322516,68.85335887,Core CS,Manufacturing,6.726832804,Placed,97341.64327,1,2
7.342370101,2,Tier 3,India,100-300,2,66.59899679,52.83512659,Core CS,Healthcare,5.556083979,Placed,41389.58001,1,2
8.378459774,1,Tier 3,USA,100-300,4,69.74346232,61.54472913,AI/ML,Other,7.290460945,Placed,105989.3167,1,2
8.311405213,0,Tier 2,Canada,100-300,3,58.09452393,47.00509122,Data Science,Consulting,6.888830147,Placed,109240.5403,2,2
7.461657747,1,Tier 1,India,300+,0,74.32277092,44.28926243,Cybersecurity,Finance,4.419942835,Placed,55572.35079,3,1
7.124124274,0,Tier 2,Canada,300+,2,74.18070523,77.00542974,Core CS,Other,3.555617266,Placed,92286.21776,2,1
7.094070904,1,Tier 3,UK,Top 100,1,65.26777399,74.21392749,Cloud,Manufacturing,5.286082041,Placed,81847.91838,1,3
7.121125917,2,Tier 1,Canada,Top 100,1,64.89010794,49.43521551,Cloud,Tech,5.769843144,Placed,120000.0,3,3
6.282905962,0,Tier 2,Germany,100-300,0,73.78226388,61.67516909,AI/ML,Healthcare,6.502289733,Placed,93987.79027,2,2
7.187407412,1,Tier 1,Canada,300+,0,70.37770705,65.03075383,Cloud,Tech,3.631861416,Placed,114783.3548,3,1
7.479197073,1,Tier 2,India,100-300,2,60.6249474,54.92476864,Cloud,Consulting,7.414915723,Placed,47037.99775,2,2
7.770002074,3,Tier 1,India,100-300,0,89.82499905,42.88550846,Cloud,Finance,4.590228747,Placed,59397.62778,3,2
7.932475916,2,Tier 2,Germany,100-300,3,79.6786822,50.79656889,Cloud,Consulting,2.006877056,Placed,81571.19995,2,2
6.952933717,0,Tier 3,Canada,100-300,1,79.49891988,62.72475411,Data Science,Healthcare,3.588645315,Placed,83628.36214,1,2
7.152899387,2,Tier 3,Germany,300+,2,68.62213752,74.39750225,AI/ML,Tech,6.019304689,Placed,90058.27479,1,1
6.080234022,2,Tier 2,Canada,300+,4,69.67256902,82.979363,AI/ML,Healthcare,4.694195933,Placed,96886.65524,2,1
6.845112391,0,Tier 2,Canada,100-300,3,68.36260719,83.22258539,Core CS,Consulting,3.654298735,Placed,88903.46409,2,2
6.783785917,1,Tier 2,Canada,100-300,2,54.52680301,71.69821594,Data Science,Consulting,1.935386751,Placed,100608.5973,2,2
7.174174561,3,Tier 2,Canada,Top 100,2,62.0669967,78.22943323,Core CS,Tech,6.367051282,Placed,99470.2527,2,3
6.340279728,1,Tier 3,India,300+,3,100.0,65.01742845,Cybersecurity,Tech,4.121078134,Placed,37471.74084,1,1
7.562793719,0,Tier 1,Germany,300+,1,84.66446074,53.38065121,Cybersecurity,Finance,6.269381427,Placed,111244.8634,3,1
6.937742851,0,Tier 2,Canada,100-300,0,61.50585926,73.25421837,Cybersecurity,Tech,3.825607582,Placed,100154.9707,2,2
6.779238839,1,Tier 2,Germany,100-300,1,41.38648627,73.91238242,Cybersecurity,Tech,3.797083357,Placed,91941.58122,2,2
6.710620931,1,Tier 2,UK,100-300,2,77.77319033,73.65095095,Data Science,Healthcare,3.091841897,Placed,109459.6388,2,2
6.949684906,1,Tier 3,USA,300+,2,80.91142828,73.70596475,Cloud,Manufacturing,5.268736046,Placed,93042.3382,1,1
6.641697884,0,Tier 2,India,100-300,1,89.97294198,87.34569881,Core CS,Finance,5.919769444,Placed,50850.45153,2,2
6.683773162,3,Tier 2,Germany,300+,3,66.17211993,49.57852156,AI/ML,Other,7.116696354,Placed,96041.24534,2,1
8.274371277,1,Tier 3,Canada,100-300,1,83.70983227,65.59645196,AI/ML,Consulting,6.163404115,Placed,86044.50903,1,2
8.172168403,1,Tier 1,Germany,Top 100,1,81.36394561,51.95997644,Cybersecurity,Consulting,3.834357964,Placed,114986.8276,3,3
6.286765208,0,Tier 3,USA,300+,2,82.85957614,74.69591003,Cybersecurity,Finance,6.708504695,Placed,86246.0651,1,1
7.055763416,1,Tier 1,India,Top 100,1,51.42747232,82.86004835,Data Science,Finance,5.245876106,Placed,68272.91934,3,3
6.479474703,1,Tier 2,India,300+,2,89.29446894,75.45169558,Cloud,Manufacturing,6.168846293,Placed,48254.55233,2,1
6.738681949,0,Tier 2,USA,100-300,2,73.4175869,45.92549713,AI/ML,Healthcare,4.30868349,Placed,120000.0,2,2
6.753942866,2,Tier 1,India,100-300,0,62.75851569,100.0,Cloud,Healthcare,5.131549479,Placed,49196.92673,3,2
7.28818083,0,Tier 1,Canada,100-300,2,88.96889338,58.17568772,Data Science,Other,3.44070046,Placed,120000.0,3,2
6.31592362,0,Tier 3,UK,Top 100,3,48.99476115,70.00505617,Cloud,Manufacturing,6.987141313,Placed,76545.4101,1,3
6.485778894,0,Tier 2,USA,Top 100,1,56.37145526,88.7135482,Cloud,Healthcare,4.812005293,Placed,105160.9475,2,3
6.632898524,0,Tier 1,Canada,300+,3,99.31498385,68.40207278,Cybersecurity,Tech,5.540908587,Placed,109624.0533,3,1
6.185932178,0,Tier 1,Canada,Top 100,2,61.19082116,61.73576828,Cybersecurity,Finance,4.656456696,Placed,110626.469,3,3
7.648208036,0,Tier 2,Germany,Top 100,0,72.10352847,66.52196544,AI/ML,Manufacturing,4.262277148,Placed,100895.7767,2,3
6.075638565,1,Tier 2,Germany,300+,1,63.96835502,64.70991596,AI/ML,Other,6.498905729,Placed,88377.05074,2,1
7.580064836,0,Tier 1,UK,Top 100,0,58.55388109,79.56205645,Data Science,Healthcare,5.341633907,Placed,120000.0,3,3
8.221450131,0,Tier 2,Canada,100-300,0,79.51918344,72.61526925,Cloud,Finance,6.864815717,Placed,89768.40513,2,2
8.522046564,0,Tier 2,Germany,Top 100,5,69.18035083,79.6171567,Data Science,Tech,6.271661905,Placed,120000.0,2,3
9.292169618,0,Tier 2,USA,100-300,3,60.39270117,65.85688667,AI/ML,Other,7.066667017,Placed,120000.0,2,2
6.27840588,1,Tier 1,UK,Top 100,2,58.79185293,82.27143065,Cloud,Finance,6.165832061,Placed,114846.6302,3,3
9.259376341,0,Tier 2,USA,100-300,3,55.50070653,72.41434319,Cloud,Healthcare,6.065656203,Placed,120000.0,2,2
6.526027636,0,Tier 3,Canada,Top 100,3,66.50986318,48.47900376,Core CS,Manufacturing,5.501421329,Placed,74597.92142,1,3
7.2616579,1,Tier 3,Germany,100-300,3,62.57976013,72.8266887,Core CS,Consulting,8.103556537,Placed,65861.57194,1,2
7.319235313,3,Tier 1,UK,100-300,3,53.47915123,65.16052845,Core CS,Tech,5.68796987,Placed,120000.0,3,2
8.028465787,0,Tier 1,UK,300+,2,100.0,56.4928188,Core CS,Finance,6.627729233,Placed,114171.1475,3,1
7.113276629,1,Tier 1,India,Top 100,1,65.79417233,63.68932101,Core CS,Consulting,4.381045004,Placed,47806.61951,3,3
7.467619241,1,Tier 1,Canada,100-300,2,81.85052068,61.58745374,Core CS,Other,5.205263946,Placed,107295.2394,3,2
7.133310316,0,Tier 1,India,300+,1,62.93438319,78.71479578,AI/ML,Tech,5.808284387,Placed,66826.62662,3,1
7.847960136,1,Tier 1,Canada,100-300,1,59.906504,60.18999769,Cloud,Tech,5.23691545,Placed,120000.0,3,2
5.451656032,2,Tier 3,Canada,300+,1,56.23658813,72.44209787,Core CS,Tech,2.818199288,Placed,67087.89081,1,1
8.064345876,4,Tier 2,Germany,100-300,0,68.6993676,42.57479001,Cloud,Tech,5.594936581,Placed,98002.37288,2,2
6.611457004,0,Tier 3,Germany,100-300,4,69.04142132,95.05547652,Core CS,Manufacturing,8.440421757,Placed,66002.79533,1,2
6.099851119,0,Tier 1,Canada,300+,2,71.45508712,60.80838903,Cybersecurity,Manufacturing,5.199281732,Placed,93362.10788,3,1
6.060901339,0,Tier 2,India,100-300,4,59.12188239,65.45227954,Cloud,Manufacturing,5.721654422,Placed,39351.32524,2,2
7.890107444,1,Tier 3,Germany,300+,0,87.39914098,57.29309275,Cloud,Tech,5.959314779,Placed,74492.52944,1,1
7.068475763,1,Tier 1,Germany,300+,0,76.50920935,69.00132486,Cybersecurity,Manufacturing,3.395032186,Placed,98852.73118,3,1
6.777301626,1,Tier 1,Canada,Top 100,1,66.01458084,30.0,Core CS,Healthcare,4.197666321,Placed,103205.6435,3,3
7.618278271,0,Tier 3,UK,100-300,2,43.36561673,80.50025721,Data Science,Finance,4.740418569,Placed,106071.5406,1,2
7.62652791,3,Tier 2,Canada,Top 100,2,81.45763087,45.49721813,Cybersecurity,Consulting,3.44294001,Placed,94685.76639,2,3
7.268043482,3,Tier 2,Germany,300+,1,47.40869929,83.7641921,Core CS,Finance,6.554706876,Placed,99815.06632,2,1
7.451831285,3,Tier 2,UK,100-300,5,72.46439266,30.0,Cloud,Finance,7.164434046,Placed,96693.92736,2,2
6.830328264,1,Tier 1,UK,300+,2,54.89334299,60.06184943,Cybersecurity,Tech,3.857230967,Placed,106662.3172,3,1
7.001785298,1,Tier 2,Canada,300+,1,73.15990119,79.02927416,AI/ML,Finance,2.745000115,Placed,106423.4701,2,1
6.780285001,1,Tier 2,Germany,100-300,3,44.03359477,81.91224932,Data Science,Finance,5.844523015,Placed,97876.14665,2,2
6.634225169,0,Tier 2,India,100-300,0,49.86780767,63.78686816,Cloud,Manufacturing,3.815016625,Placed,40954.0174,2,2
6.448710562,0,Tier 1,Germany,300+,3,56.6536257,81.4182426,Core CS,Healthcare,2.445878072,Placed,85753.39046,3,1
7.374152083,0,Tier 1,India,300+,1,73.25149668,50.80753068,AI/ML,Manufacturing,3.283190196,Placed,60771.11851,3,1
8.04848473,0,Tier 1,USA,100-300,2,81.83730309,40.37146207,Core CS,Healthcare,3.218666016,Placed,120000.0,3,2
7.936881577,3,Tier 3,India,300+,1,64.83215924,92.97398112,Core CS,Finance,6.383402254,Placed,41560.39685,1,1
8.031362441,2,Tier 1,Germany,100-300,3,61.74771105,48.10471216,Core CS,Manufacturing,5.059789585,Placed,105637.8947,3,2
7.480586412,1,Tier 1,Germany,100-300,0,82.94123554,53.70199669,Cloud,Finance,3.449584321,Placed,106667.0454,3,2
7.113583931,0,Tier 2,USA,100-300,2,68.09805353,58.79906654,Cybersecurity,Finance,4.660504215,Placed,120000.0,2,2
7.250978546,0,Tier 2,Canada,300+,2,85.73160034,62.6903468,Cybersecurity,Healthcare,6.889493855,Placed,86241.72036,2,1
7.486613733,4,Tier 2,Germany,100-300,3,79.8602561,84.90769763,Cybersecurity,Manufacturing,8.0249409,Placed,82508.29475,2,2
6.860281643,2,Tier 2,India,300+,3,34.15432229,59.91843218,Cloud,Tech,3.366510598,Placed,47747.55123,2,1
8.935022223,0,Tier 2,UK,Top 100,0,59.34274992,95.86566361,AI/ML,Healthcare,4.406395907,Placed,120000.0,2,3
8.196366596,0,Tier 1,UK,100-300,1,78.15308796,40.63939856,Data Science,Finance,7.703354678,Placed,120000.0,3,2
6.772299597,0,Tier 1,India,300+,2,45.62845026,49.90643149,Data Science,Consulting,4.066154179,Placed,49136.78511,3,1
5.422328779,2,Tier 2,India,300+,2,87.18605921,40.6089929,Data Science,Other,5.70890087,Placed,45315.48335,2,1
7.230422695,1,Tier 2,USA,100-300,1,89.4709576,69.37481585,Cloud,Consulting,4.849768112,Placed,112589.7097,2,2
7.329252575,1,Tier 2,Germany,Top 100,2,61.36340047,71.05494739,Cloud,Finance,5.87255536,Placed,91592.94877,2,3
6.246877465,0,Tier 3,Germany,Top 100,0,74.67319847,73.20030848,Data Science,Healthcare,4.047761601,Placed,76564.9954,1,3
7.896773619,0,Tier 2,USA,100-300,0,63.07001128,46.47285988,Core CS,Healthcare,5.591158494,Placed,117886.5128,2,2
7.644459762,1,Tier 1,India,300+,2,72.07652546,60.15110109,Cloud,Manufacturing,4.611617039,Placed,58809.7719,3,1
7.78065867,2,Tier 3,UK,300+,0,73.46766736,89.37014641,Data Science,Other,3.377218671,Placed,86719.62868,1,1
7.007086163,1,Tier 3,USA,300+,4,50.4813544,50.31453935,Data Science,Healthcare,3.452920712,Placed,96204.39221,1,1
5.867580746,3,Tier 2,USA,300+,3,95.15884086,54.65457145,Cloud,Finance,3.855060043,Placed,94977.01375,2,1
7.782297818,1,Tier 1,UK,100-300,1,84.22792507,61.68423175,Cloud,Manufacturing,5.534924468,Placed,115290.3875,3,2
6.783702881,4,Tier 1,Canada,100-300,2,67.92788198,69.92406029,Core CS,Consulting,5.775554303,Placed,101609.0637,3,2
8.081631493,0,Tier 1,USA,300+,3,73.53547938,68.48972582,Data Science,Consulting,7.703147741,Placed,120000.0,3,1
8.679526016,0,Tier 2,Germany,Top 100,2,88.25124895,68.78167863,Data Science,Tech,4.508336406,Placed,120000.0,2,3
6.967001497,1,Tier 2,UK,300+,1,42.43848881,77.70008281,AI/ML,Finance,7.066635719,Placed,113899.3846,2,1
8.727296924,0,Tier 1,USA,300+,1,59.10533508,76.93262125,AI/ML,Other,3.757305104,Placed,120000.0,3,1
7.073051783,2,Tier 3,USA,300+,1,70.76633364,39.85773956,AI/ML,Finance,5.10226704,Placed,105827.0643,1,1
6.695635277,2,Tier 3,Canada,300+,2,92.4157894,69.8057586,Cloud,Finance,3.125086345,Placed,72807.9556,1,1
6.495633237,1,Tier 2,UK,100-300,1,70.51154119,57.82071574,Cybersecurity,Healthcare,3.773335413,Placed,87061.94168,2,2
8.309665926,0,Tier 2,USA,300+,0,66.45212616,43.65222141,Data Science,Finance,3.256990425,Placed,120000.0,2,1
6.375884895,1,Tier 3,Canada,300+,3,74.652367,83.41860521,AI/ML,Manufacturing,4.836227458,Placed,67911.52426,1,1
7.824199755,0,Tier 1,India,100-300,2,82.59599828,61.41638348,Data Science,Healthcare,4.41894555,Placed,71902.8961,3,2
6.695970523,1,Tier 3,USA,300+,0,83.19691757,57.86853166,Data Science,Consulting,5.911179563,Placed,88316.72901,1,1
6.676163696,0,Tier 2,Canada,100-300,1,94.19593839,100.0,Cloud,Finance,6.667515762,Placed,91744.1819,2,2
7.906243758,1,Tier 2,UK,300+,3,73.97691773,59.4814031,Cloud,Consulting,3.417560035,Placed,97733.82499,2,1
8.277917835,0,Tier 3,Germany,100-300,0,64.86766143,47.06965668,Cloud,Manufacturing,5.375854646,Placed,80806.66193,1,2
7.515751843,2,Tier 2,USA,300+,2,61.77621722,73.59685525,Core CS,Manufacturing,5.595908585,Placed,116173.2947,2,1
7.063932211,1,Tier 1,Canada,Top 100,1,73.46998686,82.63975797,Data Science,Consulting,4.681865241,Placed,120000.0,3,3
7.578430352,2,Tier 2,India,300+,1,50.82387693,100.0,AI/ML,Tech,5.437763589,Placed,60401.25991,2,1
7.068410664,1,Tier 3,USA,100-300,1,76.61147778,57.07894139,Core CS,Healthcare,5.641263103,Placed,96398.82896,1,2
6.256858814,0,Tier 3,India,300+,4,65.60370455,71.65792699,AI/ML,Manufacturing,5.017076304,Placed,38339.86229,1,1
6.941713849,1,Tier 3,Germany,100-300,1,95.84179297,54.72274319,Data Science,Healthcare,7.861105302,Placed,76339.16916,1,2
8.511423036,0,Tier 2,USA,300+,3,81.21378013,51.66383766,Data Science,Other,7.418472879,Placed,120000.0,2,1
7.176504643,1,Tier 1,USA,100-300,1,76.71407037,75.82921081,AI/ML,Consulting,4.814014965,Placed,120000.0,3,2
6.718329802,2,Tier 1,USA,Top 100,1,69.40669963,65.28055486,Cybersecurity,Healthcare,4.766340262,Placed,120000.0,3,3
7.259806592,0,Tier 3,Canada,100-300,1,89.54528035,85.92065657,AI/ML,Finance,6.449961798,Placed,91118.73834,1,2
7.46445415,0,Tier 3,Canada,Top 100,4,53.36953691,60.63435047,AI/ML,Other,6.480952396,Placed,88671.46367,1,3
7.967384518,3,Tier 3,India,100-300,0,49.4545538,73.62960003,Core CS,Healthcare,6.061241345,Placed,36956.04754,1,2
6.980570803,0,Tier 2,USA,100-300,0,80.49907784,81.9122706,Data Science,Healthcare,6.576546256,Placed,120000.0,2,2
8.311168422,0,Tier 2,UK,100-300,0,84.83164702,84.54482238,Cybersecurity,Tech,2.618120666,Placed,111475.4753,2,2
7.72641813,4,Tier 1,India,300+,2,76.36236604,54.91834769,Cybersecurity,Manufacturing,5.75208875,Placed,52654.13628,3,1
8.767884533,3,Tier 2,Canada,100-300,1,57.6701467,67.54487048,Core CS,Finance,5.146430046,Placed,105482.046,2,2
7.261595611,0,Tier 1,Canada,100-300,1,65.2820151,100.0,Cloud,Manufacturing,5.032459381,Placed,105746.2369,3,2
6.331900397,1,Tier 2,UK,100-300,3,42.40268076,65.5973499,Data Science,Manufacturing,4.27950502,Placed,105922.2303,2,2
8.322330441,0,Tier 2,USA,Top 100,2,62.26178273,41.68875528,AI/ML,Healthcare,4.187017406,Placed,120000.0,2,3
8.662222068,0,Tier 2,Germany,100-300,1,60.66770542,91.41976931,AI/ML,Manufacturing,6.760197539,Placed,97542.57422,2,2
6.973579789,2,Tier 2,India,100-300,0,74.73235934,54.93477928,Core CS,Finance,5.843799802,Placed,51481.87426,2,2
6.597079792,0,Tier 3,USA,100-300,2,78.87504899,65.98806018,Cloud,Tech,6.721828179,Placed,97896.26817,1,2
6.862100034,2,Tier 2,Germany,100-300,4,65.40948238,44.47705361,Data Science,Consulting,4.48509578,Placed,90930.55603,2,2
7.571785382,0,Tier 2,Canada,100-300,1,86.99661225,68.44124323,Cloud,Other,4.992824225,Placed,89510.36316,2,2
7.081378567,0,Tier 2,Germany,Top 100,3,66.99032209,80.93160549,Core CS,Other,2.695409597,Placed,86194.33918,2,3
8.198409416,1,Tier 2,UK,Top 100,1,83.4721599,84.3498268,Cloud,Manufacturing,6.659106516,Placed,99331.07646,2,3
6.749730822,3,Tier 2,USA,300+,2,44.99406363,75.23666177,AI/ML,Finance,6.375354744,Placed,117662.146,2,1
7.824735471,0,Tier 3,Canada,100-300,1,95.35587536,57.32506114,Cybersecurity,Healthcare,6.971532371,Placed,79646.10589,1,2
6.769549761,1,Tier 2,India,Top 100,0,65.74474801,63.13927687,Data Science,Tech,6.545387568,Placed,62471.86615,2,3
6.698090786,0,Tier 2,UK,100-300,2,77.34450166,77.64056899,Cybersecurity,Consulting,5.953770819,Placed,95241.5371,2,2
8.075883225,1,Tier 3,Canada,100-300,1,72.75612672,64.82737947,Cybersecurity,Tech,5.145639453,Placed,84064.3176,1,2
8.696794853,0,Tier 1,USA,100-300,2,82.51065792,57.65023234,Cloud,Tech,6.057292478,Placed,120000.0,3,2
7.782278052,3,Tier 2,Canada,300+,3,76.54253316,45.10880709,Core CS,Finance,4.51476751,Placed,87079.10531,2,1
6.890408338,0,Tier 2,India,100-300,2,65.50531891,76.44846338,Cloud,Consulting,5.21334431,Placed,47994.03679,2,2
6.086446545,0,Tier 1,USA,300+,1,83.25549157,60.69139891,Data Science,Finance,3.333219311,Placed,120000.0,3,1
7.047924205,2,Tier 3,Germany,300+,0,63.90655077,81.11806294,AI/ML,Finance,6.464134305,Placed,76905.60101,1,1
7.066329483,0,Tier 2,Germany,100-300,1,77.41650088,75.54033085,Cloud,Finance,5.712966453,Placed,87187.17364,2,2
8.201562372,0,Tier 3,UK,Top 100,3,62.03077239,76.08730087,Core CS,Other,4.157996705,Placed,77417.57773,1,3
6.738708975,2,Tier 3,Germany,300+,0,69.79646849,82.70645036,AI/ML,Finance,5.674044833,Placed,83873.78171,1,1
8.588304316,0,Tier 3,USA,300+,4,80.20495496,43.00798939,Data Science,Tech,6.537618353,Placed,114119.44,1,1
5.877153096,3,Tier 2,India,Top 100,4,77.39014262,97.20428962,AI/ML,Tech,4.892398306,Placed,56747.78955,2,3
6.93297352,1,Tier 3,Canada,300+,2,64.45682364,63.8735208,AI/ML,Healthcare,5.7385286,Placed,78366.64141,1,1
8.803230487,1,Tier 3,USA,100-300,0,58.00636693,54.34447592,Cybersecurity,Other,5.025188181,Placed,92909.89849,1,2
6.853403805,0,Tier 2,Canada,100-300,3,75.79317273,70.11198382,Core CS,Finance,4.028769107,Placed,90667.60195,2,2
7.756743668,0,Tier 1,India,100-300,5,50.28211029,59.89951002,Cybersecurity,Manufacturing,4.819683295,Placed,58648.33539,3,2
7.762541003,1,Tier 1,Germany,300+,2,53.32885561,87.61751052,Data Science,Finance,2.890793111,Placed,120000.0,3,1
7.631260161,1,Tier 1,India,300+,4,61.61799044,50.61154243,Cloud,Other,5.086641372,Placed,48458.83967,3,1
7.067098001,2,Tier 2,UK,100-300,5,68.67819825,69.10123325,AI/ML,Tech,8.126665749,Placed,119356.911,2,2
6.135674137,0,Tier 2,India,Top 100,2,81.75797154,63.43827003,Cloud,Consulting,3.045278017,Placed,47283.55418,2,3
6.058066796,0,Tier 2,USA,100-300,1,68.47515343,37.55398152,Core CS,Healthcare,6.947052341,Placed,107237.6666,2,2
6.661047426,2,Tier 2,Canada,Top 100,2,84.61748442,66.0743698,Data Science,Other,5.041399909,Placed,98180.39686,2,3
6.60867506,1,Tier 2,Germany,300+,0,68.04793277,92.93955285,AI/ML,Finance,6.559575916,Placed,102312.9181,2,1
7.373155677,1,Tier 3,India,Top 100,1,100.0,64.29142066,Data Science,Other,5.172708191,Placed,42184.08751,1,3
7.063238242,2,Tier 2,UK,300+,1,90.1271021,90.38259978,Cybersecurity,Tech,5.674270466,Placed,91935.48016,2,1
7.146410343,0,Tier 3,Germany,100-300,0,83.46456665,53.38926067,Cybersecurity,Manufacturing,4.30149791,Placed,72901.23638,1,2
6.206778367,1,Tier 3,Germany,300+,2,85.27473546,86.54332332,Data Science,Tech,5.112188455,Placed,84267.972,1,1
7.084222899,0,Tier 1,Germany,100-300,0,85.66090058,61.51136749,Data Science,Manufacturing,3.04638483,Placed,120000.0,3,2
7.120481994,3,Tier 3,Canada,Top 100,1,51.78742301,72.54897269,Cybersecurity,Other,5.127827378,Placed,71781.3703,1,3
7.072247839,1,Tier 2,UK,300+,1,78.34171912,31.51274258,Cloud,Tech,7.016434222,Placed,95212.93384,2,1
7.931529392,2,Tier 3,Canada,300+,0,53.6951673,71.14202279,Data Science,Healthcare,5.838094134,Placed,82599.97957,1,1
7.740541406,0,Tier 1,India,300+,1,75.95187525,98.18652293,Cloud,Manufacturing,3.586596645,Placed,54624.36372,3,1
7.027466711,1,Tier 2,USA,100-300,2,56.31418688,66.85619313,Cybersecurity,Manufacturing,4.174055033,Placed,112254.3617,2,2
6.710000798,0,Tier 1,Germany,Top 100,2,35.03481794,77.75100125,AI/ML,Tech,2.987419596,Placed,120000.0,3,3
7.758009527,2,Tier 1,UK,100-300,0,86.98343245,76.53173127,Core CS,Healthcare,5.800110081,Placed,116011.4959,3,2
6.364085082,1,Tier 3,USA,100-300,1,100.0,59.51068438,Data Science,Healthcare,4.572780944,Placed,99106.67415,1,2
8.067383355,0,Tier 3,India,Top 100,2,87.65507894,82.42144586,Cloud,Finance,6.390742373,Placed,41574.6381,1,3
6.442108618,0,Tier 2,India,300+,1,78.73085588,79.93994393,AI/ML,Finance,3.733504054,Placed,56249.84595,2,1
6.576866897,1,Tier 2,India,100-300,3,70.39879646,65.54399479,Data Science,Manufacturing,5.525888202,Placed,57831.00451,2,2
7.622076849,0,Tier 1,Germany,300+,1,81.79722121,77.94829823,Data Science,Healthcare,6.621796743,Placed,120000.0,3,1
7.188108239,0,Tier 3,Canada,300+,1,72.54843072,58.71616501,Core CS,Finance,3.919133491,Placed,73906.12383,1,1
6.786290011,0,Tier 3,India,Top 100,1,100.0,87.15385891,Cloud,Other,4.259132199,Placed,41253.99187,1,3
7.676894775,0,Tier 1,USA,Top 100,1,64.84390898,54.00285234,Data Science,Manufacturing,6.06490394,Placed,120000.0,3,3
6.917229768,0,Tier 2,India,100-300,1,80.34227592,58.35420107,AI/ML,Healthcare,5.333856703,Placed,51364.30553,2,2
6.608343482,1,Tier 2,Canada,Top 100,2,51.24899932,48.6300047,Data Science,Other,4.322351438,Placed,102200.2084,2,3
7.033516737,1,Tier 2,USA,300+,0,46.36795488,58.00653069,Cybersecurity,Other,3.744377021,Placed,99560.31035,2,1
9.109335314,0,Tier 2,India,300+,0,72.95116576,57.67359578,Core CS,Healthcare,7.475871631,Placed,44558.80452,2,1
7.92280228,1,Tier 2,Canada,300+,0,76.82489368,58.10823153,Core CS,Tech,6.032761773,Placed,94973.12181,2,1
7.348437055,1,Tier 1,Germany,300+,4,56.67700731,55.1524108,Cybersecurity,Consulting,3.883391589,Placed,101410.403,3,1
6.456815723,0,Tier 1,India,300+,2,78.55129955,47.76528323,Cloud,Other,4.639228833,Placed,55581.19182,3,1
6.615540469,0,Tier 3,India,100-300,3,52.46180353,48.92307607,Cloud,Manufacturing,4.589437252,Placed,29055.34518,1,2
6.074067368,2,Tier 2,Canada,300+,1,57.7213381,75.81329174,AI/ML,Tech,4.761273337,Placed,99155.22545,2,1
7.655012777,1,Tier 1,Germany,300+,0,85.58192292,83.02296298,Cloud,Other,4.301407296,Placed,93223.81949,3,1
7.885419615,0,Tier 2,India,100-300,2,71.86681984,81.04995769,AI/ML,Consulting,3.000082792,Placed,55145.41951,2,2
6.288912242,1,Tier 2,India,Top 100,3,100.0,75.51543814,Cloud,Manufacturing,3.14741865,Placed,46448.71659,2,3
6.872201202,1,Tier 2,USA,100-300,2,73.06727683,51.93568557,Cloud,Finance,5.790458485,Placed,112013.1852,2,2
7.271180715,0,Tier 1,Germany,100-300,1,73.31876149,53.12635999,Data Science,Finance,1.884008196,Placed,120000.0,3,2
6.814181198,0,Tier 2,Canada,Top 100,0,64.60100256,46.50342124,Data Science,Healthcare,5.835342049,Placed,98574.16401,2,3
7.008436569,0,Tier 3,USA,300+,4,98.38649136,51.08909209,AI/ML,Other,5.317603525,Placed,91397.27173,1,1
6.988821417,3,Tier 3,UK,Top 100,1,39.14585849,74.76032029,AI/ML,Tech,4.27289501,Placed,95153.27882,1,3
6.733210975,1,Tier 2,Canada,Top 100,4,70.1820988,55.3006031,Cloud,Other,6.052785323,Placed,88613.03146,2,3
7.708205057,0,Tier 1,UK,100-300,2,63.36681516,60.37150826,Core CS,Finance,6.033909195,Placed,120000.0,3,2
6.854271533,1,Tier 2,UK,100-300,2,54.84460207,39.00585151,Cloud,Healthcare,5.579152667,Placed,94484.92931,2,2
7.224953614,0,Tier 2,USA,300+,2,94.45197516,38.67568543,AI/ML,Finance,6.513755282,Placed,120000.0,2,1
8.466048992,3,Tier 3,India,300+,0,81.43598083,31.45124911,Cloud,Tech,10.0,Placed,49295.71858,1,1
6.273197991,1,Tier 3,USA,100-300,3,71.14252408,44.45003219,Core CS,Consulting,5.940870133,Placed,83735.06406,1,2
7.483285964,1,Tier 3,Germany,100-300,3,78.13281645,76.26769952,Data Science,Other,4.793185092,Placed,79673.07268,1,2
7.277050168,2,Tier 1,Germany,100-300,3,83.8155769,59.58837466,Cloud,Manufacturing,7.384867419,Placed,102567.1202,3,2
6.627939243,1,Tier 2,USA,Top 100,1,52.5696976,66.85671418,Cybersecurity,Other,8.476148889,Placed,103525.1578,2,3
6.979849053,1,Tier 3,India,300+,0,66.25407428,79.37358711,AI/ML,Healthcare,4.649076942,Placed,37624.15259,1,1
7.502144334,0,Tier 1,Canada,100-300,1,91.38850422,64.61192522,Cloud,Other,6.736832372,Placed,115749.2722,3,2
7.211004468,2,Tier 2,Canada,300+,2,78.86900514,89.01428666,AI/ML,Healthcare,3.113966019,Placed,102573.6056,2,1
6.552960342,0,Tier 2,India,100-300,2,56.9928332,69.52169755,AI/ML,Consulting,3.337590838,Placed,55222.8894,2,2
7.741005993,1,Tier 3,India,100-300,2,58.82801614,49.54708102,Data Science,Tech,6.782077459,Placed,47919.37418,1,2
6.691197939,0,Tier 3,UK,100-300,2,100.0,54.89734213,Cloud,Manufacturing,7.061363926,Placed,73392.49005,1,2
7.145678597,1,Tier 1,USA,300+,1,95.66961582,69.94069996,Data Science,Finance,4.809810456,Placed,120000.0,3,1
7.348758104,4,Tier 2,Germany,300+,0,55.55022408,70.25838143,Data Science,Manufacturing,6.19165601,Placed,92060.01986,2,1
6.390447009,1,Tier 2,India,Top 100,2,56.7756866,69.08992102,AI/ML,Other,7.525530231,Placed,54459.39575,2,3
6.886633023,1,Tier 1,UK,100-300,0,43.15664357,45.97420878,Data Science,Healthcare,4.288835549,Placed,120000.0,3,2
7.63260745,0,Tier 2,UK,Top 100,1,97.22698109,63.8662996,Cloud,Other,4.302222325,Placed,94691.77508,2,3
6.982375942,0,Tier 1,Canada,100-300,4,87.51906368,61.39964476,Cloud,Manufacturing,4.775288016,Placed,100581.1061,3,2
5.585495174,2,Tier 1,USA,Top 100,1,44.2443606,64.28490861,Cloud,Manufacturing,6.442008708,Placed,117807.6963,3,3
9.394248456,0,Tier 1,UK,300+,2,40.19080313,60.19116265,AI/ML,Healthcare,5.327826462,Placed,120000.0,3,1
8.396687176,0,Tier 3,Germany,Top 100,1,92.27596166,67.81438773,Cybersecurity,Healthcare,3.360717681,Placed,77212.45744,1,3
7.57813986,1,Tier 2,USA,100-300,1,83.38858763,61.81112035,AI/ML,Tech,6.211594852,Placed,120000.0,2,2
6.565263656,1,Tier 1,UK,300+,2,73.9376588,30.0,Data Science,Healthcare,6.041616887,Placed,119945.2639,3,1
8.011084751,0,Tier 2,Germany,300+,1,65.38861267,40.38700153,Core CS,Consulting,7.524346978,Placed,85302.69645,2,1
7.896950514,1,Tier 1,Canada,300+,2,71.96347185,77.48609947,Data Science,Tech,4.637462918,Placed,120000.0,3,1
8.280078277,1,Tier 1,Canada,300+,2,73.09714621,65.31963266,Core CS,Manufacturing,2.952720966,Placed,114935.6418,3,1
8.222665251,1,Tier 2,Canada,300+,1,98.1605696,59.63117074,Data Science,Finance,4.935110813,Placed,112072.1807,2,1
6.998536993,1,Tier 1,India,Top 100,0,100.0,52.19563886,Data Science,Finance,7.360478751,Placed,71220.35305,3,3
7.445926845,1,Tier 2,India,100-300,2,65.87813437,83.99890916,Data Science,Manufacturing,5.988955001,Placed,55423.62348,2,2
7.545871026,0,Tier 2,USA,100-300,2,62.13739086,76.66441276,Data Science,Other,5.961061261,Placed,120000.0,2,2
7.757261603,1,Tier 2,UK,300+,4,68.87866943,100.0,Data Science,Manufacturing,6.043020604,Placed,107676.4771,2,1
7.483241316,2,Tier 2,Canada,Top 100,2,81.92191269,82.23155415,Cloud,Healthcare,4.172457449,Placed,91006.785,2,3
6.671976471,0,Tier 2,Canada,300+,1,69.55190758,67.4160144,Core CS,Manufacturing,4.186953351,Placed,84514.97784,2,1
6.943330522,2,Tier 1,Germany,300+,2,72.02899364,47.11453742,Cloud,Tech,7.802840228,Placed,111711.665,3,1
7.072899894,3,Tier 1,UK,300+,0,68.57421695,85.33969206,Cybersecurity,Manufacturing,5.205329288,Placed,100390.1098,3,1
7.086159559,1,Tier 1,India,Top 100,3,55.20779164,88.58634521,Data Science,Healthcare,1.13083701,Placed,62468.17053,3,3
7.798574125,2,Tier 1,UK,100-300,0,70.16032604,77.89924001,Cybersecurity,Other,4.133951423,Placed,118350.6918,3,2
7.514935002,1,Tier 3,UK,100-300,0,64.83876233,95.72443972,Data Science,Healthcare,6.057735565,Placed,88095.96344,1,2
8.661874752,0,Tier 2,India,300+,1,92.33481637,65.6676053,Data Science,Consulting,5.424870756,Placed,51763.25898,2,1
8.765175184,0,Tier 3,UK,300+,2,100.0,68.45191261,Cybersecurity,Finance,5.529496629,Placed,77997.36861,1,1
7.063719666,1,Tier 2,Germany,Top 100,2,63.47765344,80.50714116,AI/ML,Other,6.084538624,Placed,99587.36114,2,3
7.989465973,0,Tier 3,UK,100-300,3,87.85706756,100.0,AI/ML,Finance,5.52394519,Placed,97064.90323,1,2
6.358812863,0,Tier 2,Germany,100-300,1,77.34299364,66.40696841,AI/ML,Tech,5.14940547,Placed,106988.1691,2,2
7.274526843,0,Tier 3,Germany,100-300,2,36.01282811,69.99060586,Data Science,Other,7.470350775,Placed,86296.86358,1,2
7.498355224,0,Tier 2,USA,300+,2,75.63373451,55.58104082,Core CS,Other,5.93173597,Placed,106146.6906,2,1
7.513233316,0,Tier 1,USA,100-300,1,62.26893648,78.49818287,Data Science,Tech,6.466828325,Placed,120000.0,3,2
6.217387481,1,Tier 1,Germany,100-300,3,43.26230042,69.49588822,Core CS,Finance,4.987314028,Placed,101838.0893,3,2
7.191898202,1,Tier 2,USA,Top 100,1,76.44186787,52.39401182,Core CS,Other,5.456876759,Placed,113255.547,2,3
8.188381895,1,Tier 1,Germany,Top 100,1,50.43799133,77.69164455,AI/ML,Healthcare,5.759091126,Placed,120000.0,3,3
5.362050251,1,Tier 2,UK,Top 100,4,72.97379399,63.7095707,Cybersecurity,Tech,5.772004433,Placed,79673.14324,2,3
6.823416994,1,Tier 1,India,100-300,0,40.03353135,46.16521508,Data Science,Tech,4.547985792,Placed,58758.01039,3,2
5.678205858,2,Tier 1,Canada,Top 100,0,65.97902529,40.18822357,Cloud,Finance,8.601532515,Placed,103697.5096,3,3
7.43569966,1,Tier 3,USA,100-300,3,74.58756635,92.76410709,Core CS,Finance,3.88689054,Placed,97096.79163,1,2
7.359546813,2,Tier 2,Canada,100-300,0,90.76676031,53.34506668,AI/ML,Finance,5.903912957,Placed,118491.1433,2,2
7.736820672,3,Tier 3,UK,100-300,3,68.59968073,41.98001853,AI/ML,Finance,5.453534428,Placed,95146.24727,1,2
6.616224883,0,Tier 1,Canada,100-300,0,53.65267134,82.2829234,Cloud,Healthcare,3.570652888,Placed,104424.1449,3,2
6.653889987,2,Tier 3,USA,300+,2,76.01197649,49.15087728,Data Science,Healthcare,5.523995755,Placed,96427.15215,1,1
8.748584493,3,Tier 2,Germany,100-300,5,90.22079705,43.41346745,AI/ML,Consulting,7.04772554,Placed,111877.2249,2,2
7.58810569,1,Tier 1,USA,300+,0,56.36219156,89.71124857,Core CS,Tech,7.069489145,Placed,120000.0,3,1
5.364296797,2,Tier 2,UK,100-300,2,81.55531788,92.47807741,Cybersecurity,Consulting,4.708474164,Placed,83202.93548,2,2
6.536812624,2,Tier 1,Germany,300+,2,43.50236868,66.00603702,Cybersecurity,Other,5.959913215,Placed,88474.40329,3,1
7.844881001,2,Tier 2,USA,100-300,1,73.03087397,79.29517988,Core CS,Healthcare,6.519237548,Placed,110242.9003,2,2
7.630633325,3,Tier 1,Germany,300+,5,77.75929646,53.68445948,Cybersecurity,Consulting,5.662057807,Placed,95465.48777,3,1
7.731261731,2,Tier 1,USA,100-300,2,61.70812302,58.84196518,AI/ML,Other,3.519401007,Placed,120000.0,3,2
8.292697992,0,Tier 2,USA,100-300,2,93.17818714,36.69614973,AI/ML,Other,4.885577167,Placed,120000.0,2,2
7.170259519,1,Tier 3,UK,100-300,2,60.62129514,61.14012216,Cloud,Tech,4.462572295,Placed,85361.76574,1,2
6.860900944,1,Tier 2,USA,300+,3,55.96855877,69.00955704,Data Science,Healthcare,7.804344963,Placed,120000.0,2,1
8.070873711,3,Tier 1,USA,Top 100,2,87.63697009,72.88894045,Cloud,Tech,3.918904048,Placed,120000.0,3,3
9.701906335,0,Tier 3,USA,300+,1,67.48817278,41.91141152,AI/ML,Healthcare,5.64047532,Placed,116584.5447,1,1
7.541205981,0,Tier 2,Canada,300+,1,64.4430055,68.14667238,AI/ML,Healthcare,2.81541251,Placed,92445.78375,2,1
6.155110745,1,Tier 1,USA,300+,0,62.38391446,48.0536094,AI/ML,Finance,5.659274844,Placed,120000.0,3,1
5.495769272,1,Tier 1,USA,300+,2,100.0,55.896448,Cloud,Healthcare,6.574109065,Placed,113160.4314,3,1
7.091953417,1,Tier 1,India,Top 100,1,72.63854535,50.90117531,Core CS,Healthcare,6.917055419,Placed,63150.22306,3,3
8.141862921,0,Tier 1,UK,300+,1,56.90466527,70.33853153,Cloud,Healthcare,6.849539034,Placed,112084.5607,3,1
7.897351314,1,Tier 1,Germany,100-300,3,73.66348371,48.45004521,Data Science,Healthcare,5.554895509,Placed,120000.0,3,2
7.183275865,1,Tier 3,Germany,100-300,1,67.27836001,60.8826551,Cybersecurity,Other,3.875287892,Placed,63583.68183,1,2
7.215049885,1,Tier 1,India,300+,2,80.00774355,71.38485252,Data Science,Healthcare,4.930506856,Placed,57344.50508,3,1
8.374691197,0,Tier 3,India,100-300,3,86.4115491,69.13210458,Cloud,Other,4.200347066,Placed,39566.94802,1,2
6.930929713,0,Tier 1,UK,300+,2,56.91431272,68.23649019,AI/ML,Other,5.988214865,Placed,111341.4234,3,1
7.846240806,1,Tier 1,USA,100-300,0,59.45650527,65.55772682,AI/ML,Tech,2.69095452,Placed,120000.0,3,2
6.689145424,1,Tier 2,USA,300+,1,68.17556328,55.00438056,Cloud,Manufacturing,4.31689205,Placed,107543.5734,2,1
6.100897276,0,Tier 2,India,300+,2,89.75949861,62.03316106,AI/ML,Finance,4.899138412,Placed,54934.20651,2,1
7.302437008,0,Tier 1,Canada,100-300,1,75.70107094,46.22088044,Data Science,Tech,6.094951574,Placed,120000.0,3,2
8.967897588,0,Tier 1,Germany,Top 100,0,51.12169034,85.89409127,Cybersecurity,Tech,4.766757093,Placed,120000.0,3,3
7.625197792,0,Tier 3,UK,300+,1,73.5535039,52.66210127,Cybersecurity,Other,6.774101167,Placed,71860.65917,1,1
6.746656363,1,Tier 3,UK,300+,1,72.36271777,91.23566709,Data Science,Tech,4.856432075,Placed,88291.59575,1,1
8.099587985,2,Tier 2,UK,100-300,1,52.38525864,77.47955184,Cybersecurity,Manufacturing,4.394133074,Placed,84974.2052,2,2
7.645341122,3,Tier 1,UK,300+,2,66.065062,64.50989357,Cloud,Other,5.392376331,Placed,113590.1246,3,1
6.196736294,1,Tier 2,USA,100-300,1,85.05685678,83.35392124,AI/ML,Consulting,3.001026899,Placed,120000.0,2,2
7.121325818,3,Tier 2,Germany,Top 100,0,45.61173026,58.14668712,Cybersecurity,Manufacturing,7.493386262,Placed,76300.91879,2,3
6.180995242,2,Tier 3,USA,100-300,1,68.45951976,77.84167878,AI/ML,Healthcare,4.17355734,Placed,90828.16439,1,2
6.493128388,1,Tier 1,Canada,Top 100,2,55.05655835,57.48837187,Core CS,Manufacturing,3.890389271,Placed,107301.1084,3,3
8.768551781,0,Tier 3,Canada,300+,2,70.98454747,100.0,Cybersecurity,Healthcare,7.665251881,Placed,77030.78327,1,1
7.643946713,2,Tier 3,UK,Top 100,4,76.0317907,59.47408026,Cloud,Other,4.173801249,Placed,81394.26247,1,3
8.752333601,0,Tier 2,Canada,100-300,1,76.89649754,47.42713406,Cloud,Tech,4.889910555,Placed,104748.9032,2,2
7.705917672,1,Tier 1,Germany,Top 100,0,66.39949166,64.85185798,Core CS,Finance,3.716858758,Placed,116750.011,3,3
7.821983475,1,Tier 2,Germany,300+,3,42.90993671,69.09114195,Data Science,Finance,6.016081217,Placed,97793.66973,2,1
8.57926295,0,Tier 3,India,Top 100,1,78.83112154,63.00246798,Cybersecurity,Tech,4.443234692,Placed,50849.03221,1,3
7.826126013,2,Tier 1,UK,100-300,1,36.89253096,58.03211022,Cloud,Healthcare,5.761696814,Placed,114532.6924,3,2
8.16307219,0,Tier 1,India,100-300,0,50.17793554,48.04139177,Data Science,Consulting,5.244043827,Placed,66584.63459,3,2
6.616028286,0,Tier 2,Germany,100-300,3,60.75543376,61.0669103,Data Science,Healthcare,5.060493163,Placed,103852.4038,2,2
7.111084826,3,Tier 3,UK,100-300,2,71.47260916,81.75318775,Data Science,Other,6.592978493,Placed,87916.31708,1,2
7.665199094,2,Tier 3,Canada,100-300,1,65.40417901,86.94576353,Core CS,Consulting,5.129553742,Placed,75407.39814,1,2
7.638472839,1,Tier 2,USA,Top 100,0,58.30183886,63.88745527,Data Science,Manufacturing,6.144139032,Placed,120000.0,2,3
8.529284854,0,Tier 3,UK,300+,3,65.1258556,66.78387209,Core CS,Tech,5.949716507,Placed,86045.56959,1,1
6.487068056,0,Tier 1,UK,100-300,4,73.82240084,72.19453563,AI/ML,Finance,3.707491717,Placed,120000.0,3,2
6.277876512,1,Tier 2,Germany,Top 100,1,84.11196312,60.80507532,Data Science,Manufacturing,7.519632008,Placed,103704.6935,2,3
9.158663069,1,Tier 3,Canada,300+,2,94.33632998,58.3788342,Cloud,Healthcare,5.705111124,Placed,78409.73278,1,1
7.193656536,0,Tier 3,Germany,300+,0,70.70482792,75.52490765,Cybersecurity,Healthcare,5.772005441,Placed,78746.00621,1,1
6.319219935,1,Tier 1,USA,100-300,1,91.91812313,67.63220386,AI/ML,Other,3.476769663,Placed,120000.0,3,2
7.69113884,2,Tier 1,USA,Top 100,1,61.76021032,65.85489478,Data Science,Consulting,4.862626514,Placed,120000.0,3,3
6.849818381,1,Tier 1,USA,100-300,3,83.4740678,55.94112241,AI/ML,Finance,3.451936376,Placed,120000.0,3,2
7.67248537,3,Tier 2,USA,300+,0,71.78286584,56.51038751,Core CS,Consulting,5.697262953,Placed,105478.8158,2,1
6.339766431,1,Tier 2,USA,300+,0,68.20001833,70.32299425,Core CS,Finance,5.304257765,Placed,107674.7328,2,1
8.446104645,0,Tier 2,Canada,300+,4,67.90439738,83.396904,Cloud,Manufacturing,1.353511745,Placed,89542.55456,2,1
8.313142902,0,Tier 3,India,300+,2,78.71971865,50.09525337,Cybersecurity,Manufacturing,6.580883779,Placed,45903.04822,1,1
7.052630919,3,Tier 1,Canada,Top 100,0,66.58994352,34.45184546,Cloud,Manufacturing,8.410560929,Placed,110434.062,3,3
7.045208519,1,Tier 2,UK,300+,2,73.47213044,61.1408357,AI/ML,Manufacturing,6.498950639,Placed,102716.3423,2,1
6.900062724,3,Tier 3,Germany,Top 100,0,68.09190522,57.85685033,Core CS,Manufacturing,3.201577492,Placed,70559.23248,1,3
6.827842941,1,Tier 2,India,300+,3,63.43796786,63.89644262,Cybersecurity,Tech,5.240981706,Placed,50905.39776,2,1
7.914718486,1,Tier 1,UK,100-300,3,50.79601426,52.64705299,Cybersecurity,Healthcare,6.016211996,Placed,104487.6095,3,2
7.120108523,1,Tier 3,Germany,300+,2,75.63543715,54.61593905,Cybersecurity,Consulting,4.770595307,Placed,71476.68407,1,1
7.569985412,0,Tier 2,Canada,100-300,0,97.04282574,99.53007731,AI/ML,Healthcare,4.453112129,Placed,103835.8849,2,2
7.82510442,0,Tier 1,India,300+,2,100.0,62.34418632,Cloud,Finance,4.76282748,Placed,53554.7586,3,1
7.310548637,2,Tier 2,Germany,300+,2,61.95668886,65.91742921,Core CS,Consulting,3.139110633,Placed,80493.86447,2,1
6.223782939,2,Tier 1,UK,100-300,1,52.53622459,61.91207269,AI/ML,Consulting,5.982789648,Placed,120000.0,3,2
5.917707289,3,Tier 1,Germany,300+,3,60.85029939,74.08658423,Cloud,Finance,6.321594366,Placed,92155.57203,3,1
7.119024508,1,Tier 2,Canada,Top 100,2,47.04220593,85.13428896,Core CS,Manufacturing,5.342406625,Placed,90781.11871,2,3
9.066858928,0,Tier 3,UK,100-300,0,49.68477573,83.55318841,Data Science,Other,4.725067683,Placed,106202.1497,1,2
7.265901467,1,Tier 3,India,100-300,1,74.43589294,65.61018093,Cybersecurity,Manufacturing,6.782284411,Placed,34132.08916,1,2
6.698861956,2,Tier 3,USA,300+,4,65.23043551,55.43022294,Data Science,Other,3.543563341,Placed,88612.2601,1,1
7.252854296,3,Tier 2,USA,300+,3,83.38206796,86.17425718,Core CS,Manufacturing,4.74531903,Placed,104203.4509,2,1
7.467106418,1,Tier 3,UK,300+,1,70.47869502,74.7584904,Data Science,Finance,3.839112634,Placed,86777.60523,1,1
8.027283756,2,Tier 2,Germany,Top 100,1,48.97583877,88.53467115,Data Science,Healthcare,5.229489726,Placed,113159.4949,2,3
6.554625682,2,Tier 2,USA,300+,0,68.49740408,100.0,Cloud,Manufacturing,4.467151172,Placed,97878.04803,2,1
7.616370877,1,Tier 3,USA,100-300,0,72.2991196,64.40254323,Cybersecurity,Tech,7.681595955,Placed,94515.67527,1,2
8.75475964,0,Tier 2,Germany,300+,1,43.49605412,88.30725603,Cloud,Finance,1.0,Placed,100184.8566,2,1
7.764563177,0,Tier 1,UK,Top 100,4,60.71924359,62.88882005,Cloud,Other,6.562333964,Placed,116144.8319,3,3
6.954569123,1,Tier 1,UK,100-300,3,79.37162857,55.40612178,Cloud,Healthcare,4.915590535,Placed,116132.3644,3,2
6.525837742,1,Tier 2,Germany,300+,1,74.71173376,49.58746661,Data Science,Other,5.770294719,Placed,89284.94448,2,1
6.651278825,1,Tier 3,Germany,300+,2,73.09949104,60.00570754,Cloud,Finance,5.707310233,Placed,59996.44894,1,1
7.702038043,2,Tier 3,India,Top 100,1,99.32434407,37.42054016,AI/ML,Healthcare,6.378780028,Placed,41069.07862,1,3
7.454915693,2,Tier 3,USA,Top 100,3,54.40497242,66.05257998,Cloud,Finance,6.285099595,Placed,86012.57298,1,3
7.306337368,0,Tier 3,Canada,Top 100,1,70.53332967,45.80316911,Cybersecurity,Healthcare,5.829480721,Placed,63055.66765,1,3
8.301144588,0,Tier 1,UK,Top 100,3,87.94780145,56.18022501,Data Science,Manufacturing,5.669018583,Placed,120000.0,3,3
7.188834451,1,Tier 2,UK,100-300,1,66.13984576,72.4915947,Cloud,Other,4.01296924,Placed,96811.23305,2,2
6.691181762,1,Tier 1,UK,100-300,1,63.32319859,75.69789665,Data Science,Tech,3.643899402,Placed,120000.0,3,2
6.267395967,1,Tier 2,Germany,100-300,5,42.72736787,37.49238478,Cloud,Other,5.358222763,Placed,82035.24471,2,2
7.199687567,2,Tier 3,Germany,100-300,2,60.15445057,83.64099016,Cybersecurity,Healthcare,6.01975434,Placed,74848.02895,1,2
6.852568799,0,Tier 3,Canada,100-300,1,75.57624606,69.85012334,Core CS,Finance,6.037115,Placed,72801.78286,1,2
6.835328112,0,Tier 2,UK,Top 100,0,59.31582324,54.32517768,AI/ML,Finance,3.901342417,Placed,117344.3436,2,3
5.908423317,1,Tier 3,UK,300+,1,69.63152333,83.66647259,Core CS,Manufacturing,4.492083063,Placed,59130.58915,1,1
7.647726024,1,Tier 1,Germany,Top 100,1,42.86137533,68.4098574,Cybersecurity,Tech,4.215084646,Placed,116535.229,3,3
7.184569399,1,Tier 2,Germany,100-300,1,64.03343009,49.74860748,Cybersecurity,Manufacturing,3.842484633,Placed,91552.78131,2,2
7.081430667,1,Tier 3,USA,300+,1,79.67813207,50.30822222,Cloud,Other,10.0,Placed,83278.81708,1,1
7.098743345,0,Tier 1,UK,100-300,4,85.11288577,56.12390178,Core CS,Manufacturing,3.345416632,Placed,108783.4188,3,2
5.833429509,1,Tier 3,India,100-300,2,83.84580159,70.95832839,AI/ML,Other,2.365648619,Placed,46693.89533,1,2
8.304103972,0,Tier 1,India,100-300,2,73.73991385,87.34455137,Cybersecurity,Tech,5.149153221,Placed,66473.59291,3,2
7.296272214,1,Tier 2,UK,100-300,2,76.52239463,65.28261511,Data Science,Healthcare,6.467120597,Placed,100590.1739,2,2
7.316731377,1,Tier 2,Canada,300+,2,72.61355465,67.48152153,Cybersecurity,Healthcare,5.384030892,Placed,92827.07269,2,1
8.259317429,1,Tier 3,India,100-300,3,77.73453817,81.15939162,AI/ML,Other,9.356334927,Placed,52859.69065,1,2
6.330095368,0,Tier 2,Canada,300+,2,86.75156543,43.07299937,Data Science,Consulting,5.125777156,Placed,90041.17864,2,1
7.716636975,0,Tier 1,Germany,300+,2,91.43674656,54.63933279,Cloud,Finance,4.341684908,Placed,112954.7505,3,1
7.740225514,0,Tier 3,Canada,300+,1,74.7383772,58.86822532,Data Science,Manufacturing,4.232885128,Placed,85565.47907,1,1
7.134921094,1,Tier 1,India,100-300,1,76.06415175,44.64112728,AI/ML,Consulting,3.387479331,Placed,63713.96477,3,2
7.541085638,0,Tier 2,Canada,100-300,2,69.92246305,82.08927285,AI/ML,Consulting,3.189324174,Placed,97411.09741,2,2
7.187092081,1,Tier 2,India,100-300,2,52.05070874,54.66492072,Core CS,Finance,5.834649457,Placed,53589.76273,2,2
7.931992706,1,Tier 2,Canada,300+,3,80.71698552,57.6160121,Data Science,Tech,2.479513684,Placed,117872.339,2,1
8.641658649,0,Tier 2,Germany,300+,2,81.80164626,46.46810446,Cybersecurity,Other,6.747488449,Placed,94185.63784,2,1
5.635232724,1,Tier 2,Germany,300+,3,87.24867945,82.15964132,Data Science,Other,3.706886176,Placed,90055.47622,2,1
6.882815463,0,Tier 1,India,300+,3,92.91060899,56.22121755,Cloud,Other,5.681607312,Placed,53586.60979,3,1
7.805128832,1,Tier 2,USA,300+,2,81.41731421,65.00459081,Cybersecurity,Tech,6.752935982,Placed,117814.4433,2,1
6.153730705,3,Tier 3,Canada,300+,1,74.29145307,44.5261018,Cloud,Tech,7.533956542,Placed,79194.14119,1,1
7.208613454,1,Tier 2,India,100-300,3,77.79381568,72.35281443,Data Science,Consulting,5.243972245,Placed,43959.93316,2,2
6.537430321,0,Tier 1,Germany,300+,0,72.33520145,57.36709505,Core CS,Healthcare,4.817947471,Placed,101248.3173,3,1
6.948182192,1,Tier 2,Germany,100-300,0,61.77043575,56.18827448,Cloud,Consulting,3.966849067,Placed,85460.7885,2,2
6.560060134,1,Tier 3,Canada,100-300,1,71.70553608,80.05933129,Data Science,Other,3.985442806,Placed,75243.9706,1,2
6.59194884,1,Tier 1,UK,100-300,1,100.0,69.12330077,Cloud,Manufacturing,4.666824342,Placed,102832.2555,3,2
7.754972405,4,Tier 3,UK,Top 100,1,70.87353594,30.0,Data Science,Healthcare,6.226761856,Placed,92187.48802,1,3
6.521376533,2,Tier 1,India,Top 100,2,73.77024032,30.0,Cybersecurity,Manufacturing,4.516843152,Placed,62535.87313,3,3
7.490768133,1,Tier 3,USA,100-300,1,73.96101002,36.74913427,Core CS,Healthcare,3.265539463,Placed,89752.59654,1,2
6.973996886,2,Tier 1,Canada,Top 100,2,63.872387,64.43437528,Cloud,Manufacturing,5.188373076,Placed,111797.0674,3,3
7.664398507,1,Tier 3,India,100-300,1,74.57852203,63.61966297,Core CS,Manufacturing,6.813383211,Placed,46692.24082,1,2
5.57644886,1,Tier 2,USA,100-300,1,92.71935042,52.78873513,Cybersecurity,Healthcare,4.165423349,Placed,101316.1108,2,2
6.386917913,0,Tier 3,Canada,Top 100,4,75.26201747,77.09090604,Cloud,Finance,6.152043315,Placed,73393.84296,1,3
6.93696928,0,Tier 2,USA,100-300,3,85.14581805,61.24924826,Data Science,Consulting,3.536511664,Placed,120000.0,2,2
7.592813561,0,Tier 1,India,300+,1,92.61796647,67.325901,AI/ML,Tech,3.274484078,Placed,64359.46554,3,1
7.120379599,3,Tier 3,India,300+,2,61.2527219,57.6889948,Cybersecurity,Finance,3.641113508,Placed,37246.97607,1,1
7.126107647,3,Tier 1,USA,300+,1,87.23038894,56.01436992,Cybersecurity,Tech,6.78069859,Placed,120000.0,3,1
6.980696712,0,Tier 3,USA,Top 100,1,54.02960638,61.83926635,AI/ML,Finance,3.651668351,Placed,105354.0354,1,3
7.408480552,0,Tier 2,India,100-300,2,94.27144911,71.2960613,AI/ML,Healthcare,6.035140457,Placed,56832.05101,2,2
6.363475893,2,Tier 1,Canada,100-300,1,92.79034944,62.41389889,Core CS,Consulting,5.94092064,Placed,96775.05856,3,2
8.119534341,2,Tier 1,UK,300+,0,48.25902016,87.44696711,AI/ML,Consulting,7.895781879,Placed,120000.0,3,1
6.810770093,0,Tier 2,UK,100-300,1,81.7214144,82.6098595,Cloud,Other,5.785276118,Placed,85289.25587,2,2
7.150458686,1,Tier 3,India,300+,2,88.29208854,60.58948893,AI/ML,Other,6.31253377,Placed,48707.39171,1,1
7.532267628,2,Tier 3,UK,100-300,1,76.83800206,40.95673855,Cloud,Other,5.737136177,Placed,78603.69846,1,2
8.767684461,0,Tier 1,Germany,300+,4,68.14237933,66.54387423,Cybersecurity,Tech,7.041934818,Placed,120000.0,3,1
7.265897867,0,Tier 1,Canada,Top 100,2,73.82350143,44.34320336,AI/ML,Consulting,4.317729176,Placed,120000.0,3,3
6.500132305,1,Tier 3,USA,300+,3,59.539557,100.0,Data Science,Finance,5.160676268,Placed,95989.38423,1,1
6.118970808,0,Tier 1,USA,300+,1,75.87733359,69.83097823,Cloud,Healthcare,4.740320257,Placed,114201.666,3,1
7.585720981,1,Tier 3,Germany,100-300,0,71.90797782,67.68114309,Core CS,Consulting,6.123459947,Placed,70534.00382,1,2
7.805843486,0,Tier 1,Canada,100-300,2,79.57982642,62.76979143,AI/ML,Tech,3.27748446,Placed,120000.0,3,2
7.018708172,1,Tier 1,India,100-300,2,72.76924581,58.73288489,Cybersecurity,Finance,6.206494163,Placed,55537.32487,3,2
6.308458636,0,Tier 3,Germany,Top 100,3,98.58049783,64.10849478,AI/ML,Consulting,6.694663724,Placed,80623.8126,1,3
6.399671898,1,Tier 2,India,100-300,3,87.10205959,58.46520259,Data Science,Healthcare,4.163669141,Placed,47954.27008,2,2
5.27037416,1,Tier 1,India,300+,2,66.9248595,54.17652733,Cloud,Other,5.748567861,Placed,45752.03922,3,1
6.116180261,1,Tier 2,India,100-300,1,66.89348573,77.7540399,Data Science,Tech,3.00929848,Placed,62633.77485,2,2
7.790887035,2,Tier 2,India,100-300,1,68.08567746,85.52918989,Data Science,Other,6.127885841,Placed,53050.35155,2,2
7.482970592,0,Tier 2,Germany,Top 100,1,59.41516682,63.68007716,Core CS,Consulting,5.898394074,Placed,85220.52994,2,3
8.121200277,1,Tier 3,USA,100-300,1,52.21778683,58.93997146,AI/ML,Healthcare,7.356832734,Placed,111988.5091,1,2
6.939463142,2,Tier 2,India,100-300,2,75.23184686,50.43521926,Core CS,Tech,5.481577828,Placed,37117.78839,2,2
8.230041055,0,Tier 2,UK,100-300,5,68.887224,76.51546939,Core CS,Consulting,4.243512242,Placed,107202.3947,2,2
6.538217019,2,Tier 3,Canada,100-300,2,90.55138475,78.88311346,Cybersecurity,Tech,6.609769492,Placed,76765.95254,1,2
7.122020706,1,Tier 2,India,300+,5,63.29647236,36.03651096,Core CS,Manufacturing,7.270714435,Placed,45663.92724,2,1
8.771463954,0,Tier 2,USA,100-300,3,62.37353821,42.52203909,Cloud,Consulting,7.747794296,Placed,115092.6585,2,2
8.530150507,0,Tier 1,Germany,Top 100,1,71.41930122,67.51677193,AI/ML,Finance,4.297034042,Placed,120000.0,3,3
8.586963308,0,Tier 3,UK,100-300,3,80.72526902,58.08786057,Cloud,Healthcare,5.263307575,Placed,79179.93289,1,2
7.605741457,2,Tier 1,India,300+,0,61.5132286,64.48370668,Cloud,Consulting,5.65164449,Placed,56331.96157,3,1
7.33367626,0,Tier 1,Canada,100-300,1,81.76036868,90.9463471,Core CS,Finance,5.176429812,Placed,116447.2329,3,2
7.456912994,1,Tier 2,Canada,100-300,3,82.11521946,72.00558184,AI/ML,Tech,3.877854932,Placed,120000.0,2,2
6.421210702,0,Tier 3,Canada,100-300,2,74.21903393,55.94284095,AI/ML,Finance,4.094562031,Placed,87066.48629,1,2
8.013329003,1,Tier 1,UK,300+,0,82.40909745,88.97369973,Data Science,Consulting,5.961822001,Placed,120000.0,3,1
6.55578153,2,Tier 2,Germany,100-300,2,78.62456598,58.46802936,Core CS,Manufacturing,8.69031346,Placed,94531.56913,2,2
7.593055854,1,Tier 3,India,Top 100,1,74.27584774,30.0,Cloud,Healthcare,5.505842239,Placed,37515.19404,1,3
7.428366998,1,Tier 3,Canada,300+,3,54.85554144,41.32930193,Data Science,Consulting,6.837039739,Placed,83612.39856,1,1
7.967208159,1,Tier 3,UK,300+,2,81.99790026,61.07971946,AI/ML,Consulting,3.148669943,Placed,80592.66213,1,1
7.851336562,3,Tier 1,Germany,300+,1,57.16551679,74.07722533,Core CS,Healthcare,6.17679659,Placed,100434.294,3,1
9.004359124,0,Tier 1,Canada,100-300,1,72.92298538,69.56621682,AI/ML,Manufacturing,4.51547445,Placed,120000.0,3,2
8.51611889,0,Tier 1,Canada,100-300,1,93.04978589,77.44774284,Data Science,Finance,4.717680413,Placed,120000.0,3,2
6.789470982,2,Tier 2,Germany,Top 100,2,59.46035193,70.94467443,AI/ML,Manufacturing,6.164705101,Placed,97250.14555,2,3
6.755494046,1,Tier 1,Canada,100-300,4,74.41418461,91.03294943,Cybersecurity,Tech,7.8475051,Placed,114335.5233,3,2
7.838563174,0,Tier 2,Canada,300+,1,48.39658278,70.6808943,Core CS,Healthcare,6.359704396,Placed,96668.7698,2,1
6.519729073,1,Tier 3,USA,300+,3,70.58632478,57.35708656,Cybersecurity,Manufacturing,4.32151696,Placed,73889.04415,1,1
7.474831546,2,Tier 3,USA,300+,2,33.66050761,69.53498308,Cloud,Manufacturing,4.289891745,Placed,97685.40965,1,1
7.002448093,1,Tier 1,Germany,100-300,2,80.92790709,52.86162801,Core CS,Manufacturing,5.10677771,Placed,102474.3099,3,2
6.654159051,0,Tier 1,Canada,Top 100,0,62.20464664,61.31264694,Core CS,Manufacturing,4.391768499,Placed,107817.3902,3,3
7.185384754,1,Tier 3,Germany,300+,1,43.26697938,65.59639102,Data Science,Other,5.543030806,Placed,74175.27819,1,1
8.030746898,0,Tier 1,UK,300+,2,84.55595205,54.50276374,Cybersecurity,Other,5.919761283,Placed,115716.5707,3,1
7.90307799,0,Tier 2,UK,Top 100,1,67.13602298,55.39579804,Data Science,Finance,6.158182126,Placed,120000.0,2,3
6.813114431,2,Tier 2,India,300+,5,86.45617524,78.51370948,AI/ML,Consulting,4.61214407,Placed,56069.11111,2,1
7.169503343,0,Tier 2,Germany,300+,2,80.43712572,56.97223834,Core CS,Other,5.261112776,Placed,88857.01906,2,1
7.808303451,2,Tier 2,India,100-300,3,61.65307989,60.53615534,AI/ML,Finance,9.922182401,Placed,56731.26679,2,2
6.643394032,0,Tier 2,USA,300+,2,86.51674212,68.79165349,Data Science,Other,6.245065912,Placed,113614.6278,2,1
8.106555612,0,Tier 1,UK,300+,3,100.0,81.71622043,AI/ML,Other,8.798753749,Placed,120000.0,3,1
8.013064214,0,Tier 1,Canada,Top 100,0,43.5159307,58.45083477,AI/ML,Tech,3.060548421,Placed,120000.0,3,3
7.510834654,0,Tier 2,UK,300+,0,79.4787231,85.97148581,Data Science,Manufacturing,7.134179287,Placed,110518.2426,2,1
8.358099024,0,Tier 1,Canada,100-300,1,51.86035139,34.12056613,Cybersecurity,Finance,8.73677117,Placed,118186.7079,3,2
7.265665169,1,Tier 2,India,100-300,2,90.75903862,59.72391298,Data Science,Finance,4.790471929,Placed,48301.69435,2,2
7.516903741,3,Tier 2,India,Top 100,2,49.06573841,69.79074963,Cybersecurity,Manufacturing,6.089538955,Placed,41613.20034,2,3
6.743372911,2,Tier 1,India,300+,3,59.82877033,45.08352644,Data Science,Consulting,6.399990289,Placed,59908.20176,3,1
6.45292088,1,Tier 1,India,100-300,3,35.86814995,70.4366592,AI/ML,Finance,5.306309002,Placed,66812.33226,3,2
7.065021734,1,Tier 3,Canada,Top 100,2,83.64106776,57.29993246,Core CS,Consulting,7.637354007,Placed,72355.9384,1,3
6.651938207,1,Tier 3,Germany,100-300,3,51.78351921,67.25619465,Cybersecurity,Finance,5.245390367,Placed,64369.02185,1,2
7.421585113,3,Tier 2,Germany,Top 100,1,76.78144103,63.16187922,Core CS,Consulting,5.426516011,Placed,94875.84254,2,3
7.754350896,1,Tier 2,India,Top 100,1,76.04940897,78.04991525,Cybersecurity,Tech,4.226579507,Placed,44520.12091,2,3
7.145003159,0,Tier 2,USA,300+,2,84.83516246,40.37657715,Data Science,Tech,6.585108489,Placed,120000.0,2,1
6.718037015,0,Tier 2,Canada,Top 100,1,66.8808874,79.39500954,Data Science,Finance,2.93368364,Placed,115459.017,2,3
8.718637491,0,Tier 3,UK,100-300,1,100.0,70.44102039,Data Science,Other,5.493822804,Placed,101694.0026,1,2
7.567679584,1,Tier 3,India,300+,3,56.67746176,58.00029378,AI/ML,Consulting,5.762520834,Placed,46554.9038,1,1
7.742412527,2,Tier 2,India,100-300,0,100.0,77.73927201,Data Science,Other,6.540472249,Placed,58569.0504,2,2
7.014601969,0,Tier 3,India,300+,1,54.07871883,53.77982047,Cybersecurity,Tech,4.288807718,Placed,44893.75809,1,1
7.984368038,1,Tier 2,Germany,Top 100,3,86.11337616,62.83263786,AI/ML,Consulting,5.939965208,Placed,110024.3276,2,3
7.421984666,0,Tier 2,UK,100-300,1,89.80417366,84.91817657,Cybersecurity,Manufacturing,6.32042133,Placed,88944.52193,2,2
7.3566711,1,Tier 1,India,Top 100,3,86.63973785,80.28513825,Data Science,Manufacturing,3.029597248,Placed,66852.91351,3,3
6.884106596,1,Tier 2,Canada,Top 100,3,100.0,93.15105816,Data Science,Healthcare,6.828212833,Placed,101151.9099,2,3
7.324659269,1,Tier 1,Canada,300+,1,86.78482168,59.59743435,AI/ML,Manufacturing,5.854685054,Placed,120000.0,3,1
6.210445811,0,Tier 2,Germany,100-300,1,57.38246986,55.41578335,Cybersecurity,Finance,5.975482711,Placed,84021.43782,2,2
7.139157767,1,Tier 2,Canada,300+,2,68.69694132,77.39750241,Data Science,Healthcare,5.730284221,Placed,93984.35629,2,1
6.505459966,1,Tier 2,Canada,100-300,2,70.10169191,59.25124447,Cybersecurity,Tech,5.389084056,Placed,100866.2107,2,2
7.503791612,1,Tier 3,UK,300+,1,64.36320364,33.86158586,Cloud,Consulting,5.165280419,Placed,86494.31097,1,1
6.787263941,1,Tier 1,USA,Top 100,2,73.40394851,58.30467404,AI/ML,Consulting,6.153467261,Placed,120000.0,3,3
7.445499778,1,Tier 3,India,100-300,2,71.93376178,30.0,Cybersecurity,Tech,3.010929798,Placed,37955.03669,1,2
8.491238824,0,Tier 1,Germany,300+,1,50.36700972,60.11406468,Cloud,Finance,4.711931694,Placed,104845.6417,3,1
6.832499509,1,Tier 1,USA,100-300,3,65.11475934,65.00965099,Core CS,Consulting,4.829138291,Placed,117395.4001,3,2
8.163860939,1,Tier 2,Canada,100-300,3,32.97358453,92.4303205,AI/ML,Manufacturing,4.850590116,Placed,111036.5673,2,2
8.548688821,1,Tier 2,India,300+,1,88.8722628,85.9404371,Cybersecurity,Finance,5.475087345,Placed,52953.43965,2,1
6.841552189,1,Tier 3,Germany,300+,1,90.27400013,54.14211051,Core CS,Manufacturing,6.603611916,Placed,62361.632,1,1
6.650989574,0,Tier 3,India,300+,1,53.24793054,72.34411567,Core CS,Tech,5.744671254,Placed,41308.95937,1,1
7.838493407,2,Tier 2,Canada,100-300,0,60.64743937,42.91039247,Cybersecurity,Healthcare,7.417463516,Placed,87230.20183,2,2
6.145183397,2,Tier 3,USA,100-300,2,90.62271966,93.6886037,AI/ML,Tech,4.274304525,Placed,109602.7744,1,2
6.692654667,1,Tier 3,India,300+,2,87.18326534,68.30155482,Core CS,Finance,2.957957606,Placed,43974.04412,1,1
9.068780141,0,Tier 2,UK,Top 100,0,85.78777957,74.61544258,Cloud,Other,6.917931902,Placed,110287.7745,2,3
7.490612436,1,Tier 3,UK,300+,2,68.45138722,71.59404605,Data Science,Other,6.656472148,Placed,88368.75728,1,1
7.910221425,2,Tier 3,USA,300+,1,95.67175827,74.33373018,Core CS,Other,5.220110009,Placed,89064.60752,1,1
8.401833527,0,Tier 2,USA,300+,0,59.92506866,39.44973436,Cloud,Manufacturing,6.636007171,Placed,116824.4768,2,1
6.632774661,2,Tier 3,USA,300+,2,59.95769865,57.03099041,Cloud,Tech,3.325075542,Placed,102308.9047,1,1
7.174974613,2,Tier 1,Canada,100-300,3,82.07059925,49.2269442,Cloud,Finance,4.041816212,Placed,111938.6289,3,2
6.866548207,0,Tier 2,UK,Top 100,1,55.73906596,78.63304642,Cloud,Manufacturing,2.498091192,Placed,92149.8632,2,3
6.990402124,1,Tier 3,UK,300+,0,59.52823945,36.59218622,AI/ML,Consulting,4.94490628,Placed,81655.90126,1,1
7.581209298,2,Tier 1,India,100-300,1,92.53292654,73.44806186,Data Science,Healthcare,5.308037986,Placed,64681.80063,3,2
7.55496489,0,Tier 2,Canada,100-300,2,74.29711478,68.36308974,Data Science,Healthcare,6.535337966,Placed,109373.0832,2,2
8.2675955,0,Tier 3,UK,100-300,2,42.08460562,73.84531432,Cloud,Other,6.669996039,Placed,87673.29219,1,2
6.367986323,3,Tier 3,Germany,Top 100,5,74.95844262,100.0,Cybersecurity,Healthcare,6.071346363,Placed,70391.10136,1,3
7.554252168,2,Tier 2,Canada,100-300,4,73.03019089,64.38479198,Cybersecurity,Consulting,5.627763624,Placed,93133.52762,2,2
6.773034617,1,Tier 2,USA,100-300,1,87.5762375,71.27645065,Cloud,Other,4.416686218,Placed,104834.8715,2,2
6.728375875,1,Tier 2,UK,300+,2,84.42261935,46.85545412,Core CS,Healthcare,6.237464431,Placed,89698.86332,2,1
7.768745743,0,Tier 3,UK,300+,1,78.03583593,75.74395639,AI/ML,Finance,6.683549149,Placed,92291.25397,1,1
7.517523619,1,Tier 3,Germany,100-300,1,92.41416232,72.84560405,AI/ML,Other,2.863650414,Placed,82750.81853,1,2
8.212331052,2,Tier 3,Germany,100-300,2,64.60660575,40.02546965,Data Science,Healthcare,6.503689835,Placed,81771.20159,1,2
7.917189727,2,Tier 2,India,100-300,4,43.42897411,76.56292535,Cybersecurity,Manufacturing,8.164968961,Placed,46112.58495,2,2
6.110138024,0,Tier 1,Canada,100-300,2,87.89446108,56.14992146,Cybersecurity,Other,4.080905541,Placed,103625.6862,3,2
7.407436259,2,Tier 3,India,100-300,1,65.65772265,82.23824971,Core CS,Finance,6.466792082,Placed,33749.88053,1,2
6.507143028,1,Tier 1,Canada,300+,3,64.87806897,63.54159364,AI/ML,Consulting,3.867479363,Placed,114793.1558,3,1
8.29363594,0,Tier 3,Canada,300+,2,61.86836499,51.88852737,AI/ML,Other,4.242026728,Placed,90355.95276,1,1
6.383660161,1,Tier 1,USA,Top 100,2,68.02483313,67.90892029,AI/ML,Other,4.818035731,Placed,120000.0,3,3
7.914689224,3,Tier 2,Canada,100-300,0,73.22393668,65.28946678,AI/ML,Tech,5.161531195,Placed,112620.6552,2,2
7.147886923,2,Tier 2,India,100-300,1,63.31303022,71.61868404,Core CS,Other,6.199016841,Placed,40198.1182,2,2
5.423753135,3,Tier 1,UK,Top 100,1,61.6231567,56.67327863,AI/ML,Healthcare,4.852952927,Placed,118459.9276,3,3
6.823547248,0,Tier 3,India,100-300,2,73.86787718,79.39645238,Cloud,Tech,4.730981434,Placed,46179.58016,1,2
7.197524851,1,Tier 3,UK,Top 100,3,76.06819427,39.42806757,Cybersecurity,Healthcare,5.796540836,Placed,83800.10833,1,3
6.099841738,1,Tier 1,UK,100-300,2,49.99229791,54.95138242,AI/ML,Manufacturing,7.997900385,Placed,120000.0,3,2
7.449178104,1,Tier 3,Germany,100-300,0,82.99225571,77.75401171,Cybersecurity,Healthcare,5.549047363,Placed,74900.08919,1,2
7.450283584,2,Tier 1,USA,300+,3,84.913069,73.928054,AI/ML,Healthcare,4.392020022,Placed,120000.0,3,1
6.889807152,1,Tier 1,USA,100-300,3,46.98253559,77.44363914,Core CS,Manufacturing,3.79990488,Placed,120000.0,3,2
7.624161377,0,Tier 2,Canada,100-300,0,81.82518734,81.00935809,Data Science,Tech,5.955713364,Placed,116807.7246,2,2
8.318302085,0,Tier 2,USA,100-300,2,71.44495324,64.66478524,Cloud,Manufacturing,3.351056104,Placed,109822.0379,2,2
7.101050012,1,Tier 3,Canada,300+,1,62.58323972,61.4358999,AI/ML,Finance,3.877852187,Placed,79044.47827,1,1
8.844757269,3,Tier 1,UK,100-300,2,52.31907322,77.07056086,Data Science,Other,5.766496594,Placed,120000.0,3,2
7.637144293,2,Tier 1,USA,Top 100,1,66.47084089,73.07293271,AI/ML,Healthcare,5.440792173,Placed,120000.0,3,3
8.331189024,1,Tier 1,Germany,Top 100,2,71.41726922,71.20642187,Data Science,Consulting,5.028029976,Placed,120000.0,3,3
6.740113659,0,Tier 2,Germany,300+,2,100.0,77.24743181,Data Science,Other,5.885853273,Placed,94150.58674,2,1
7.687704629,2,Tier 1,India,300+,3,79.93271061,75.13563328,Cloud,Other,6.994796836,Placed,53347.6071,3,1
6.214384402,0,Tier 2,Germany,Top 100,2,70.18526067,73.65756602,Cybersecurity,Finance,4.763049601,Placed,79557.12003,2,3
7.307973133,1,Tier 2,USA,Top 100,2,65.95810716,84.3116757,Cloud,Consulting,3.39496085,Placed,120000.0,2,3
7.638853338,0,Tier 3,UK,300+,0,75.10490026,63.87559048,Data Science,Consulting,7.315386877,Placed,92912.25393,1,1
7.89674921,1,Tier 1,USA,300+,4,60.42835746,60.07185354,Cloud,Consulting,4.095787381,Placed,120000.0,3,1
8.25570287,0,Tier 2,India,Top 100,1,73.08519232,85.32621504,Core CS,Healthcare,6.802153989,Placed,55314.18958,2,3
7.954889404,1,Tier 2,India,300+,2,71.91092863,74.87807206,AI/ML,Manufacturing,3.403736062,Placed,54590.08069,2,1
7.721673049,0,Tier 3,India,100-300,5,48.17437284,55.10721064,Data Science,Tech,4.133748575,Placed,48532.44443,1,2
7.165991038,0,Tier 2,India,100-300,0,77.58140499,83.59143318,Data Science,Tech,7.031741652,Placed,64380.9446,2,2
7.356542326,1,Tier 3,India,300+,3,64.49221003,75.56204963,Cloud,Consulting,5.071873308,Placed,37124.40319,1,1
6.100702513,1,Tier 1,Canada,300+,4,70.7943621,69.74618172,Data Science,Consulting,7.527274303,Placed,113366.5405,3,1
7.082033152,1,Tier 2,USA,300+,2,74.35223196,74.78962795,Data Science,Healthcare,4.735462154,Placed,117947.9087,2,1
7.664968883,1,Tier 2,India,Top 100,0,81.91193593,51.1356508,Cybersecurity,Tech,4.871398813,Placed,56934.07526,2,3
7.697244773,2,Tier 1,USA,300+,0,73.16992417,59.70997414,Core CS,Healthcare,5.529789914,Placed,120000.0,3,1
7.261736442,0,Tier 3,India,Top 100,1,73.6337726,55.49122451,Core CS,Tech,5.419469293,Placed,46187.60293,1,3
8.104111151,0,Tier 2,Canada,300+,2,63.68249238,50.04595911,AI/ML,Consulting,2.728672375,Placed,104526.7641,2,1
8.629768512,1,Tier 1,Germany,100-300,4,63.6317655,67.46451238,Core CS,Consulting,6.593144409,Placed,108235.9608,3,2
7.161390924,4,Tier 2,USA,Top 100,3,81.56721563,82.66155719,Cloud,Consulting,7.510897823,Placed,117476.4096,2,3
6.972348608,1,Tier 1,USA,100-300,2,81.82525006,30.73974386,AI/ML,Finance,4.507682971,Placed,120000.0,3,2
8.87649933,4,Tier 2,USA,300+,1,75.33543528,83.59815895,AI/ML,Finance,7.722432845,Placed,120000.0,2,1
6.055631612,1,Tier 1,USA,100-300,2,51.07881909,60.93195105,Data Science,Healthcare,2.132292316,Placed,120000.0,3,2
8.273619919,2,Tier 1,India,Top 100,5,54.13340569,67.95232493,Data Science,Finance,3.731985119,Placed,68693.68423,3,3
7.510549599,0,Tier 2,India,300+,4,79.90932447,52.14440338,Cybersecurity,Consulting,3.795305579,Placed,39072.40742,2,1
8.395448892,0,Tier 1,UK,100-300,0,52.32315529,74.0130271,Cloud,Manufacturing,4.710353955,Placed,120000.0,3,2
7.530878295,2,Tier 3,UK,100-300,2,62.83776335,60.38506369,Cybersecurity,Other,5.369444789,Placed,69602.13314,1,2
7.327312738,0,Tier 1,UK,Top 100,0,59.09853267,81.53278646,Cloud,Tech,4.272045524,Placed,120000.0,3,3
8.13187253,0,Tier 2,Canada,Top 100,0,63.42767145,69.52222168,AI/ML,Manufacturing,5.687497754,Placed,117667.5869,2,3
6.300640584,2,Tier 3,USA,Top 100,2,75.65309185,62.16089089,Cybersecurity,Manufacturing,4.984144924,Placed,92599.9588,1,3
6.637847881,0,Tier 2,UK,Top 100,0,57.48875114,73.38514916,Cloud,Other,5.531246541,Placed,96544.68552,2,3
6.737299792,1,Tier 1,USA,100-300,3,88.0837504,71.92226741,AI/ML,Other,5.203436915,Placed,120000.0,3,2
7.886176877,1,Tier 3,Canada,300+,2,71.77204926,65.11902228,Cloud,Consulting,5.572467514,Placed,72633.55808,1,1
7.453281719,0,Tier 2,USA,Top 100,1,100.0,54.85646221,AI/ML,Consulting,7.19490592,Placed,120000.0,2,3
7.5154484,4,Tier 2,Germany,100-300,4,81.42357377,35.3543784,Cloud,Consulting,5.150895788,Placed,85444.8244,2,2
7.117180489,2,Tier 1,India,300+,0,80.29794504,59.37008549,Core CS,Other,4.344874375,Placed,45446.25469,3,1
7.418659026,0,Tier 3,Germany,300+,4,80.70714953,75.84378979,Data Science,Consulting,3.591795714,Placed,76781.80419,1,1
6.359527726,1,Tier 3,Canada,Top 100,0,82.77599612,87.69530938,Data Science,Tech,5.342213216,Placed,89251.45324,1,3
6.752392091,0,Tier 2,UK,300+,2,78.05360444,61.28138293,Cybersecurity,Tech,2.721997988,Placed,100548.0859,2,1
7.15360339,0,Tier 3,UK,300+,1,78.27168298,30.0,Cybersecurity,Finance,3.902777123,Placed,79500.84196,1,1
6.889331774,3,Tier 2,Germany,Top 100,4,79.49214541,97.20599436,Cloud,Finance,6.364290514,Placed,82945.62215,2,3
6.698061279,1,Tier 1,Canada,100-300,2,66.803893,68.71195341,Cybersecurity,Other,3.601551169,Placed,92038.74523,3,2
9.526217026,0,Tier 1,Canada,100-300,1,85.74735919,68.84393119,Cybersecurity,Other,5.253169878,Placed,120000.0,3,2
7.725429818,1,Tier 2,Germany,Top 100,0,66.29832696,72.27106323,Cybersecurity,Consulting,3.805634345,Placed,85036.6794,2,3
6.639024938,0,Tier 2,Canada,300+,3,74.37380353,68.4262171,Cloud,Finance,4.936063518,Placed,90696.49798,2,1
7.234263075,0,Tier 3,Germany,100-300,3,75.99627682,93.4995638,Data Science,Other,8.056882644,Placed,76855.72174,1,2
6.490494089,0,Tier 3,USA,100-300,0,54.7339381,68.95431863,Cloud,Manufacturing,6.958620065,Placed,79249.83285,1,2
7.165711549,0,Tier 1,India,Top 100,2,91.06618368,59.99516567,Data Science,Consulting,4.799597032,Placed,76551.36507,3,3
8.182496981,0,Tier 1,India,300+,1,99.44068774,70.98740015,Data Science,Healthcare,6.29362794,Placed,63772.16794,3,1
6.398923624,4,Tier 3,USA,Top 100,3,56.16459057,88.76784488,Core CS,Manufacturing,6.465558483,Placed,92996.58033,1,3
8.216073393,0,Tier 1,India,Top 100,2,80.22870473,58.21620526,AI/ML,Other,6.536369982,Placed,58599.83789,3,3
8.640997555,0,Tier 2,Germany,100-300,1,91.78998891,50.42119271,Data Science,Finance,4.921459105,Placed,113751.2329,2,2
6.444956466,0,Tier 1,UK,300+,3,71.22743634,41.10843668,Data Science,Finance,5.579563896,Placed,118059.9854,3,1
6.92054853,1,Tier 3,USA,300+,1,67.40635232,84.99246455,Data Science,Healthcare,3.211654741,Placed,102151.0703,1,1
6.751682557,0,Tier 2,USA,100-300,0,62.39201287,73.77570825,Data Science,Healthcare,4.219312975,Placed,118766.7116,2,2
7.70484975,0,Tier 2,USA,100-300,2,66.74079993,74.47138525,Core CS,Other,6.490153163,Placed,106456.8991,2,2
7.432471633,0,Tier 3,Germany,300+,1,77.90197759,69.10464843,Cybersecurity,Healthcare,4.292665699,Placed,62980.44113,1,1
7.495266536,2,Tier 1,Germany,100-300,1,51.65294685,64.5344496,Cloud,Finance,5.156741292,Placed,111322.6996,3,2
6.699592815,0,Tier 1,Canada,100-300,2,61.39569743,40.65290449,Cloud,Tech,5.115100384,Placed,105256.4418,3,2
8.015404538,1,Tier 2,USA,100-300,3,95.94952683,81.96026454,Cloud,Tech,4.820463212,Placed,120000.0,2,2
6.602146283,1,Tier 3,India,Top 100,3,76.71377297,93.96245387,Data Science,Consulting,4.381303803,Placed,49210.72726,1,3
7.130667745,0,Tier 3,India,300+,0,70.75989908,72.37456835,Cloud,Finance,6.350581356,Placed,41455.25453,1,1
8.169373613,0,Tier 2,USA,Top 100,2,75.88172567,83.43893686,Core CS,Consulting,5.574334383,Placed,120000.0,2,3
7.777129886,2,Tier 1,India,Top 100,0,70.46355054,62.94834225,Cybersecurity,Tech,6.680036089,Placed,64160.11957,3,3
5.963793103,1,Tier 3,UK,Top 100,2,71.08314193,32.54858406,Core CS,Manufacturing,5.819502761,Placed,81438.44019,1,3
6.049957467,1,Tier 3,Canada,Top 100,0,47.55952247,91.085526,Data Science,Consulting,5.719880013,Placed,79469.21794,1,3
7.463127854,0,Tier 3,Canada,300+,1,64.14215076,60.35794426,Core CS,Consulting,4.393752727,Placed,76357.10443,1,1
6.948529882,1,Tier 2,Germany,Top 100,0,76.17453317,44.89784874,Data Science,Other,5.10690342,Placed,97821.1095,2,3
7.623862913,1,Tier 3,India,300+,0,76.34430931,94.72990853,Cloud,Healthcare,7.115557185,Placed,32632.73096,1,1
6.699912804,2,Tier 3,UK,100-300,2,77.96873677,72.26321845,Cybersecurity,Finance,5.867227629,Placed,76775.13627,1,2
8.254815188,0,Tier 1,India,Top 100,2,72.77562533,54.75671137,Data Science,Tech,4.321477919,Placed,78162.69449,3,3
7.525543253,1,Tier 3,Germany,Top 100,1,48.30967502,54.48880801,Cybersecurity,Healthcare,4.802209614,Placed,65495.33332,1,3
6.725331859,2,Tier 1,Canada,Top 100,2,77.38370105,70.95436182,Cloud,Consulting,4.968868336,Placed,108363.1247,3,3
7.913765914,1,Tier 2,India,300+,2,39.21731691,74.6655791,Data Science,Other,3.752583837,Placed,51577.50845,2,1
7.925795638,2,Tier 2,USA,100-300,1,93.64181973,45.72419512,Core CS,Other,5.089937232,Placed,116772.141,2,2
6.86280352,0,Tier 1,India,100-300,3,97.6020779,30.71003235,Core CS,Finance,2.235317795,Placed,55824.69445,3,2
6.412263125,1,Tier 1,UK,300+,1,75.93326763,80.33812225,Cybersecurity,Other,3.787339341,Placed,105345.3296,3,1
7.764748658,1,Tier 2,India,100-300,3,69.14988879,48.90450881,Core CS,Manufacturing,6.613692513,Placed,50714.91764,2,2
7.946839282,1,Tier 2,USA,100-300,3,53.88536211,67.80650855,Cloud,Finance,6.097184035,Placed,120000.0,2,2
6.068269321,0,Tier 1,UK,Top 100,0,59.55536334,78.44673583,Data Science,Consulting,5.507216638,Placed,120000.0,3,3
7.180205346,2,Tier 2,UK,300+,0,72.89306021,50.21208272,Cybersecurity,Healthcare,4.158203587,Placed,96404.68061,2,1
7.503488507,3,Tier 1,Germany,Top 100,1,87.76975707,52.15079816,Cloud,Manufacturing,4.765327301,Placed,106777.7339,3,3
6.760744732,0,Tier 3,USA,100-300,0,63.39761487,51.49369591,AI/ML,Consulting,5.570378959,Placed,94896.33838,1,2
7.050585717,1,Tier 3,UK,300+,1,83.57046736,62.76591953,Data Science,Consulting,3.992178459,Placed,78364.49021,1,1
6.073117389,1,Tier 2,Germany,Top 100,1,66.07156453,51.62521742,AI/ML,Consulting,3.061862986,Placed,98812.73656,2,3
7.718124617,0,Tier 1,India,100-300,0,56.50747167,77.00415943,AI/ML,Manufacturing,4.414279021,Placed,67155.96039,3,2
8.004957952,0,Tier 3,USA,100-300,1,76.03340619,72.29986185,Core CS,Healthcare,4.258051456,Placed,99892.7385,1,2
7.950170707,2,Tier 2,India,100-300,0,80.82611733,75.73679078,Cloud,Finance,7.285027376,Placed,58896.73741,2,2
7.397307692,0,Tier 1,Germany,100-300,1,53.79409546,62.22566291,Cybersecurity,Finance,6.626742611,Placed,109859.6056,3,2
6.976248968,0,Tier 2,Canada,300+,1,75.96036751,63.53476807,Cybersecurity,Tech,4.48232758,Placed,90894.56377,2,1
7.389774556,2,Tier 1,USA,100-300,4,66.70657885,40.43387784,Cloud,Finance,4.656605859,Placed,120000.0,3,2
7.61384589,0,Tier 2,UK,100-300,1,82.02363811,42.35480631,Core CS,Consulting,5.776210215,Placed,101111.9226,2,2
7.115402818,1,Tier 2,Germany,Top 100,2,69.78618318,47.02694888,Data Science,Finance,5.773831328,Placed,100200.4285,2,3
7.264627045,1,Tier 1,Canada,Top 100,1,67.95325468,48.20549268,Core CS,Finance,8.622910755,Placed,114213.3929,3,3
7.067892367,1,Tier 2,USA,300+,0,46.93761353,67.96283988,Core CS,Other,6.674113761,Placed,91050.22284,2,1
7.548495499,0,Tier 2,Canada,100-300,1,74.46886229,37.62302395,Core CS,Consulting,5.52642254,Placed,94180.00526,2,2
7.250292521,0,Tier 1,Canada,Top 100,1,76.54376667,65.43616977,Cybersecurity,Healthcare,3.504243297,Placed,118145.9248,3,3
7.052590128,0,Tier 3,Canada,100-300,3,70.1993757,43.66009637,Core CS,Other,3.420060724,Placed,76513.51077,1,2
6.785304961,0,Tier 2,USA,Top 100,3,75.40571496,64.95399963,Data Science,Other,5.011445848,Placed,118910.2317,2,3
7.06503314,2,Tier 3,India,300+,0,63.85150967,55.18669948,Data Science,Consulting,7.75744401,Placed,37040.19885,1,1
7.387673103,1,Tier 2,USA,300+,1,38.81960264,68.64409902,Cybersecurity,Finance,7.160807265,Placed,113095.4868,2,1
7.213980311,1,Tier 3,USA,100-300,1,64.47656823,67.13869491,Data Science,Consulting,5.815959655,Placed,105959.7216,1,2
8.074177489,0,Tier 1,USA,300+,3,74.12895916,76.60389837,AI/ML,Finance,3.775878,Placed,120000.0,3,1
7.212131138,2,Tier 3,USA,Top 100,2,53.74951264,48.8580551,Cloud,Other,4.498595472,Placed,94585.14503,1,3
5.90704133,2,Tier 1,USA,Top 100,3,80.50669763,81.37401367,Data Science,Tech,6.439373861,Placed,120000.0,3,3
6.134869295,1,Tier 2,Germany,300+,1,67.54316117,77.23199052,AI/ML,Tech,6.815696395,Placed,97325.88056,2,1
7.268677812,0,Tier 2,Germany,300+,1,72.94301719,56.85705034,Core CS,Finance,4.48013481,Placed,85787.80028,2,1
7.413117334,1,Tier 2,India,Top 100,1,76.87387719,90.35791943,Cybersecurity,Consulting,4.448140607,Placed,50211.40906,2,3
6.003959021,0,Tier 3,Germany,100-300,1,58.56608971,47.77139795,AI/ML,Other,4.13090036,Placed,78528.43608,1,2
6.515132934,3,Tier 2,UK,Top 100,2,52.68601004,71.28873725,Core CS,Finance,5.438535956,Placed,90401.58485,2,3
6.610658942,0,Tier 2,Germany,100-300,2,92.18213945,61.63613336,Cybersecurity,Manufacturing,4.433104412,Placed,84772.43856,2,2
7.754878221,0,Tier 1,USA,100-300,0,63.54322677,100.0,AI/ML,Finance,6.831357781,Placed,120000.0,3,2
6.984702256,1,Tier 1,UK,100-300,1,60.87152458,84.39362764,Cloud,Healthcare,3.829840362,Placed,109664.1611,3,2
5.920280264,1,Tier 1,Canada,100-300,1,89.50916147,37.66088521,Cloud,Other,4.412063342,Placed,105901.3755,3,2
8.136147951,0,Tier 2,India,100-300,2,74.02056062,40.76002789,Core CS,Consulting,5.385889015,Placed,50060.44705,2,2
7.47369112,0,Tier 2,Canada,300+,1,35.39269881,71.83383984,Cloud,Consulting,4.772072163,Placed,80953.69491,2,1
7.575679598,2,Tier 2,India,100-300,0,68.08207252,56.54612789,Core CS,Manufacturing,4.202841801,Placed,52178.79617,2,2
6.943821104,0,Tier 2,USA,Top 100,1,79.15631274,62.99700568,AI/ML,Healthcare,6.292514011,Placed,120000.0,2,3
6.770312396,1,Tier 1,India,Top 100,1,69.81752722,61.63179649,Cloud,Other,4.136891492,Placed,62688.66771,3,3
6.4068014,0,Tier 1,UK,100-300,5,53.06736464,43.26195162,AI/ML,Finance,4.966162982,Placed,120000.0,3,2
6.724994784,0,Tier 3,Germany,100-300,1,98.5336406,63.98075599,Cybersecurity,Other,6.26873274,Placed,62004.87385,1,2
7.097168851,0,Tier 2,UK,100-300,3,66.3082891,52.97857514,Cloud,Tech,7.497198107,Placed,110973.0722,2,2
7.535268168,2,Tier 2,UK,Top 100,1,52.14138054,51.4651478,AI/ML,Tech,6.712772693,Placed,120000.0,2,3
8.495253203,0,Tier 1,Germany,100-300,3,68.22809886,77.88479873,Cybersecurity,Healthcare,6.664474258,Placed,107253.9425,3,2
5.667899763,1,Tier 2,India,300+,1,76.48294302,91.67824373,Core CS,Consulting,2.892764361,Placed,42205.50376,2,1
6.879625487,1,Tier 1,USA,300+,0,83.98823252,69.99457224,Cybersecurity,Healthcare,5.995594933,Placed,116217.9003,3,1
6.469468328,0,Tier 2,Canada,300+,1,55.060273,55.14729066,Core CS,Healthcare,4.925825093,Placed,84472.60106,2,1
7.166288401,1,Tier 3,Germany,300+,2,32.54644018,55.2109159,AI/ML,Tech,6.800985371,Placed,88239.64457,1,1
7.106078138,1,Tier 2,USA,Top 100,1,70.67378519,68.50139676,Core CS,Healthcare,5.388701638,Placed,102530.4918,2,3
6.659345601,0,Tier 2,Canada,100-300,2,89.84327014,75.69119203,Data Science,Tech,4.482187866,Placed,115264.5449,2,2
7.222385952,0,Tier 3,Germany,300+,1,88.44237771,88.6016045,AI/ML,Tech,5.46765252,Placed,82977.94796,1,1
7.035641732,2,Tier 3,USA,100-300,1,100.0,56.72653457,Cybersecurity,Other,5.485570034,Placed,87913.71216,1,2
5.907108735,1,Tier 3,Germany,300+,2,71.51765557,56.49798042,Cybersecurity,Manufacturing,4.730425051,Placed,60725.00874,1,1
7.846368571,0,Tier 3,UK,Top 100,1,53.25244538,78.45948684,Cloud,Manufacturing,4.362757152,Placed,88455.25851,1,3
7.370641208,0,Tier 3,UK,300+,1,83.78080415,67.44698834,Core CS,Other,7.882298801,Placed,75957.42585,1,1
6.733561903,0,Tier 2,USA,300+,1,85.40123862,93.07780996,Cloud,Tech,3.441492774,Placed,113679.0805,2,1
6.779283423,0,Tier 3,UK,Top 100,1,87.30982828,50.27835802,AI/ML,Manufacturing,3.930595608,Placed,89189.61157,1,3
6.020478234,1,Tier 3,USA,300+,2,86.38195733,75.39899397,Cybersecurity,Healthcare,1.223863928,Placed,82234.86563,1,1
7.45323279,0,Tier 3,UK,100-300,2,69.97158154,48.86025858,Cybersecurity,Other,3.38614016,Placed,81749.35671,1,2
7.784919772,1,Tier 2,India,Top 100,1,69.6662964,45.58232794,Cybersecurity,Tech,4.806250585,Placed,59091.75574,2,3
6.690456443,0,Tier 3,Canada,300+,0,73.99619223,60.5313962,Data Science,Tech,4.127145064,Placed,87750.42577,1,1
8.390387988,0,Tier 3,Canada,100-300,2,79.49642142,77.72124046,Cloud,Other,4.746452772,Placed,81890.04007,1,2
7.27100653,2,Tier 1,Canada,100-300,3,56.59135831,70.67175667,Cloud,Healthcare,9.282596355,Placed,107969.7906,3,2
6.945371034,2,Tier 2,Canada,Top 100,2,97.54772065,80.34559861,Data Science,Finance,4.909833047,Placed,99912.32425,2,3
6.789261092,2,Tier 1,India,Top 100,2,62.38846586,73.33055818,Core CS,Manufacturing,6.859344501,Placed,47320.49385,3,3
6.758184486,1,Tier 2,USA,Top 100,0,100.0,75.59272916,Cybersecurity,Healthcare,4.658835117,Placed,115282.176,2,3
6.251335016,0,Tier 3,Germany,Top 100,1,71.04050613,45.13854412,AI/ML,Other,3.64273418,Placed,79672.7904,1,3
6.906742923,0,Tier 2,UK,100-300,4,67.72175559,96.5203689,Cloud,Healthcare,6.954264087,Placed,90923.14346,2,2
7.171335153,2,Tier 3,Germany,300+,5,65.36483101,54.06750002,Cloud,Consulting,6.128711282,Placed,64236.91809,1,1
6.660933169,0,Tier 3,UK,100-300,2,77.27560431,55.11477607,Data Science,Consulting,7.167000333,Placed,89083.44278,1,2
7.587285069,0,Tier 2,Germany,300+,1,78.55393748,43.6332177,AI/ML,Other,8.466987456,Placed,96163.75141,2,1
7.547588907,3,Tier 1,USA,Top 100,2,61.46750514,79.9557958,Cybersecurity,Other,5.326119035,Placed,120000.0,3,3
6.29628506,0,Tier 3,India,100-300,2,95.0958436,78.43011739,Core CS,Consulting,5.673200808,Placed,25595.36833,1,2
6.821579455,1,Tier 1,India,100-300,2,49.04064656,77.54753294,Cybersecurity,Finance,4.178207961,Placed,57960.50942,3,2
6.877716007,0,Tier 1,UK,300+,2,61.03129222,70.15058986,Data Science,Healthcare,6.656347408,Placed,116674.4139,3,1
7.346849968,0,Tier 2,Germany,100-300,2,70.8715764,59.34035219,Cybersecurity,Other,4.31203573,Placed,80456.38798,2,2
8.410383722,0,Tier 2,India,300+,0,47.10038982,80.5041174,Data Science,Other,6.936751022,Placed,55378.50882,2,1
6.593826585,3,Tier 1,Canada,100-300,0,82.34637324,62.39775636,Cybersecurity,Manufacturing,2.707501253,Placed,104146.7026,3,2
7.660738866,0,Tier 3,UK,100-300,1,69.53268892,67.27884275,Cloud,Healthcare,9.368715409,Placed,84639.82629,1,2
8.346651661,0,Tier 1,Canada,100-300,5,59.97997401,78.33672613,Cloud,Consulting,6.064444514,Placed,113054.5531,3,2
7.31421469,2,Tier 3,Canada,300+,4,84.06409187,40.20403803,Cloud,Finance,3.081431025,Placed,78858.38544,1,1
6.12980106,0,Tier 2,Canada,300+,1,67.91708662,66.32621858,Cybersecurity,Healthcare,6.069248795,Placed,74310.47409,2,1
6.900886109,0,Tier 3,UK,300+,1,62.29714201,72.19756003,AI/ML,Consulting,7.326317427,Placed,90254.9127,1,1
6.105181213,0,Tier 3,Germany,300+,3,67.37181395,61.55321619,Core CS,Healthcare,5.541212131,Placed,53222.09925,1,1
6.759896971,2,Tier 3,USA,Top 100,1,84.35722535,84.93428085,Cybersecurity,Finance,5.054790803,Placed,96841.99647,1,3
6.196529739,1,Tier 2,Canada,100-300,3,83.15728578,71.28933971,Cybersecurity,Finance,5.628605068,Placed,85240.07423,2,2
7.101459748,1,Tier 1,Canada,Top 100,1,76.69442505,66.78122967,Core CS,Other,2.307607865,Placed,108096.939,3,3
6.706926658,1,Tier 1,Germany,100-300,3,87.45131882,44.8067902,Data Science,Finance,6.948034138,Placed,116532.0393,3,2
6.210672778,0,Tier 2,Canada,100-300,1,67.14949558,76.00794276,AI/ML,Finance,5.941473182,Placed,99868.29593,2,2
7.501501651,0,Tier 1,Germany,Top 100,4,88.83255745,67.1069067,Data Science,Finance,6.767490916,Placed,120000.0,3,3
6.209176794,0,Tier 2,Canada,100-300,1,84.18648107,89.34102346,Cybersecurity,Finance,6.319302422,Placed,97040.94405,2,2
8.792741245,0,Tier 3,Germany,300+,3,66.59398837,56.53224992,AI/ML,Tech,9.13357748,Placed,99629.3115,1,1
7.381144133,0,Tier 3,Germany,100-300,2,54.67568792,90.86390872,Core CS,Consulting,4.906170585,Placed,73936.28444,1,2
8.132163621,0,Tier 3,USA,100-300,2,56.90745405,76.23792412,Cybersecurity,Consulting,3.219111466,Placed,92565.50806,1,2
8.473452488,0,Tier 3,USA,300+,2,45.34438642,56.97889254,Cloud,Manufacturing,4.278047481,Placed,94630.72272,1,1
6.883720462,1,Tier 3,Germany,100-300,1,65.39406088,82.48973838,Core CS,Other,4.540909514,Placed,65444.22699,1,2
7.277917989,0,Tier 3,USA,Top 100,4,72.81675294,50.41565686,Core CS,Manufacturing,3.098662875,Placed,94910.54329,1,3
6.882245799,1,Tier 1,Germany,300+,3,100.0,44.57408491,Core CS,Finance,4.333488075,Placed,100896.9559,3,1
6.840749957,1,Tier 1,Germany,100-300,1,56.17750044,48.62478305,Core CS,Other,5.795339712,Placed,101681.7805,3,2
7.147861627,2,Tier 2,USA,100-300,2,45.84916555,65.36705089,Cybersecurity,Manufacturing,2.904448203,Placed,106484.5294,2,2
7.266208383,2,Tier 1,USA,300+,1,82.27418703,70.93206996,Cybersecurity,Healthcare,5.005003909,Placed,120000.0,3,1
7.190114125,2,Tier 2,Germany,100-300,0,80.2234631,34.17320284,Cybersecurity,Consulting,4.978280992,Placed,85948.36975,2,2
6.031405899,2,Tier 3,India,100-300,2,75.46711053,45.47051762,Cloud,Consulting,6.822443814,Placed,34712.10653,1,2
6.774207526,0,Tier 1,UK,300+,3,87.15851431,52.50262145,Data Science,Other,4.972224075,Placed,120000.0,3,1
7.840619432,3,Tier 1,Germany,100-300,3,76.94576095,50.13285956,Cloud,Healthcare,5.79937489,Placed,113160.2113,3,2
7.762407599,0,Tier 3,USA,300+,0,76.50750793,56.13738092,Data Science,Other,4.289825352,Placed,103037.6719,1,1
6.76009802,0,Tier 1,Canada,100-300,0,57.16124112,66.30195535,AI/ML,Healthcare,3.097040381,Placed,117787.0817,3,2
7.205426606,1,Tier 1,India,300+,5,56.98513526,71.01324398,AI/ML,Tech,6.013664672,Placed,69964.67144,3,1
6.817221965,1,Tier 3,USA,300+,2,78.45742811,90.64877367,Core CS,Manufacturing,7.844968395,Placed,82435.53705,1,1
5.763954874,3,Tier 2,Canada,Top 100,3,73.04506809,62.75544753,Core CS,Other,4.27270831,Placed,79851.64596,2,3
7.237258141,1,Tier 2,India,Top 100,1,64.29261373,72.45942701,Cybersecurity,Consulting,5.963013692,Placed,45358.37829,2,3
8.194362098,0,Tier 2,India,100-300,2,91.48525257,66.31234044,Data Science,Manufacturing,2.925640317,Placed,63319.90219,2,2
6.687180267,0,Tier 2,USA,300+,3,48.98201454,91.64289108,Cloud,Finance,6.715583969,Placed,105442.3108,2,1
8.183585409,0,Tier 2,Canada,300+,1,81.80615734,69.07951661,Data Science,Manufacturing,6.968848848,Placed,107034.3371,2,1
7.653973701,0,Tier 3,Germany,Top 100,2,50.37609052,31.78818501,Core CS,Finance,9.281390827,Placed,70230.53651,1,3
6.269233136,0,Tier 3,UK,100-300,0,65.32235145,65.37627475,Core CS,Other,3.691350317,Placed,66830.1624,1,2
7.24563139,0,Tier 2,India,100-300,1,64.78986578,63.35326509,AI/ML,Finance,2.957544118,Placed,61919.16533,2,2
7.500467675,2,Tier 3,India,300+,0,57.91851578,92.62337759,AI/ML,Finance,4.388233897,Placed,47850.64857,1,1
6.821382729,0,Tier 2,USA,300+,3,65.07819593,53.16741483,AI/ML,Other,5.773528775,Placed,119854.6273,2,1
6.754203019,1,Tier 3,India,300+,4,78.54141279,78.08585473,AI/ML,Manufacturing,7.801166498,Placed,35138.39466,1,1
8.095275666,0,Tier 2,Canada,Top 100,3,63.76013518,65.86591046,Cloud,Healthcare,4.759726253,Placed,98841.35371,2,3
6.819718812,1,Tier 3,Germany,300+,0,60.65789808,62.95052943,Cloud,Manufacturing,5.382013544,Placed,67173.85697,1,1
8.333330607,0,Tier 2,Germany,100-300,3,61.74110561,51.69416222,Cybersecurity,Consulting,4.35243087,Placed,91557.99182,2,2
6.508685175,2,Tier 2,USA,100-300,2,75.7822651,62.20621336,Cloud,Finance,5.083667112,Placed,106097.214,2,2
8.219613745,0,Tier 2,India,100-300,0,57.86969736,44.44689046,Cybersecurity,Consulting,6.574892176,Placed,53170.22384,2,2
6.644042887,0,Tier 1,UK,300+,3,80.91665951,57.98999854,Core CS,Finance,5.726481134,Placed,105134.1236,3,1
8.280859445,2,Tier 1,Germany,300+,2,80.40941828,53.8919842,Cybersecurity,Healthcare,5.781847483,Placed,103312.819,3,1
7.713472464,2,Tier 2,USA,Top 100,4,77.84589891,68.49744186,Cloud,Consulting,5.287408074,Placed,106493.7891,2,3
6.876280235,1,Tier 2,UK,300+,1,61.42958064,74.64196715,Core CS,Healthcare,7.876539931,Placed,88820.70901,2,1
7.081304043,0,Tier 2,India,300+,4,73.03418031,62.76821973,Cybersecurity,Healthcare,6.339134039,Placed,39263.07805,2,1
7.933774187,1,Tier 1,India,Top 100,1,70.80929881,92.84101606,Cybersecurity,Healthcare,5.810243143,Placed,60775.01984,3,3
8.270757741,0,Tier 1,Germany,300+,2,63.42661869,75.43604352,Cybersecurity,Healthcare,7.616458397,Placed,104720.2353,3,1
6.452010257,2,Tier 1,Germany,100-300,1,66.65592175,61.43022523,AI/ML,Healthcare,3.69710805,Placed,111474.0023,3,2
7.640945411,1,Tier 2,India,Top 100,1,53.92007893,53.38065261,Core CS,Finance,6.431621924,Placed,46465.89542,2,3
7.612321725,0,Tier 1,USA,Top 100,0,91.89484233,63.54300758,Cybersecurity,Tech,3.209451869,Placed,120000.0,3,3
7.858730162,1,Tier 1,UK,300+,4,72.57476392,34.81575031,Cloud,Manufacturing,5.356563148,Placed,111107.66,3,1
6.875662054,0,Tier 2,Canada,300+,1,58.51427013,53.86401643,Core CS,Manufacturing,4.328900952,Placed,76769.76777,2,1
6.07543394,1,Tier 2,UK,300+,1,72.81118162,60.52763158,AI/ML,Manufacturing,7.452963699,Placed,103797.0227,2,1
6.837915382,3,Tier 3,India,100-300,1,66.86807482,79.40527701,Data Science,Other,4.704018492,Placed,44487.68751,1,2
7.784003389,0,Tier 3,Germany,Top 100,2,61.41194636,44.24104661,Cybersecurity,Finance,6.338259386,Placed,83331.7939,1,3
7.244120669,2,Tier 3,Germany,100-300,1,69.88547671,57.16292907,Core CS,Finance,7.336561193,Placed,78646.40207,1,2
7.918472693,1,Tier 2,India,300+,2,59.34958482,60.08730183,AI/ML,Tech,4.941853454,Placed,61484.91391,2,1
7.273403137,0,Tier 2,UK,100-300,2,68.24284225,72.46684158,Core CS,Manufacturing,7.666174837,Placed,93543.12166,2,2
7.119047009,1,Tier 2,USA,300+,1,61.75869233,75.22473837,Cybersecurity,Consulting,6.688393625,Placed,104902.6051,2,1
6.828858827,0,Tier 2,Germany,Top 100,2,67.3697355,68.52348527,Cloud,Manufacturing,5.890298647,Placed,93534.17874,2,3
6.412205429,1,Tier 3,India,300+,1,100.0,72.21923019,Cybersecurity,Consulting,6.335856063,Placed,32662.28672,1,1
6.844406812,0,Tier 3,Germany,300+,2,99.23352967,64.19677055,Data Science,Finance,3.289271196,Placed,79838.26743,1,1
7.532702259,1,Tier 1,UK,100-300,3,86.13322566,47.2262436,Cybersecurity,Tech,1.907210394,Placed,119139.7447,3,2
7.150904865,3,Tier 3,Canada,300+,1,78.72545575,87.88644217,Core CS,Manufacturing,6.791887375,Placed,67906.03618,1,1
8.286453798,0,Tier 1,USA,Top 100,0,65.93397594,67.74729165,Core CS,Consulting,6.710236641,Placed,120000.0,3,3
7.857344299,2,Tier 2,Canada,300+,1,60.44381094,69.77765147,Cloud,Other,7.925478876,Placed,89473.20215,2,1
7.236179807,1,Tier 2,UK,300+,0,56.7033891,67.94768299,Core CS,Healthcare,5.022535523,Placed,90265.90762,2,1
6.990380777,1,Tier 3,Canada,300+,3,79.88863701,70.28370528,Cloud,Healthcare,2.99444277,Placed,70837.83453,1,1
6.808355313,0,Tier 1,UK,100-300,0,70.53846955,65.14021252,AI/ML,Tech,4.230180473,Placed,120000.0,3,2
6.976518638,2,Tier 3,Canada,Top 100,1,58.0289049,47.38518531,Data Science,Consulting,8.086236475,Placed,87214.50782,1,3
8.077552996,1,Tier 2,Canada,300+,0,74.53339042,66.67405425,Data Science,Manufacturing,3.554675939,Placed,112684.6852,2,1
7.619218219,0,Tier 2,India,100-300,2,54.14037907,46.01257333,Cloud,Finance,6.924698143,Placed,50047.035,2,2
7.236532441,0,Tier 3,USA,100-300,2,55.64223609,49.3810095,Core CS,Healthcare,5.608068559,Placed,89773.05249,1,2
8.022624758,0,Tier 2,Canada,Top 100,4,70.29217715,57.6507609,Cloud,Manufacturing,4.879642165,Placed,100971.3858,2,3
6.951320384,1,Tier 1,Canada,100-300,1,70.38695396,55.77916003,Data Science,Consulting,8.188845915,Placed,114267.5948,3,2
6.84532724,0,Tier 3,UK,100-300,1,88.46160813,55.20610915,AI/ML,Healthcare,3.302493534,Placed,85088.20758,1,2
7.717437866,0,Tier 2,India,300+,4,60.31491566,73.99339053,Core CS,Finance,3.51962522,Placed,50961.1297,2,1
6.097092388,2,Tier 2,India,Top 100,0,69.82689212,44.19524152,Cloud,Other,7.571123011,Placed,47717.24736,2,3
6.94327571,1,Tier 1,India,300+,0,84.8694242,43.20399178,Data Science,Healthcare,3.62334494,Placed,58595.86984,3,1
5.604373689,2,Tier 2,Canada,Top 100,3,68.0545139,62.7808806,Core CS,Finance,3.056323553,Placed,89976.19027,2,3
6.853167742,1,Tier 3,USA,Top 100,1,59.7112933,73.47054175,Data Science,Finance,4.53746558,Placed,102992.2447,1,3
7.921332466,3,Tier 1,USA,100-300,1,66.40951804,82.30129637,Cloud,Finance,5.646748139,Placed,120000.0,3,2
6.918317553,4,Tier 2,India,Top 100,0,56.45369949,52.09372514,Cybersecurity,Consulting,3.497286638,Placed,50229.26187,2,3
7.030042461,1,Tier 2,USA,300+,1,86.73160077,86.97832056,AI/ML,Manufacturing,5.679327174,Placed,120000.0,2,1
7.320513311,1,Tier 1,Germany,Top 100,3,49.70963004,73.51448396,Data Science,Consulting,2.859144493,Placed,120000.0,3,3
6.369538997,0,Tier 2,USA,Top 100,0,58.77125495,72.11027012,Cloud,Other,4.393952715,Placed,104421.4076,2,3
7.458757995,2,Tier 1,Canada,Top 100,2,75.6085177,66.40452737,Cybersecurity,Finance,6.02795649,Placed,120000.0,3,3
8.193339087,0,Tier 1,Germany,Top 100,4,83.79223951,79.02273797,Cybersecurity,Tech,6.294849236,Placed,120000.0,3,3
7.579863499,2,Tier 1,Canada,100-300,1,84.58233491,66.03589685,Cybersecurity,Tech,5.067250471,Placed,111257.6221,3,2
7.738382052,0,Tier 1,India,300+,0,64.43773399,89.14478001,Cloud,Healthcare,4.927389932,Placed,58593.07372,3,1
8.192110018,0,Tier 1,Germany,300+,0,90.96237983,54.17215098,AI/ML,Consulting,4.420622935,Placed,120000.0,3,1
8.234245419,0,Tier 2,India,100-300,1,83.73596842,76.74552965,Cloud,Consulting,4.242277443,Placed,51925.28359,2,2
6.731371249,1,Tier 2,UK,300+,3,75.64767107,86.8155167,AI/ML,Healthcare,4.488666696,Placed,97006.21424,2,1
6.914097105,1,Tier 3,Germany,300+,4,84.62139137,80.55767661,AI/ML,Consulting,5.506344302,Placed,74250.93187,1,1
8.284542366,0,Tier 1,Germany,Top 100,5,65.93444146,60.53266982,Data Science,Finance,5.349158174,Placed,120000.0,3,3
6.886669895,1,Tier 2,India,100-300,3,100.0,90.24655081,AI/ML,Tech,7.447688796,Placed,52509.62003,2,2
7.24185832,2,Tier 3,UK,100-300,1,51.5701138,45.79062456,Cloud,Manufacturing,7.020350614,Placed,86057.33562,1,2
8.100477571,0,Tier 3,Germany,300+,1,77.24264094,87.54920666,Cybersecurity,Finance,3.740441128,Placed,68155.12895,1,1
6.676723751,0,Tier 1,Canada,100-300,2,74.86674984,55.72635296,Core CS,Consulting,4.875876703,Placed,108948.7398,3,2
8.628425165,0,Tier 3,UK,100-300,0,83.39512435,71.20488616,AI/ML,Tech,5.982593785,Placed,107020.4173,1,2
8.593675526,1,Tier 3,Germany,300+,3,57.52319257,70.43634482,AI/ML,Manufacturing,4.568108359,Placed,83005.31157,1,1
7.557790437,2,Tier 2,Germany,Top 100,3,76.13905764,89.92153143,Cybersecurity,Other,6.157538114,Placed,90437.74639,2,3
8.024990923,1,Tier 1,Germany,Top 100,1,82.16509304,55.3877289,Cloud,Finance,5.031307114,Placed,120000.0,3,3
7.97315791,1,Tier 1,UK,100-300,3,100.0,56.70883526,Cloud,Finance,3.594619922,Placed,115326.9653,3,2
7.124409283,1,Tier 1,UK,100-300,2,70.30798,77.39915022,Cloud,Healthcare,6.090169188,Placed,107931.6932,3,2
5.989708197,2,Tier 1,Germany,100-300,2,34.71669485,84.63579196,Data Science,Manufacturing,5.005212783,Placed,111817.6921,3,2
6.016378999,0,Tier 1,Canada,300+,0,73.09531264,62.65284705,Core CS,Consulting,4.892821841,Placed,93261.25729,3,1
7.085783431,3,Tier 2,India,100-300,1,86.46874679,72.36204006,Cloud,Consulting,5.7431612,Placed,54871.44159,2,2
6.727125654,0,Tier 2,Canada,300+,2,59.61369337,63.71888144,Core CS,Other,7.743498004,Placed,87310.75624,2,1
7.817570524,0,Tier 2,UK,Top 100,1,55.74566568,46.86992186,AI/ML,Finance,5.921169697,Placed,117310.0215,2,3
8.102514144,1,Tier 2,Germany,100-300,3,59.9343087,98.38700005,Core CS,Healthcare,6.624400379,Placed,93006.77067,2,2
6.207501421,3,Tier 3,India,300+,1,93.88913154,91.82052097,Core CS,Finance,4.428510556,Placed,35235.68617,1,1
6.725446745,2,Tier 2,Canada,100-300,2,83.22686176,47.86676335,Core CS,Tech,5.114591151,Placed,89135.83504,2,2
7.607185356,1,Tier 2,USA,100-300,1,99.00953921,69.81397165,Core CS,Healthcare,6.455112488,Placed,117926.2896,2,2
7.358462673,1,Tier 1,UK,100-300,0,76.59645099,76.48612615,Core CS,Finance,5.876795311,Placed,109380.4721,3,2
8.225904306,1,Tier 2,Canada,300+,0,84.49271242,85.71062902,AI/ML,Manufacturing,5.656278244,Placed,111347.5878,2,1
7.336429365,1,Tier 3,India,100-300,1,82.01876785,75.48624602,Cloud,Consulting,5.975486816,Placed,37010.12092,1,2
8.478487283,2,Tier 2,India,100-300,1,59.05619185,61.28603655,Data Science,Consulting,7.085186777,Placed,65898.36116,2,2
7.849733958,0,Tier 3,Canada,300+,1,82.07482725,62.53854323,AI/ML,Finance,6.077507894,Placed,91136.34237,1,1
7.01142977,0,Tier 2,Germany,100-300,1,40.89512327,72.15975074,AI/ML,Other,5.665651145,Placed,99690.81456,2,2
7.728755523,1,Tier 1,USA,100-300,1,70.89729304,86.49584245,Data Science,Healthcare,3.449635233,Placed,120000.0,3,2
8.290382536,2,Tier 3,Canada,300+,2,73.47588417,78.89235225,Data Science,Consulting,5.437142014,Placed,84370.23711,1,1
6.933462582,1,Tier 2,UK,100-300,0,76.50572743,57.03912056,Cybersecurity,Healthcare,4.842253798,Placed,95437.00438,2,2
8.101868024,1,Tier 2,USA,Top 100,4,74.34032166,64.87311423,Cloud,Consulting,6.325127735,Placed,118007.0799,2,3
7.545307379,1,Tier 3,UK,100-300,3,74.94643533,71.54091027,Data Science,Finance,5.037481844,Placed,91964.93317,1,2
7.011286685,0,Tier 2,Canada,300+,1,78.91192943,54.77858467,Cloud,Manufacturing,4.008442441,Placed,84174.47519,2,1
7.484410921,1,Tier 2,Canada,300+,3,89.17129138,61.49079382,AI/ML,Healthcare,4.467334044,Placed,101127.7465,2,1
7.456756556,2,Tier 1,Canada,300+,2,100.0,78.50234816,Cloud,Other,6.290675434,Placed,108976.1655,3,1
7.456388869,0,Tier 2,USA,300+,0,74.44030266,68.87615101,AI/ML,Healthcare,6.151295557,Placed,120000.0,2,1
7.795531623,0,Tier 1,UK,Top 100,2,76.65297766,73.3874883,Core CS,Healthcare,3.039368799,Placed,113678.1758,3,3
8.610843436,0,Tier 2,India,100-300,0,66.20408581,78.17935658,AI/ML,Tech,3.78147372,Placed,65418.32764,2,2
5.781462029,1,Tier 2,USA,300+,3,61.34519052,94.72900068,AI/ML,Tech,6.735869517,Placed,120000.0,2,1
6.574870879,0,Tier 2,India,300+,2,69.7871918,62.40034182,Data Science,Manufacturing,6.847630431,Placed,50233.2547,2,1
6.845534341,2,Tier 3,Germany,300+,4,74.68571209,30.0,Cybersecurity,Tech,4.284559016,Placed,78220.4623,1,1
7.840255642,3,Tier 1,Canada,100-300,1,61.09149557,80.94104519,Cloud,Tech,5.323640849,Placed,118962.103,3,2
7.637072016,3,Tier 3,USA,100-300,1,76.12058455,71.95568834,AI/ML,Tech,4.209046735,Placed,118497.0712,1,2
7.199115175,0,Tier 3,Germany,300+,1,72.1074029,61.35181999,Cybersecurity,Tech,3.960463339,Placed,82406.51249,1,1
6.656770202,3,Tier 2,India,100-300,3,60.29545356,59.74625711,Core CS,Other,4.187870356,Placed,46009.71525,2,2
7.33349845,0,Tier 2,USA,Top 100,2,72.35313313,58.53439898,Data Science,Consulting,4.079827295,Placed,120000.0,2,3
7.526905562,1,Tier 2,Germany,100-300,3,88.79546092,43.18406934,Cloud,Manufacturing,5.05315698,Placed,81004.09316,2,2
7.185755604,0,Tier 3,Canada,100-300,2,74.59855344,85.35498064,Cloud,Tech,4.769123445,Placed,86597.47092,1,2
7.460449541,1,Tier 1,Canada,100-300,3,56.35589916,65.11881295,Data Science,Consulting,6.01540243,Placed,120000.0,3,2
7.459013688,0,Tier 3,Canada,100-300,0,71.42851985,69.08509623,AI/ML,Tech,7.665569447,Placed,96985.62859,1,2
8.118275446,1,Tier 3,India,100-300,4,63.56132631,73.42093402,Cybersecurity,Healthcare,5.849782924,Placed,46012.76967,1,2
7.952938436,0,Tier 2,India,300+,0,62.33492713,51.39843364,AI/ML,Tech,5.153472375,Placed,67651.26017,2,1
6.566821595,0,Tier 2,Canada,Top 100,2,78.30260793,69.57198952,Core CS,Manufacturing,3.507545558,Placed,78374.05154,2,3
7.536814244,0,Tier 2,UK,300+,1,64.91904229,81.44764455,Core CS,Other,5.353034054,Placed,92052.97217,2,1
7.854398222,1,Tier 1,USA,100-300,3,51.09422147,80.40349342,AI/ML,Finance,3.642188422,Placed,120000.0,3,2
7.751175575,1,Tier 2,India,100-300,1,64.89884906,52.28688071,AI/ML,Tech,5.083775488,Placed,63307.23188,2,2
6.948897734,1,Tier 1,USA,300+,3,78.86917332,73.38558838,AI/ML,Healthcare,7.797421155,Placed,120000.0,3,1
5.996781878,3,Tier 2,India,300+,4,71.67893528,81.55885957,Core CS,Other,5.099319711,Placed,39978.21743,2,1
6.200850899,1,Tier 3,Germany,300+,2,52.29948819,72.96701967,Data Science,Finance,5.436397045,Placed,75719.96378,1,1
7.273780464,2,Tier 3,India,100-300,2,100.0,58.06554478,Core CS,Healthcare,5.811528859,Placed,45936.38549,1,2
7.035655689,1,Tier 2,Germany,100-300,1,73.09529175,74.26369321,Data Science,Healthcare,1.582689971,Placed,88315.09251,2,2
7.504979486,1,Tier 2,USA,100-300,2,84.87809922,36.75552596,Core CS,Manufacturing,5.835240053,Placed,109292.486,2,2
7.883997761,1,Tier 3,USA,300+,2,62.20168431,74.43964534,Core CS,Other,7.339119871,Placed,91880.18156,1,1
8.00609049,1,Tier 1,USA,100-300,2,56.33235341,52.82232222,Data Science,Finance,6.53309395,Placed,120000.0,3,2
7.26717212,1,Tier 2,Germany,100-300,1,90.22614674,64.31362828,Cybersecurity,Manufacturing,4.214816685,Placed,93206.06247,2,2
6.863056504,1,Tier 2,Germany,Top 100,1,80.12695819,75.14902684,Cloud,Consulting,4.646547165,Placed,83880.13575,2,3
5.632618881,2,Tier 2,USA,Top 100,2,74.0990991,86.16623066,Cloud,Finance,3.225317483,Placed,110596.4954,2,3
6.928637362,0,Tier 2,Germany,100-300,2,60.46762972,51.87458359,AI/ML,Consulting,6.713932968,Placed,96048.08947,2,2
8.288234384,0,Tier 2,USA,100-300,3,69.56735771,56.9505211,Core CS,Other,3.026615406,Placed,112290.5355,2,2
5.553363737,2,Tier 2,Canada,300+,1,100.0,60.34350464,Data Science,Healthcare,3.680585704,Placed,87842.77355,2,1
7.494454795,1,Tier 2,India,100-300,0,67.69616615,57.49394386,Cloud,Manufacturing,3.594323213,Placed,50729.2011,2,2
7.277221615,2,Tier 2,India,100-300,2,80.43237689,62.19108186,Data Science,Healthcare,4.995415293,Placed,55026.14883,2,2
6.193253584,1,Tier 3,Germany,Top 100,1,80.99249286,33.99773772,AI/ML,Consulting,5.345197196,Placed,73992.06651,1,3
8.229917385,0,Tier 3,India,100-300,2,62.7056192,94.29929618,Cloud,Healthcare,7.796960725,Placed,48933.95083,1,2
8.131288312,0,Tier 1,UK,100-300,1,52.06834588,61.80907962,AI/ML,Tech,5.32457105,Placed,120000.0,3,2
6.633421577,0,Tier 2,Canada,Top 100,2,56.95891706,64.54528558,Core CS,Tech,5.18268086,Placed,92372.55433,2,3
8.331353644,0,Tier 2,Canada,300+,2,76.14424726,74.91606437,AI/ML,Healthcare,3.280121307,Placed,100597.4933,2,1
6.619149954,3,Tier 2,UK,100-300,4,82.31398934,57.10427078,Cybersecurity,Healthcare,2.51960286,Placed,87333.29254,2,2
6.607510213,0,Tier 3,UK,300+,2,65.47259021,85.01207823,Cloud,Finance,6.692673111,Placed,85211.02642,1,1
6.773792538,0,Tier 2,USA,300+,2,71.05903936,68.3117272,Cloud,Other,6.894066434,Placed,101619.162,2,1
7.842037849,0,Tier 1,Canada,300+,5,79.65338144,63.69498364,Data Science,Manufacturing,4.120187183,Placed,120000.0,3,1
7.709263594,1,Tier 1,India,Top 100,3,88.40935261,80.60874227,Cybersecurity,Consulting,4.756960326,Placed,57507.08603,3,3
6.260585278,0,Tier 2,Canada,100-300,0,85.44240277,53.62184614,Core CS,Manufacturing,4.543226722,Placed,78173.53853,2,2
7.970543351,0,Tier 1,Canada,300+,1,75.76958494,59.42772388,AI/ML,Other,4.232654522,Placed,116287.753,3,1
7.426313376,1,Tier 2,USA,300+,2,73.21920417,46.24871751,Cloud,Other,5.453006,Placed,101804.2442,2,1
7.961799203,0,Tier 2,Germany,300+,3,50.55645172,85.61510414,Core CS,Consulting,3.772027436,Placed,87351.42887,2,1
7.965228579,1,Tier 3,Germany,300+,1,48.92256619,87.37956881,AI/ML,Other,4.488446982,Placed,79520.85054,1,1
6.279871818,2,Tier 3,Germany,100-300,1,71.91704724,50.46699614,Cybersecurity,Consulting,6.656645149,Placed,64745.99944,1,2
6.669241037,0,Tier 1,USA,300+,4,66.13803892,78.42762437,Cloud,Consulting,4.065177738,Placed,120000.0,3,1
6.849124137,1,Tier 2,USA,Top 100,2,74.90186815,62.37852865,Data Science,Manufacturing,4.172590727,Placed,120000.0,2,3
7.751165743,3,Tier 3,UK,300+,1,70.75164438,67.08520875,Core CS,Finance,5.350569461,Placed,74541.91437,1,1
5.776180736,2,Tier 3,UK,Top 100,1,59.17376898,69.00057015,Core CS,Finance,5.437160206,Placed,70868.03647,1,3
7.015636676,3,Tier 1,Germany,Top 100,1,50.94997364,43.12206902,Cybersecurity,Healthcare,5.854898716,Placed,98088.37507,3,3
7.055124906,0,Tier 1,USA,Top 100,1,78.54899153,79.32005629,AI/ML,Finance,6.350673951,Placed,120000.0,3,3
7.941600509,1,Tier 1,India,100-300,0,87.59671747,69.08481155,Cloud,Other,5.69763109,Placed,60246.88017,3,2
6.947671813,2,Tier 2,UK,100-300,2,74.4623987,64.23607429,AI/ML,Consulting,4.091265357,Placed,102944.1617,2,2
6.989197404,0,Tier 1,Germany,100-300,1,65.7114207,40.67848428,Core CS,Other,4.709979247,Placed,94201.54064,3,2
7.306764012,1,Tier 3,Germany,Top 100,1,37.19643224,73.29606787,Cloud,Finance,4.888731819,Placed,74752.96359,1,3
8.063835492,0,Tier 2,Canada,100-300,1,50.95808882,79.99970692,Data Science,Other,6.771355746,Placed,106339.336,2,2
6.354784134,0,Tier 2,Canada,100-300,3,63.87068443,76.01855044,AI/ML,Other,7.2467693,Placed,101233.5583,2,2
8.341760408,0,Tier 1,India,300+,2,68.36764711,71.35904028,AI/ML,Healthcare,8.299593056,Placed,68470.15477,3,1
6.651889002,1,Tier 2,India,100-300,0,65.00794393,47.8900408,Cloud,Manufacturing,6.885006929,Placed,40307.2839,2,2
5.948097068,4,Tier 2,USA,300+,1,54.88293121,77.5890842,Data Science,Other,5.062461033,Placed,112974.5573,2,1
6.619686206,1,Tier 2,Germany,100-300,2,100.0,85.48731057,Cloud,Tech,5.738687508,Placed,87478.81718,2,2
6.331303796,1,Tier 3,UK,100-300,1,52.33842033,76.25453584,Cybersecurity,Tech,5.382857198,Placed,77146.91102,1,2
6.123303351,1,Tier 3,Canada,100-300,4,77.90570662,76.52669466,AI/ML,Healthcare,7.489348081,Placed,68305.09584,1,2
9.214698885,0,Tier 1,Germany,100-300,2,59.54029098,81.66923752,Data Science,Consulting,5.135792408,Placed,120000.0,3,2
8.194967807,0,Tier 3,Canada,300+,3,80.49358339,64.42039364,AI/ML,Tech,5.013162107,Placed,88135.65077,1,1
7.538778237,0,Tier 2,India,300+,3,67.27516332,62.79078358,AI/ML,Finance,5.164606964,Placed,54020.68122,2,1
6.802465338,1,Tier 1,UK,300+,4,63.10124155,60.08742164,Core CS,Consulting,4.929455245,Placed,103015.4868,3,1
8.429791972,0,Tier 3,India,Top 100,2,88.64332351,58.33200338,Core CS,Manufacturing,5.481097247,Placed,44348.62591,1,3
8.196457389,1,Tier 2,Germany,300+,2,64.40988973,66.94465373,Core CS,Tech,7.085613325,Placed,98480.35533,2,1
8.022747966,1,Tier 3,Germany,300+,0,54.26149606,48.55787424,AI/ML,Other,6.591100596,Placed,83131.068,1,1
7.826551891,1,Tier 3,USA,Top 100,1,47.98552747,62.53280466,Cybersecurity,Other,4.174889439,Placed,102744.7229,1,3
6.47884596,2,Tier 2,Germany,300+,1,76.57911015,65.63778941,AI/ML,Other,6.521627474,Placed,86241.93889,2,1
5.506639531,2,Tier 2,Canada,Top 100,2,63.25319061,66.88432059,AI/ML,Tech,4.448056828,Placed,102857.9549,2,3
7.318110001,0,Tier 2,India,100-300,2,87.81868329,43.25636073,Core CS,Tech,4.821987518,Placed,58126.63311,2,2
6.629810682,0,Tier 1,USA,300+,4,61.73385309,66.7011686,AI/ML,Manufacturing,4.671446449,Placed,120000.0,3,1
6.754361327,0,Tier 3,Germany,100-300,1,94.70501762,74.66719678,Cloud,Manufacturing,3.170226276,Placed,68200.12827,1,2
7.914852836,0,Tier 3,Germany,Top 100,2,55.07250743,66.9556283,Core CS,Healthcare,6.436446727,Placed,76560.5613,1,3
7.085195184,2,Tier 2,UK,100-300,0,55.69307979,62.52388127,Cybersecurity,Finance,5.269374841,Placed,90196.55526,2,2
7.158140454,0,Tier 2,USA,100-300,0,57.99674693,64.01003623,Data Science,Finance,5.65584765,Placed,120000.0,2,2
7.313462966,2,Tier 1,Canada,100-300,2,55.61387483,77.80587906,Cybersecurity,Finance,5.619734379,Placed,107710.713,3,2
7.713360465,1,Tier 1,Germany,100-300,1,74.83575704,57.76100563,AI/ML,Tech,4.307173368,Placed,120000.0,3,2
7.325672307,0,Tier 3,USA,100-300,2,97.41947918,78.06854185,Data Science,Manufacturing,3.976983067,Placed,96878.39436,1,2
8.562447756,0,Tier 3,USA,300+,1,69.20346593,58.40453212,Data Science,Other,4.959463498,Placed,102280.4835,1,1
6.392158294,1,Tier 1,USA,300+,1,88.52631212,48.76119662,AI/ML,Consulting,4.811759004,Placed,120000.0,3,1
7.103998581,0,Tier 2,USA,100-300,4,96.74232807,46.67131104,Cybersecurity,Other,3.517224137,Placed,102659.4474,2,2
6.149570982,2,Tier 3,Canada,Top 100,0,52.10791166,61.19013254,Data Science,Finance,5.712103575,Placed,85926.05943,1,3
7.336997903,0,Tier 1,USA,100-300,0,76.60244261,87.79235171,Cybersecurity,Finance,4.117545836,Placed,120000.0,3,2
7.677471956,0,Tier 3,USA,100-300,2,59.00337252,86.24718497,AI/ML,Finance,5.671230513,Placed,110012.3273,1,2
7.427477771,3,Tier 1,Germany,100-300,1,52.06256304,55.19283905,AI/ML,Healthcare,6.432120626,Placed,118186.7058,3,2
7.796134132,0,Tier 2,UK,300+,1,63.94775688,60.7333723,Cybersecurity,Finance,7.069343197,Placed,98663.61335,2,1
7.664129098,0,Tier 2,India,Top 100,2,84.50945518,59.92949298,Core CS,Manufacturing,2.886817903,Placed,44254.16779,2,3
7.298273799,0,Tier 1,Canada,100-300,3,70.38479475,56.58678801,Core CS,Consulting,5.842118059,Placed,104533.9512,3,2
7.176151451,2,Tier 2,Canada,Top 100,1,80.23043732,90.10830499,Cybersecurity,Manufacturing,7.212225344,Placed,91694.93922,2,3
7.825911519,3,Tier 2,USA,Top 100,3,80.19654805,39.93396011,Cloud,Healthcare,5.326694253,Placed,119012.0921,2,3
8.53881079,0,Tier 2,Germany,Top 100,1,67.92086469,54.71171621,AI/ML,Other,4.821115478,Placed,100164.8363,2,3
6.931026322,0,Tier 2,Germany,Top 100,0,57.36288945,87.67555282,AI/ML,Tech,4.567360604,Placed,118314.5673,2,3
5.770775448,1,Tier 3,Canada,300+,4,85.28221046,62.96579113,Cloud,Consulting,5.760799148,Placed,69742.2467,1,1
6.772168472,0,Tier 1,Germany,300+,2,69.71470954,57.21896726,Data Science,Healthcare,3.321718283,Placed,112201.3433,3,1
6.64087329,1,Tier 3,India,300+,1,66.87962764,68.29647205,Data Science,Consulting,7.821356593,Placed,40564.8806,1,1
7.077403935,0,Tier 1,UK,Top 100,4,70.02149315,62.38163282,Core CS,Consulting,5.802777593,Placed,106339.6546,3,3
5.843585482,2,Tier 2,USA,100-300,2,83.84656674,85.66799256,Data Science,Tech,3.63398469,Placed,120000.0,2,2
7.289531417,1,Tier 1,Germany,300+,2,66.81752333,52.77683095,Core CS,Finance,6.717791862,Placed,105820.1079,3,1
7.859623832,1,Tier 2,Germany,300+,3,97.69705779,68.18436191,Core CS,Tech,7.222728817,Placed,88448.91603,2,1
7.180215778,1,Tier 2,India,100-300,0,44.39729301,67.04943285,AI/ML,Consulting,5.046743031,Placed,57592.87232,2,2
8.128553856,1,Tier 2,Germany,Top 100,2,79.44506604,56.95997685,Data Science,Consulting,6.962569409,Placed,99114.8167,2,3
7.697362068,2,Tier 3,UK,300+,2,54.71193879,83.28524162,Cloud,Tech,2.922029787,Placed,93114.22446,1,1
8.113166374,2,Tier 1,USA,Top 100,0,55.3569972,73.8707962,Cloud,Consulting,3.946348946,Placed,120000.0,3,3
6.830204552,0,Tier 2,Canada,100-300,2,61.62505303,67.87752654,Data Science,Other,3.023180597,Placed,100297.019,2,2
7.02621891,2,Tier 1,USA,300+,2,69.47387475,57.45920426,Cloud,Tech,5.787704944,Placed,120000.0,3,1
7.024850741,2,Tier 1,USA,100-300,4,86.54595823,66.86138005,AI/ML,Consulting,5.845912696,Placed,120000.0,3,2
6.870586175,3,Tier 2,Canada,300+,1,88.79471955,81.43352195,Core CS,Tech,6.105598926,Placed,100764.6343,2,1
7.599813303,1,Tier 2,UK,Top 100,0,63.80125958,71.64201821,Cloud,Finance,2.441083245,Placed,108130.3368,2,3
7.487391065,1,Tier 3,USA,Top 100,4,97.95855468,52.94343754,Cloud,Manufacturing,5.914074157,Placed,100838.8829,1,3
6.734508111,0,Tier 2,India,300+,3,41.75293369,54.36926418,Cybersecurity,Consulting,5.794352921,Placed,43866.27915,2,1
7.259825275,2,Tier 3,Germany,100-300,2,61.23084854,69.41673866,Cloud,Finance,7.481411515,Placed,65828.78012,1,2
6.19424401,1,Tier 2,USA,300+,2,84.09864746,87.24647342,Data Science,Manufacturing,4.470180707,Placed,107797.9477,2,1
7.386026968,0,Tier 2,UK,100-300,1,57.49433025,46.7454164,Core CS,Tech,3.76916398,Placed,109199.4344,2,2
7.528274444,0,Tier 2,USA,100-300,0,63.70158624,77.17989264,Core CS,Manufacturing,3.626584392,Placed,110421.2657,2,2
7.598036901,1,Tier 1,India,Top 100,2,78.28444986,73.08223124,AI/ML,Consulting,4.14770816,Placed,71388.26874,3,3
7.247237468,1,Tier 2,Germany,300+,2,96.41255988,70.07976673,Cloud,Consulting,3.72802227,Placed,90585.69275,2,1
8.139163076,1,Tier 1,India,300+,1,74.15618557,59.61620491,AI/ML,Other,6.288127577,Placed,70152.07397,3,1
8.131015719,1,Tier 3,USA,100-300,4,79.05850287,70.81769177,Cybersecurity,Tech,5.289163655,Placed,107472.3737,1,2
6.976661841,2,Tier 2,Germany,100-300,1,74.80600586,51.87794265,AI/ML,Other,5.810153165,Placed,94527.96057,2,2
7.111455705,4,Tier 2,UK,100-300,2,81.61557785,63.67270192,Core CS,Manufacturing,6.084681305,Placed,104049.1601,2,2
5.799358388,2,Tier 3,India,100-300,3,92.49020808,58.52968877,Data Science,Tech,6.401891969,Placed,39733.29718,1,2
6.741539406,1,Tier 1,Germany,300+,2,89.42684333,51.23183173,Cybersecurity,Manufacturing,6.649391099,Placed,99834.44499,3,1
8.068456364,2,Tier 2,India,300+,3,77.60315482,75.78612501,Cybersecurity,Healthcare,3.555186196,Placed,49384.3381,2,1
6.960071814,0,Tier 1,UK,100-300,3,68.11954587,74.31253749,AI/ML,Healthcare,6.935957159,Placed,120000.0,3,2
7.264831122,0,Tier 2,Canada,100-300,1,71.512665,73.58890118,Cybersecurity,Healthcare,7.21392383,Placed,83384.9058,2,2
5.348107778,2,Tier 1,Canada,Top 100,2,74.67698944,58.28844353,Data Science,Finance,5.927439607,Placed,120000.0,3,3
7.977443748,0,Tier 1,Germany,Top 100,3,53.26882977,79.38188908,Data Science,Other,5.556462058,Placed,114925.5617,3,3
6.680183591,0,Tier 1,UK,100-300,4,68.91397693,48.3097293,Data Science,Other,5.886157037,Placed,110768.8934,3,2
6.998209507,0,Tier 2,UK,300+,2,65.60798967,60.77190852,AI/ML,Consulting,4.337137208,Placed,94188.37263,2,1
6.195747899,1,Tier 1,USA,100-300,2,54.92648625,40.21541426,Cloud,Tech,4.470939951,Placed,120000.0,3,2
6.421465249,1,Tier 2,Canada,300+,0,70.05410565,50.7124198,Core CS,Consulting,4.831157934,Placed,73679.12216,2,1
7.293284998,2,Tier 1,USA,Top 100,1,84.06644599,59.69352627,Cloud,Consulting,7.413483578,Placed,120000.0,3,3
8.397192505,0,Tier 3,India,300+,2,74.68380782,74.03736362,Data Science,Other,6.735646405,Placed,45583.2254,1,1
7.821720829,1,Tier 3,India,100-300,3,57.38559921,66.90318181,AI/ML,Consulting,5.659129911,Placed,47949.13349,1,2
6.904272878,1,Tier 2,India,Top 100,4,52.59022027,63.89338007,AI/ML,Manufacturing,3.057141199,Placed,52666.68793,2,3
8.211424589,0,Tier 2,Germany,100-300,1,68.41847081,52.36803439,Cloud,Finance,1.867923275,Placed,103188.3907,2,2
7.509526463,1,Tier 2,Canada,300+,3,48.83686795,74.0351612,Cloud,Tech,2.587788415,Placed,95158.43311,2,1
7.572189267,1,Tier 1,India,100-300,0,68.20195798,61.91588879,Core CS,Other,3.885838196,Placed,60856.56979,3,2
7.498820639,0,Tier 1,USA,300+,1,63.46638599,69.84158682,Core CS,Finance,5.125379593,Placed,120000.0,3,1
8.444333477,1,Tier 1,USA,100-300,5,67.24545334,57.39014333,Cybersecurity,Manufacturing,5.799050642,Placed,120000.0,3,2
6.04163363,1,Tier 2,USA,Top 100,2,62.94885838,77.20892566,Cloud,Healthcare,6.093976352,Placed,101772.3106,2,3
6.688477151,1,Tier 3,Canada,Top 100,0,59.75281792,58.09954468,AI/ML,Healthcare,6.608879229,Placed,78749.5829,1,3
6.9720468,1,Tier 2,Germany,300+,5,80.89138819,43.81836151,AI/ML,Consulting,1.0,Placed,95369.89822,2,1
6.274138753,0,Tier 2,USA,100-300,1,94.26250658,84.08752009,Cybersecurity,Other,3.597982529,Placed,108240.4102,2,2
6.676289184,0,Tier 2,Germany,300+,1,95.43472053,68.0522756,Data Science,Manufacturing,4.815123399,Placed,92939.76429,2,1
8.387233564,0,Tier 1,UK,300+,2,68.94151459,79.72902511,Core CS,Consulting,4.255962802,Placed,113853.2524,3,1
7.307367377,1,Tier 2,UK,Top 100,0,39.07051071,65.75526573,Core CS,Consulting,5.727032209,Placed,87306.35844,2,3
7.233719074,1,Tier 3,India,300+,1,47.71724662,56.94496233,Cloud,Other,4.828637401,Placed,37954.87861,1,1
7.224188757,0,Tier 2,India,300+,1,69.65998587,54.00278782,Core CS,Consulting,4.892803341,Placed,43866.29926,2,1
7.233735063,1,Tier 3,USA,300+,1,72.72742115,52.04688944,Data Science,Tech,7.568165085,Placed,109493.64,1,1
7.091876072,1,Tier 2,USA,Top 100,0,70.87535936,54.68513543,Core CS,Tech,4.8656924,Placed,120000.0,2,3
7.695038671,1,Tier 1,USA,Top 100,3,61.33737625,73.19122826,Cybersecurity,Consulting,6.835425425,Placed,120000.0,3,3
6.510061687,2,Tier 2,Germany,100-300,0,80.42567614,81.2635803,Data Science,Consulting,4.698863631,Placed,95586.34645,2,2
7.690203674,1,Tier 1,Germany,300+,4,82.42137066,86.51818328,AI/ML,Manufacturing,6.431183734,Placed,116859.5091,3,1
6.77452412,1,Tier 1,Germany,100-300,3,62.2328778,77.96536113,AI/ML,Finance,4.307040519,Placed,120000.0,3,2
8.234037769,1,Tier 2,Germany,Top 100,1,76.90799573,72.89980005,AI/ML,Finance,5.182731598,Placed,115285.5349,2,3
7.091580847,0,Tier 3,Canada,300+,2,89.9415561,78.0585533,Data Science,Healthcare,4.859384267,Placed,86170.71954,1,1
6.913177726,1,Tier 3,UK,Top 100,2,78.85942966,60.96569307,Cybersecurity,Healthcare,6.076042868,Placed,82251.82755,1,3
7.661470905,0,Tier 1,India,300+,1,60.1492017,100.0,Data Science,Tech,6.961450128,Placed,72333.87744,3,1
6.916792618,0,Tier 2,USA,Top 100,1,62.96436086,70.48300118,Cybersecurity,Manufacturing,3.342769594,Placed,110045.0524,2,3
8.147341629,0,Tier 2,Germany,300+,0,47.62515774,50.63577043,Data Science,Finance,5.697321373,Placed,107471.4831,2,1
6.694695124,0,Tier 3,India,100-300,0,69.10485608,67.39937505,Cybersecurity,Tech,4.699548039,Placed,42395.06535,1,2
7.332642181,0,Tier 2,UK,300+,0,61.55456073,49.26024104,AI/ML,Healthcare,5.999665834,Placed,115017.1742,2,1
7.183939476,1,Tier 3,India,Top 100,0,83.99638885,77.55712372,Cloud,Consulting,5.521640159,Placed,39246.10164,1,3
7.625086496,1,Tier 2,USA,300+,3,81.27204225,55.53200679,AI/ML,Other,7.228314217,Placed,120000.0,2,1
7.041898215,0,Tier 1,India,100-300,1,84.24908836,72.8602516,AI/ML,Finance,3.745022489,Placed,64352.0497,3,2
7.836368192,0,Tier 2,India,100-300,0,60.93587509,41.41096239,Cloud,Tech,3.939905782,Placed,52143.99289,2,2
7.304995724,3,Tier 2,India,Top 100,0,68.44712446,73.5025263,Cloud,Healthcare,6.280172491,Placed,47129.0321,2,3
6.967515015,1,Tier 1,India,300+,3,63.2788255,73.93028791,Cloud,Tech,4.540519062,Placed,52614.83776,3,1
8.146906887,1,Tier 3,USA,Top 100,4,77.5833775,40.23239188,Data Science,Manufacturing,4.618510921,Placed,114477.13,1,3
6.452150312,1,Tier 2,India,Top 100,2,81.76327018,65.12030424,Data Science,Consulting,4.854656655,Placed,50799.46428,2,3
6.924584743,2,Tier 2,UK,300+,0,70.80883261,73.5677112,AI/ML,Consulting,4.456872229,Placed,107529.054,2,1
7.329884775,2,Tier 2,Germany,100-300,1,91.82816238,69.55505585,Cloud,Tech,4.511391148,Placed,100748.2675,2,2
8.260938022,0,Tier 1,UK,300+,0,74.39612655,100.0,Cybersecurity,Manufacturing,2.853425095,Placed,113223.5701,3,1
7.217346868,0,Tier 2,USA,100-300,2,72.17187322,61.30301915,Core CS,Finance,5.401456014,Placed,118162.4336,2,2
8.272636594,0,Tier 3,Canada,100-300,2,72.16946745,90.79891543,Cloud,Tech,7.975160945,Placed,73623.55761,1,2
7.096507809,1,Tier 2,Canada,100-300,2,54.85203961,58.37087516,Cybersecurity,Consulting,5.401506491,Placed,88652.40215,2,2
7.835220104,0,Tier 3,USA,Top 100,1,78.82650141,59.36682939,Cybersecurity,Other,5.350904184,Placed,94624.08153,1,3
6.651801442,0,Tier 3,Canada,300+,2,72.87300644,79.14163866,Cloud,Consulting,4.500899641,Placed,74590.52833,1,1
7.220001839,1,Tier 1,UK,100-300,4,75.21667388,60.51401118,AI/ML,Healthcare,6.860808032,Placed,120000.0,3,2
8.036165658,0,Tier 3,USA,300+,4,65.25300645,61.89749573,Core CS,Consulting,5.055282484,Placed,95584.57596,1,1
6.870350318,1,Tier 2,Canada,100-300,2,59.38884321,55.10697329,Cloud,Finance,4.649117678,Placed,96482.34432,2,2
7.956141929,2,Tier 2,Canada,Top 100,1,34.40419393,71.72110033,Cybersecurity,Other,7.194900882,Placed,86510.63089,2,3
6.615828453,1,Tier 1,Canada,Top 100,1,84.80269667,81.65190564,Cloud,Healthcare,5.933873312,Placed,107903.2524,3,3
7.215080629,5,Tier 2,Germany,300+,2,88.30085587,81.52546964,AI/ML,Tech,3.89736203,Placed,113789.8916,2,1
7.167479086,1,Tier 2,UK,100-300,3,77.20114603,92.28650582,Cloud,Finance,2.871652555,Placed,101480.4936,2,2
6.963964706,2,Tier 3,Canada,300+,2,59.08461505,91.27066376,Core CS,Tech,4.649284935,Placed,76836.58228,1,1
6.653872389,0,Tier 2,USA,Top 100,1,58.86189772,49.25334741,Cybersecurity,Consulting,5.293032254,Placed,104076.5374,2,3
7.313964815,1,Tier 2,Germany,300+,3,76.19517339,38.5288292,Data Science,Finance,2.522867829,Placed,96612.27651,2,1
6.032451737,0,Tier 1,India,100-300,3,85.77706924,49.66210279,Cloud,Other,4.105892321,Placed,55975.83745,3,2
7.994261515,1,Tier 2,UK,300+,3,99.23841665,54.20968746,AI/ML,Healthcare,6.434672721,Placed,96272.26077,2,1
7.052713287,0,Tier 2,Germany,100-300,1,94.24836004,72.8301504,Cybersecurity,Consulting,5.164644986,Placed,87596.08956,2,2
8.332113906,0,Tier 3,USA,100-300,2,85.53734365,60.414699,AI/ML,Finance,4.898100552,Placed,115578.9123,1,2
6.785787585,0,Tier 1,Germany,300+,0,64.81963958,74.16939465,AI/ML,Manufacturing,6.32893279,Placed,109525.9367,3,1
8.058162576,1,Tier 2,Germany,Top 100,4,60.58198963,83.24283212,Cloud,Tech,6.374749422,Placed,103377.9528,2,3
7.140459268,1,Tier 3,India,100-300,2,77.30658044,77.60157304,AI/ML,Consulting,7.830253829,Placed,39403.39056,1,2
8.478432153,0,Tier 2,UK,Top 100,2,73.02592219,66.72696703,Core CS,Healthcare,7.224164593,Placed,108903.9568,2,3
7.792568677,1,Tier 2,USA,100-300,0,94.62245258,63.65037421,AI/ML,Tech,4.668692597,Placed,120000.0,2,2
6.903183175,1,Tier 2,Germany,Top 100,2,59.68594766,54.01304701,Cloud,Tech,4.462423682,Placed,98225.19747,2,3
7.663319228,1,Tier 1,UK,300+,1,66.46925129,46.02065134,Data Science,Consulting,4.501749634,Placed,120000.0,3,1
7.783407795,2,Tier 3,India,300+,2,55.48351743,36.83225006,AI/ML,Other,8.344598725,Placed,40420.87133,1,1
7.166033836,1,Tier 2,UK,Top 100,4,67.00681808,41.47630888,Cloud,Healthcare,5.868386715,Placed,98433.54796,2,3
5.92257147,1,Tier 3,UK,100-300,2,64.11444668,78.95914428,Cloud,Other,5.254656118,Placed,81321.06767,1,2
8.478293597,0,Tier 1,Canada,100-300,3,67.30935392,81.81766084,Cybersecurity,Finance,8.261438076,Placed,120000.0,3,2
7.952423715,0,Tier 2,UK,100-300,1,72.38322155,83.59707817,Core CS,Healthcare,7.4338206,Placed,106160.3199,2,2
6.676243315,0,Tier 1,Germany,300+,2,54.89152138,58.22597254,AI/ML,Healthcare,7.145060704,Placed,120000.0,3,1
7.823683489,1,Tier 1,Germany,300+,1,67.63236613,60.03524623,Core CS,Manufacturing,5.221188189,Placed,100940.4823,3,1
8.58597636,1,Tier 1,Germany,100-300,3,89.1891548,57.50950164,Data Science,Other,7.126944413,Placed,120000.0,3,2
7.763008205,0,Tier 2,Canada,300+,0,100.0,37.69923618,AI/ML,Other,5.700687005,Placed,103462.4868,2,1
8.737442134,0,Tier 1,UK,300+,2,90.9058163,90.00513004,Cloud,Healthcare,7.335276983,Placed,113330.9258,3,1
6.262118937,0,Tier 2,UK,100-300,2,46.45405435,75.81536403,Cybersecurity,Finance,4.968593358,Placed,99322.85106,2,2
7.35340852,2,Tier 3,Canada,100-300,2,89.03852725,64.53026053,Cloud,Other,3.038943438,Placed,73982.45489,1,2
7.14048284,2,Tier 1,Germany,Top 100,1,88.02897711,68.39071371,Core CS,Manufacturing,6.552081224,Placed,103833.5245,3,3
6.878439101,2,Tier 1,Canada,Top 100,0,74.74951325,63.32119642,Cybersecurity,Finance,5.273628804,Placed,118814.4566,3,3
7.647406902,1,Tier 1,Canada,300+,3,100.0,68.01789265,Cybersecurity,Tech,5.856048669,Placed,113479.4001,3,1
7.985862884,1,Tier 3,USA,Top 100,2,64.77503542,49.48931342,Data Science,Finance,5.749866892,Placed,114743.3966,1,3
6.625809053,1,Tier 3,UK,100-300,2,52.52907106,39.91433503,Data Science,Consulting,5.625554156,Placed,88803.92362,1,2
6.758736154,3,Tier 3,Canada,100-300,3,88.68807527,78.73404766,Cybersecurity,Tech,6.11824143,Placed,81903.37095,1,2
7.262915221,2,Tier 1,USA,300+,1,65.77696484,73.87390901,Cybersecurity,Finance,7.777323108,Placed,120000.0,3,1
6.540944069,1,Tier 1,India,300+,2,89.8004821,72.22295346,Cybersecurity,Tech,5.549237255,Placed,60070.08602,3,1
7.626524525,2,Tier 1,USA,Top 100,0,81.55392454,73.5879395,Cloud,Manufacturing,5.774028694,Placed,120000.0,3,3
6.54489842,2,Tier 2,UK,100-300,2,77.59422354,63.24282709,Core CS,Finance,3.839136802,Placed,91082.82905,2,2
8.126895595,0,Tier 1,UK,100-300,4,95.92262094,58.50968868,Data Science,Tech,5.071971037,Placed,120000.0,3,2
6.899402962,1,Tier 3,UK,300+,0,66.68616253,93.40254088,Data Science,Tech,3.001253492,Placed,96243.25389,1,1
7.596819162,0,Tier 2,Germany,300+,4,64.04937554,100.0,Data Science,Other,6.724485123,Placed,113357.052,2,1
6.497967998,1,Tier 1,UK,300+,2,65.86199523,62.89273151,Data Science,Healthcare,3.707335938,Placed,120000.0,3,1
7.288604604,1,Tier 2,UK,Top 100,3,63.43798857,46.93089893,Core CS,Consulting,4.342631384,Placed,95943.63421,2,3
7.057830678,0,Tier 2,Canada,100-300,1,100.0,68.06722037,Core CS,Manufacturing,5.462204887,Placed,91137.00795,2,2
7.444660822,0,Tier 3,Canada,100-300,1,62.77456996,68.32977984,Cybersecurity,Healthcare,4.231641204,Placed,75907.97743,1,2
6.818778022,2,Tier 3,USA,100-300,1,80.25385683,78.49239246,Cloud,Finance,5.489868212,Placed,103588.1621,1,2
8.606778409,1,Tier 2,UK,100-300,1,55.70705306,62.18030752,Data Science,Finance,4.509635433,Placed,120000.0,2,2
7.587160383,0,Tier 3,UK,100-300,5,48.12764138,85.42757127,Core CS,Healthcare,3.65775861,Placed,77245.09246,1,2
6.731377106,1,Tier 2,Canada,Top 100,2,77.16797697,30.0,Cloud,Consulting,2.456876546,Placed,89915.54224,2,3
6.746317734,0,Tier 3,UK,100-300,1,63.08434292,71.88648396,Cloud,Other,3.681788748,Placed,72382.36561,1,2
7.456979368,1,Tier 1,USA,300+,4,60.7771547,56.14063636,Core CS,Consulting,7.009554358,Placed,120000.0,3,1
8.112514877,0,Tier 2,Canada,Top 100,3,66.59581135,68.63856114,AI/ML,Manufacturing,6.438389383,Placed,120000.0,2,3
7.376010929,0,Tier 1,USA,100-300,1,85.33124063,59.20195796,Cloud,Other,4.423905114,Placed,120000.0,3,2
6.210847601,1,Tier 1,USA,100-300,2,90.42785912,58.97872652,Core CS,Healthcare,4.556353591,Placed,120000.0,3,2
7.413460213,2,Tier 2,Canada,100-300,1,81.25043734,42.73510687,AI/ML,Manufacturing,7.286636059,Placed,106301.8093,2,2
8.725079705,0,Tier 2,USA,100-300,1,75.81908824,47.70332885,Data Science,Other,3.724272944,Placed,120000.0,2,2
6.695444301,0,Tier 1,USA,100-300,2,49.57287748,64.17694021,Data Science,Manufacturing,3.128557834,Placed,120000.0,3,2
6.699213137,2,Tier 1,USA,Top 100,1,58.98034565,100.0,AI/ML,Tech,4.789081583,Placed,120000.0,3,3
6.551128695,2,Tier 2,Germany,100-300,1,65.23182414,68.93600592,Data Science,Finance,5.509197309,Placed,104990.1532,2,2
7.324028309,0,Tier 2,USA,300+,1,71.10305114,61.63920341,Cybersecurity,Healthcare,6.29851928,Placed,108479.839,2,1
6.323558259,0,Tier 2,Germany,300+,1,78.5689539,63.12304262,Core CS,Tech,4.723328403,Placed,78030.17209,2,1
5.711789505,3,Tier 2,Canada,300+,2,46.21900423,57.1346527,Cloud,Healthcare,3.943767902,Placed,76587.2761,2,1
7.60255196,1,Tier 2,Canada,100-300,1,57.39244012,60.57517706,Core CS,Tech,5.432788062,Placed,101315.9374,2,2
7.919589891,1,Tier 1,India,300+,1,48.29793045,48.48734118,AI/ML,Manufacturing,6.604907388,Placed,65255.90421,3,1
7.326151789,0,Tier 2,USA,300+,0,69.45202626,77.74759095,Cybersecurity,Manufacturing,4.964190442,Placed,99214.44789,2,1
7.464799632,1,Tier 1,Germany,100-300,5,70.93693506,60.5616837,Core CS,Tech,5.111555844,Placed,108732.2174,3,2
7.63880107,1,Tier 3,India,300+,2,48.47556646,45.70625856,AI/ML,Manufacturing,5.204691023,Placed,43246.27258,1,1
7.701284704,1,Tier 1,USA,100-300,1,88.59636594,74.01813504,Cloud,Manufacturing,5.034511216,Placed,120000.0,3,2
6.750571541,2,Tier 2,USA,100-300,1,96.29429179,60.88069771,Core CS,Consulting,6.240058485,Placed,100306.5691,2,2
8.00187709,3,Tier 3,USA,300+,1,92.83521456,66.02780942,Data Science,Finance,5.2724201,Placed,108046.6331,1,1
7.909164459,1,Tier 1,Germany,100-300,4,95.15839877,62.3574164,Data Science,Other,4.704170884,Placed,120000.0,3,2
6.969949193,3,Tier 2,USA,100-300,1,74.39281231,45.23854617,Cloud,Consulting,2.811205786,Placed,108400.3854,2,2
6.740658511,1,Tier 2,Canada,300+,2,49.41313292,73.48206109,AI/ML,Healthcare,5.047009564,Placed,93495.87319,2,1
8.014971116,0,Tier 1,Canada,Top 100,2,53.7641201,59.94798025,Core CS,Other,6.355499048,Placed,116141.6624,3,3
7.152178577,1,Tier 3,Canada,100-300,1,90.70865477,34.72799702,Data Science,Tech,3.974243372,Placed,89536.02542,1,2
7.685726711,2,Tier 1,UK,300+,3,85.84092396,59.7975919,Cybersecurity,Healthcare,6.881330574,Placed,112845.8085,3,1
8.219710877,0,Tier 3,India,300+,2,57.72276435,83.00099731,Data Science,Healthcare,4.744683015,Placed,40966.0412,1,1
7.34741092,0,Tier 3,UK,300+,4,78.60516845,65.43659065,Data Science,Tech,6.142273684,Placed,91540.91446,1,1
5.858680631,1,Tier 1,India,Top 100,2,78.4742275,86.43658224,Cloud,Healthcare,6.628582141,Placed,52968.3007,3,3
7.508581221,0,Tier 3,UK,Top 100,1,62.14680375,77.64220939,AI/ML,Other,5.917028195,Placed,96483.20329,1,3
7.325478108,0,Tier 3,Canada,Top 100,2,65.45293415,71.1605794,AI/ML,Manufacturing,8.388854833,Placed,92336.23196,1,3
7.812313863,2,Tier 2,USA,Top 100,2,37.53850225,57.29380808,Data Science,Healthcare,7.66872388,Placed,120000.0,2,3
7.821648341,0,Tier 1,India,100-300,1,85.48329995,71.84681786,AI/ML,Tech,3.651014642,Placed,82909.48653,3,2
7.713502108,1,Tier 1,UK,300+,2,58.35729142,32.39655255,Data Science,Other,5.7422841,Placed,120000.0,3,1
8.921266929,1,Tier 1,Canada,300+,0,78.23873475,32.91689398,Cloud,Finance,5.911750106,Placed,120000.0,3,1
8.603538643,0,Tier 2,Canada,300+,2,83.22199655,77.61381853,Data Science,Finance,5.760677853,Placed,113033.6348,2,1
6.922151079,2,Tier 1,UK,300+,3,37.54014785,98.92285099,Data Science,Consulting,3.987399288,Placed,117570.6321,3,1
6.807420557,0,Tier 2,India,300+,2,84.37849367,80.67291846,Data Science,Tech,6.779333284,Placed,55949.82355,2,1
5.639087621,1,Tier 2,Canada,300+,3,57.85249131,76.41294393,AI/ML,Tech,4.952871216,Placed,100059.6478,2,1
7.299249671,1,Tier 3,USA,100-300,1,67.85123913,61.38986551,Data Science,Finance,7.177362439,Placed,107501.6573,1,2
7.211585348,1,Tier 2,Germany,300+,0,87.34972538,85.55319346,Cloud,Healthcare,5.992658775,Placed,82119.04778,2,1
7.050961888,0,Tier 2,Germany,Top 100,3,62.63849789,73.22440196,Core CS,Finance,4.038574942,Placed,99792.50452,2,3
7.401520187,0,Tier 2,Germany,Top 100,4,61.33934111,47.08847639,Cybersecurity,Healthcare,4.129977713,Placed,84543.74687,2,3
7.171986254,0,Tier 2,USA,300+,2,76.89751679,40.27224891,Core CS,Healthcare,6.334773282,Placed,102769.3604,2,1
7.541595278,2,Tier 2,Germany,Top 100,1,71.55013871,87.43848187,Core CS,Other,8.09145223,Placed,87245.6567,2,3
7.154289475,2,Tier 2,UK,300+,2,80.84292546,53.48902436,Cybersecurity,Other,5.10839268,Placed,95853.06167,2,1
8.214737625,0,Tier 2,India,100-300,4,66.39809758,70.39963703,Cybersecurity,Manufacturing,5.165296381,Placed,55462.86185,2,2
7.336214823,3,Tier 1,USA,Top 100,5,70.36473415,88.8193097,Cloud,Healthcare,4.113568934,Placed,120000.0,3,3
8.043970151,1,Tier 2,USA,Top 100,5,62.90613743,86.49786953,Cybersecurity,Finance,7.324322406,Placed,120000.0,2,3
8.043867811,1,Tier 3,India,300+,0,67.75080172,68.75810628,Core CS,Healthcare,7.140371783,Placed,38123.3191,1,1
7.108140993,1,Tier 3,USA,100-300,1,65.37173747,87.89136643,Cloud,Manufacturing,5.988466576,Placed,96954.37722,1,2
6.958436183,2,Tier 3,India,300+,1,49.41461483,82.62996241,Core CS,Finance,7.518399495,Placed,29196.35986,1,1
7.225078678,0,Tier 2,UK,300+,2,75.24409097,67.12390049,Core CS,Other,6.817510129,Placed,91157.97367,2,1
7.181623088,0,Tier 3,India,100-300,2,66.25360727,40.53081579,AI/ML,Consulting,5.811541061,Placed,42706.88043,1,2
8.019417807,2,Tier 2,Germany,100-300,0,81.2711017,68.3149512,AI/ML,Healthcare,6.252958168,Placed,99462.71921,2,2
7.215020631,3,Tier 1,USA,Top 100,1,77.15758961,74.10737184,Cybersecurity,Tech,4.350666635,Placed,120000.0,3,3
7.14968568,0,Tier 2,USA,300+,1,92.68342092,70.55896821,Cybersecurity,Consulting,4.338883776,Placed,105096.7387,2,1
7.310739691,1,Tier 2,Germany,100-300,2,83.39858749,64.37311988,AI/ML,Consulting,4.904811368,Placed,94625.50741,2,2
7.500473042,1,Tier 3,India,100-300,5,72.24524274,66.89425244,AI/ML,Tech,3.467511766,Placed,57975.72607,1,2
8.18771349,0,Tier 1,USA,300+,2,30.33664131,73.23121117,Data Science,Finance,5.567086999,Placed,120000.0,3,1
6.178917102,2,Tier 3,India,300+,0,62.22628036,61.03485398,AI/ML,Healthcare,5.910738232,Placed,40407.49724,1,1
8.271553027,0,Tier 1,UK,100-300,1,69.43829217,78.13196501,Cloud,Finance,5.073729874,Placed,120000.0,3,2
7.227128847,1,Tier 1,UK,100-300,2,61.01867163,45.86909231,Cloud,Consulting,5.973640303,Placed,113428.0443,3,2
6.994349676,1,Tier 3,Germany,100-300,0,86.85115651,85.00430204,Data Science,Tech,4.838522486,Placed,86139.03036,1,2
7.790182813,1,Tier 1,Germany,100-300,3,96.11139907,49.44529605,Cybersecurity,Consulting,6.994082892,Placed,101385.8832,3,2
6.376154659,0,Tier 1,Germany,100-300,2,97.69577574,59.37315545,Cloud,Healthcare,5.000699232,Placed,102064.5909,3,2
7.793541048,0,Tier 1,UK,100-300,4,58.91167932,87.24287571,Cybersecurity,Healthcare,3.25180491,Placed,110722.8111,3,2
5.493613243,1,Tier 1,India,300+,2,66.7759759,66.58174855,Cloud,Healthcare,4.560141313,Placed,38445.32758,3,1
7.387787718,1,Tier 2,Canada,100-300,2,64.01508666,84.96646339,AI/ML,Healthcare,7.452917524,Placed,103330.7264,2,2
6.758561205,1,Tier 2,UK,100-300,2,88.47879486,72.19770045,Cybersecurity,Tech,6.762888591,Placed,106234.3141,2,2
9.024295735,0,Tier 1,USA,300+,3,70.79976619,61.33641879,Cloud,Other,6.514403827,Placed,120000.0,3,1
7.491968986,0,Tier 3,Canada,100-300,3,76.74891273,82.7204342,Data Science,Other,5.940657701,Placed,81560.47036,1,2
7.962862444,2,Tier 3,USA,Top 100,2,70.64661207,73.02420363,Cybersecurity,Manufacturing,3.384652485,Placed,99283.90936,1,3
7.357362889,1,Tier 2,UK,Top 100,1,89.45260017,56.27383553,Data Science,Healthcare,6.014537709,Placed,111935.842,2,3
7.005238926,0,Tier 3,UK,100-300,2,76.22357296,46.86885674,Core CS,Tech,6.047548828,Placed,83146.44959,1,2
7.433939176,1,Tier 3,Germany,100-300,0,89.00291901,81.76045404,Core CS,Finance,5.914434239,Placed,69766.31342,1,2
6.352828886,2,Tier 1,USA,100-300,3,55.45280018,41.56912372,Data Science,Healthcare,6.460391911,Placed,120000.0,3,2
8.246324346,1,Tier 1,USA,300+,0,79.21018979,67.58422717,Cloud,Finance,4.424502608,Placed,120000.0,3,1
7.794102482,1,Tier 1,USA,100-300,1,84.93127298,69.96717924,Cloud,Other,7.297620256,Placed,120000.0,3,2
6.139917562,0,Tier 1,Canada,Top 100,1,86.26541299,54.06753088,AI/ML,Other,1.852492615,Placed,120000.0,3,3
7.542375977,3,Tier 2,Canada,Top 100,2,62.98063632,78.20723714,Cybersecurity,Finance,6.403207178,Placed,100463.9831,2,3
5.972217787,1,Tier 1,USA,100-300,3,49.41552698,77.79232178,Cloud,Finance,3.704997411,Placed,120000.0,3,2
6.735180533,0,Tier 2,Germany,Top 100,2,93.84551972,86.06781997,Core CS,Manufacturing,5.301927407,Placed,81532.55569,2,3
6.947067252,1,Tier 2,UK,300+,1,76.58690738,56.14966665,AI/ML,Finance,7.111324608,Placed,113263.3971,2,1
6.147357831,0,Tier 1,Canada,300+,3,82.98483018,96.18630067,Core CS,Other,4.404712124,Placed,96790.43423,3,1
7.475883499,1,Tier 2,India,300+,1,65.74722936,75.20465792,Core CS,Tech,4.845644024,Placed,51718.3835,2,1
6.399498542,1,Tier 1,UK,300+,2,66.75979142,83.13140743,AI/ML,Finance,5.89493399,Placed,120000.0,3,1
6.760360471,0,Tier 2,India,Top 100,2,63.09144851,51.10682793,Cloud,Tech,4.698205051,Placed,52990.87828,2,3
7.001746873,2,Tier 2,India,300+,3,84.28619586,94.13873144,Cybersecurity,Tech,5.265335127,Placed,48802.70929,2,1
5.899931813,2,Tier 2,India,100-300,0,92.47331749,57.75199958,Data Science,Manufacturing,5.630493334,Placed,50725.99947,2,2
6.629973627,0,Tier 2,Canada,300+,2,83.73866678,42.08552085,Core CS,Other,4.669834444,Placed,88184.647,2,1
5.978050717,2,Tier 2,USA,Top 100,3,79.71942344,69.47439748,Cybersecurity,Consulting,7.138237937,Placed,103131.0708,2,3
7.925265321,0,Tier 1,India,300+,3,79.72745087,61.20793652,Cybersecurity,Manufacturing,5.869357939,Placed,50356.03067,3,1
8.01569061,0,Tier 1,UK,100-300,2,66.00792805,62.13392117,Data Science,Other,6.731059089,Placed,120000.0,3,2
6.003879539,0,Tier 2,India,300+,1,70.28058028,76.73112536,Data Science,Finance,4.371564372,Placed,50349.98694,2,1
8.086095706,0,Tier 1,Germany,300+,3,91.95411824,48.67275543,Data Science,Other,5.789281705,Placed,116226.3761,3,1
7.738435862,0,Tier 3,India,100-300,0,68.47880687,85.71268653,Core CS,Consulting,3.684199376,Placed,37644.60638,1,2
7.324875215,1,Tier 2,Germany,100-300,1,69.04508956,58.94836941,AI/ML,Tech,2.073611432,Placed,112201.9455,2,2
6.348677395,1,Tier 1,UK,300+,2,62.06529776,58.86647568,Core CS,Manufacturing,7.547609777,Placed,104119.4043,3,1
5.831758052,1,Tier 2,Germany,300+,0,71.27679998,65.40199416,Cybersecurity,Healthcare,8.315529192,Placed,69210.31013,2,1
7.150353421,0,Tier 2,Germany,300+,2,45.56354103,67.07385348,AI/ML,Tech,5.924115899,Placed,105970.8836,2,1
7.520772543,0,Tier 2,Canada,300+,0,81.5285762,60.03166265,Core CS,Finance,4.910608684,Placed,100203.4931,2,1
6.905615124,0,Tier 3,Germany,300+,1,70.17310028,52.03670053,Data Science,Consulting,7.340220173,Placed,76274.15752,1,1
6.074402835,1,Tier 1,Germany,300+,5,64.60680636,58.35068272,Cybersecurity,Tech,6.858374764,Placed,98020.39052,3,1
6.454340162,1,Tier 2,India,100-300,2,74.26961323,53.41667074,Cloud,Tech,6.241707906,Placed,60241.46064,2,2
7.921878911,0,Tier 3,Canada,100-300,1,89.86010164,77.95996571,AI/ML,Healthcare,3.004418351,Placed,89032.84072,1,2
6.612297148,2,Tier 1,USA,Top 100,2,86.41844748,45.38440344,Cloud,Consulting,2.584002523,Placed,120000.0,3,3
7.114734105,1,Tier 1,USA,100-300,3,47.82196344,48.22410233,AI/ML,Consulting,6.974638998,Placed,120000.0,3,2
7.269266436,2,Tier 3,USA,300+,2,71.93205202,82.51295092,Cybersecurity,Manufacturing,7.428820039,Placed,84538.36301,1,1
6.633852351,0,Tier 2,Canada,100-300,1,56.93341605,70.29169573,Data Science,Healthcare,4.78277399,Placed,97518.59438,2,2
7.618846165,1,Tier 2,India,Top 100,2,67.89196428,89.35630336,Cloud,Tech,5.671262919,Placed,54442.26817,2,3
6.603435243,0,Tier 1,India,Top 100,3,59.4697861,65.71400848,Cloud,Finance,5.574155581,Placed,63928.05053,3,3
5.864453443,3,Tier 2,India,100-300,1,61.0340881,87.42859089,Core CS,Tech,5.657311442,Placed,54336.83555,2,2
7.158573862,1,Tier 2,UK,300+,1,70.32031166,38.71987502,Data Science,Consulting,8.066630031,Placed,103051.37,2,1
7.118838323,2,Tier 1,India,Top 100,3,40.08677501,53.2497526,Core CS,Consulting,6.201085973,Placed,51857.62568,3,3
6.758613557,0,Tier 2,Canada,Top 100,3,70.97248411,62.1204037,AI/ML,Tech,7.452946671,Placed,113713.2612,2,3
7.746453285,1,Tier 3,India,100-300,1,80.52063929,53.20511233,Cybersecurity,Consulting,6.09862011,Placed,37994.44768,1,2
7.050833524,1,Tier 1,UK,100-300,2,63.60243086,46.70248868,Cloud,Manufacturing,4.687048,Placed,106046.7152,3,2
7.562603062,1,Tier 1,Canada,100-300,1,77.75674996,70.12125774,Data Science,Other,7.590358219,Placed,120000.0,3,2
7.227030422,0,Tier 3,UK,100-300,4,88.38984812,71.64044829,Cybersecurity,Finance,3.557603063,Placed,87974.97128,1,2
6.830038638,1,Tier 3,India,100-300,1,82.46246682,71.03009389,Core CS,Tech,6.67444242,Placed,47595.27728,1,2
8.269920482,0,Tier 1,Canada,Top 100,1,53.99525679,69.02534233,Data Science,Manufacturing,8.052355564,Placed,120000.0,3,3
7.132687221,1,Tier 1,India,Top 100,3,52.81924206,69.36332182,Core CS,Tech,6.245936159,Placed,58170.11064,3,3
7.294798069,1,Tier 3,India,Top 100,1,75.13595779,71.33819798,Core CS,Tech,4.408901387,Placed,48971.99707,1,3
6.633858406,0,Tier 1,Germany,300+,0,69.21904024,56.30325158,Core CS,Tech,2.836900411,Placed,101536.2896,3,1
7.857180744,3,Tier 2,UK,300+,1,78.31676549,61.28347769,Cloud,Manufacturing,4.120168399,Placed,86406.03988,2,1
5.761944165,1,Tier 2,Germany,100-300,0,70.79981184,69.45683043,Cybersecurity,Healthcare,7.602116139,Placed,85436.33643,2,2
8.34116397,0,Tier 3,Germany,Top 100,5,71.07325078,61.38450598,Core CS,Manufacturing,3.755989558,Placed,73616.0244,1,3
7.658145941,0,Tier 1,USA,Top 100,1,78.71310862,56.79498139,AI/ML,Finance,6.692085744,Placed,120000.0,3,3
7.268253805,1,Tier 3,India,Top 100,0,71.55091915,71.63696834,Cloud,Healthcare,5.10594908,Placed,37891.52661,1,3
7.144244041,2,Tier 2,India,100-300,3,75.17262339,86.57762419,Cloud,Consulting,4.765616207,Placed,40386.3005,2,2
6.235091438,0,Tier 3,India,100-300,4,57.54721729,51.48935106,Cloud,Tech,5.918821205,Placed,35847.08488,1,2
6.527345322,0,Tier 2,UK,100-300,1,63.1459558,90.67967381,AI/ML,Manufacturing,5.15116654,Placed,85704.19904,2,2
6.958792645,1,Tier 1,India,100-300,1,91.67149972,71.11330834,Cloud,Consulting,7.333191411,Placed,48176.00684,3,2
7.300287757,0,Tier 2,Germany,300+,4,62.94805052,75.03408678,Cloud,Manufacturing,5.623890555,Placed,87167.17687,2,1
6.907849337,0,Tier 2,USA,300+,2,55.47541164,86.50714808,AI/ML,Tech,5.278321432,Placed,120000.0,2,1
6.053531588,1,Tier 1,UK,300+,0,76.16973345,67.96934542,Core CS,Manufacturing,5.02398365,Placed,100499.7443,3,1
7.402585908,0,Tier 3,USA,300+,2,64.48866586,79.53079632,Cloud,Manufacturing,2.896322853,Placed,91577.1163,1,1
8.84450947,0,Tier 3,USA,100-300,3,79.65955938,69.95551688,AI/ML,Consulting,8.290035468,Placed,119102.2958,1,2
7.658058337,1,Tier 3,Germany,300+,3,60.0460403,55.54478581,Data Science,Other,5.100286642,Placed,85940.3999,1,1
7.125877254,0,Tier 1,Germany,100-300,2,58.30235127,61.79306105,Cybersecurity,Finance,5.391800748,Placed,111020.4519,3,2
7.781205271,0,Tier 1,Canada,100-300,0,70.47804309,69.80592033,Data Science,Consulting,4.277367096,Placed,119990.9593,3,2
6.438434161,3,Tier 2,Germany,300+,2,36.72983896,60.95694144,Cybersecurity,Manufacturing,5.768708496,Placed,72097.0097,2,1
7.308170122,1,Tier 2,Germany,100-300,2,85.11180111,63.16034023,Cloud,Other,5.065688779,Placed,77171.4615,2,2
7.896548565,0,Tier 2,Germany,100-300,2,93.74741883,38.74759844,Data Science,Healthcare,2.558927625,Placed,103390.3946,2,2
6.893377028,0,Tier 2,UK,Top 100,1,44.00671844,64.09680872,Data Science,Tech,6.428872854,Placed,120000.0,2,3
7.164389142,0,Tier 2,USA,300+,1,80.31520664,67.78915382,AI/ML,Consulting,6.024373421,Placed,120000.0,2,1
7.091447002,1,Tier 2,India,300+,3,96.69334949,60.50107485,Data Science,Manufacturing,2.969234309,Placed,53045.48088,2,1
6.12852589,0,Tier 1,Canada,100-300,2,76.3515165,53.67383672,Data Science,Consulting,4.286209564,Placed,120000.0,3,2
7.886755681,2,Tier 1,UK,300+,0,77.26468909,86.77981157,Cybersecurity,Tech,6.966331609,Placed,120000.0,3,1
7.315905192,1,Tier 2,Germany,100-300,1,95.04904668,62.13701625,Cybersecurity,Finance,3.322790612,Placed,88412.95835,2,2
6.354792297,1,Tier 2,Germany,Top 100,4,56.29664147,33.06031221,Core CS,Finance,7.877309023,Placed,78856.28726,2,3
6.632623682,1,Tier 3,India,300+,3,100.0,77.79123482,AI/ML,Other,4.884377361,Placed,47644.87677,1,1
6.859092642,1,Tier 3,USA,100-300,1,100.0,54.31804378,Core CS,Other,6.057997257,Placed,86514.11583,1,2
5.64957254,2,Tier 2,Germany,Top 100,0,100.0,91.75667572,Cybersecurity,Finance,3.329497234,Placed,87883.34979,2,3
6.519401655,2,Tier 1,India,100-300,0,64.54711062,64.14577563,AI/ML,Manufacturing,4.104373425,Placed,51579.04903,3,2
7.418016613,0,Tier 3,India,300+,3,51.35776279,70.96305078,Core CS,Tech,2.381432786,Placed,44645.32528,1,1
6.348251477,2,Tier 3,UK,100-300,3,67.78490834,68.11395586,Cloud,Tech,3.80831938,Placed,79491.79485,1,2
6.635726061,0,Tier 3,India,Top 100,1,94.81375452,30.0,Core CS,Healthcare,4.458246883,Placed,28199.67843,1,3
6.71691283,2,Tier 2,Canada,100-300,3,60.66197433,47.51718744,Cybersecurity,Consulting,3.536936918,Placed,80988.51516,2,2
8.732417162,2,Tier 1,Germany,300+,1,93.88585831,59.99508651,Core CS,Tech,8.946061342,Placed,113288.3996,3,1
7.843696503,0,Tier 2,UK,300+,1,75.52086951,55.66005625,Data Science,Manufacturing,5.769321181,Placed,104380.5202,2,1
7.81981929,2,Tier 3,UK,300+,2,75.58270463,73.11010975,Cloud,Manufacturing,5.321306871,Placed,70820.32199,1,1
7.934864291,1,Tier 1,USA,300+,1,67.26126847,44.84114042,AI/ML,Manufacturing,7.276816483,Placed,120000.0,3,1
6.200943305,0,Tier 2,Canada,100-300,3,81.96455194,70.57641266,AI/ML,Finance,8.028349949,Placed,105336.3619,2,2
6.114503767,1,Tier 1,India,300+,1,58.17616827,77.8445763,AI/ML,Other,5.274904905,Placed,60364.88391,3,1
8.067604907,0,Tier 2,India,Top 100,3,69.71523835,60.97671605,Cybersecurity,Healthcare,4.721919122,Placed,49164.37802,2,3
7.214730619,2,Tier 1,Germany,Top 100,2,76.93667378,64.83152186,AI/ML,Finance,4.966318782,Placed,120000.0,3,3
6.337455549,1,Tier 3,Canada,100-300,3,76.01759604,63.58178054,Cloud,Finance,6.080695746,Placed,86755.49771,1,2
7.548525114,0,Tier 2,UK,300+,0,65.2109691,69.1062932,Data Science,Healthcare,6.431307211,Placed,107376.9311,2,1
7.549419256,0,Tier 2,Canada,Top 100,1,52.57272032,69.87823422,Core CS,Finance,4.675860289,Placed,93545.93725,2,3
7.47333444,1,Tier 3,UK,300+,2,61.99111986,93.62304911,Data Science,Finance,5.842066859,Placed,91360.09298,1,1
6.313813459,1,Tier 2,UK,Top 100,1,83.34462971,72.03203864,Cloud,Manufacturing,3.312095273,Placed,92806.9249,2,3
6.692166381,0,Tier 3,USA,100-300,2,73.49918013,58.690579,Data Science,Manufacturing,5.050562466,Placed,91984.02996,1,2
7.444593742,4,Tier 1,Canada,100-300,2,52.89184708,75.38516339,Cybersecurity,Manufacturing,6.565535709,Placed,110350.1156,3,2
8.643273953,0,Tier 2,Germany,300+,0,64.78150564,84.58198181,Data Science,Tech,7.136681086,Placed,111672.0982,2,1
7.484323604,0,Tier 1,USA,300+,2,80.92909183,44.09604103,AI/ML,Other,2.555900066,Placed,120000.0,3,1
7.37811181,1,Tier 3,Germany,100-300,3,57.09653183,68.39911259,AI/ML,Other,1.225428063,Placed,81211.20302,1,2
7.257267632,1,Tier 3,USA,Top 100,3,74.38009555,68.62092776,AI/ML,Finance,4.102573782,Placed,112005.1339,1,3
7.303759742,2,Tier 3,India,Top 100,2,67.59557129,57.63729982,Cybersecurity,Consulting,3.89318376,Placed,44996.22026,1,3
6.750826244,2,Tier 1,UK,300+,1,66.97259361,30.0,Cybersecurity,Tech,4.951004896,Placed,112040.5654,3,1
7.046887134,1,Tier 2,USA,Top 100,2,85.72845486,66.72280814,AI/ML,Finance,1.651938938,Placed,120000.0,2,3
6.744074178,1,Tier 3,Germany,300+,4,93.25805954,57.82433629,Data Science,Other,9.214358337,Placed,76032.30925,1,1
8.112666839,0,Tier 2,Germany,Top 100,3,68.80204515,57.78235698,Core CS,Manufacturing,6.56761312,Placed,85742.92368,2,3
7.255046672,1,Tier 2,India,300+,1,64.64647833,43.43653433,Cybersecurity,Other,4.431015201,Placed,41076.02032,2,1
7.036768749,0,Tier 2,Canada,300+,0,60.70187382,60.61900046,Data Science,Consulting,3.669827319,Placed,104609.552,2,1
6.805933571,0,Tier 3,USA,300+,1,40.50869561,67.63227087,AI/ML,Tech,2.540577606,Placed,104307.0175,1,1
7.358157013,3,Tier 2,India,100-300,2,71.40401154,97.91182939,Core CS,Finance,8.256737688,Placed,50986.81141,2,2
7.435567896,0,Tier 3,UK,100-300,0,41.81009486,37.7547105,Cybersecurity,Manufacturing,5.193853125,Placed,65731.26114,1,2
6.731587334,2,Tier 3,India,100-300,1,100.0,60.78246988,Cybersecurity,Healthcare,6.664955442,Placed,40680.74347,1,2
7.204781717,0,Tier 3,UK,100-300,3,65.95847041,48.08594426,Core CS,Other,4.01679472,Placed,72184.19717,1,2
7.732659025,0,Tier 3,Canada,100-300,2,73.12061902,59.76122177,Data Science,Consulting,5.41180248,Placed,83920.31115,1,2
6.709459553,0,Tier 2,Germany,300+,0,94.59310219,61.49679225,Cybersecurity,Tech,3.411027822,Placed,93705.84632,2,1
6.826865031,2,Tier 2,Canada,300+,2,59.46188253,65.79060248,Data Science,Tech,5.397398167,Placed,108642.6338,2,1
6.89086228,2,Tier 3,India,100-300,2,70.83749484,77.27397978,Cloud,Tech,4.146237987,Placed,40646.79413,1,2
6.377353158,0,Tier 2,USA,300+,2,77.11970204,67.64917731,Cloud,Tech,4.83419373,Placed,111574.725,2,1
6.645256465,1,Tier 3,India,100-300,2,53.28661179,80.28584223,Cybersecurity,Finance,8.128235563,Placed,41798.75104,1,2
6.783783706,0,Tier 1,USA,300+,1,44.04810963,94.34528729,Cloud,Manufacturing,5.087380873,Placed,120000.0,3,1
8.290294697,0,Tier 3,India,300+,2,67.31757396,67.22578969,Data Science,Consulting,6.104869957,Placed,46279.40811,1,1
7.757294647,0,Tier 2,USA,300+,1,69.99089944,89.34930247,Core CS,Manufacturing,4.975402745,Placed,102718.5128,2,1
7.747723766,2,Tier 1,USA,100-300,1,83.33887824,54.04877311,AI/ML,Finance,2.586334164,Placed,120000.0,3,2
7.29594049,4,Tier 3,UK,100-300,0,89.21904684,73.141781,AI/ML,Tech,4.13458745,Placed,93337.27362,1,2
6.966807116,0,Tier 1,India,Top 100,1,57.10054082,76.93598124,AI/ML,Other,5.860492109,Placed,58279.0352,3,3
7.776390768,1,Tier 1,Canada,300+,3,61.44524644,86.13276371,Cybersecurity,Finance,5.809251062,Placed,112959.0769,3,1
5.993388297,1,Tier 1,UK,100-300,5,43.75865649,54.87043334,Core CS,Consulting,5.175423819,Placed,107414.3076,3,2
7.509242565,3,Tier 1,USA,300+,4,85.54871702,42.81481897,Cloud,Manufacturing,6.498461308,Placed,120000.0,3,1
8.85808738,0,Tier 2,India,100-300,0,87.88316157,72.46688277,Cloud,Other,3.824760935,Placed,54204.73717,2,2
7.849453317,1,Tier 3,Canada,100-300,0,96.4042584,77.22284725,Cybersecurity,Healthcare,8.328624931,Placed,80247.62415,1,2
6.425717429,1,Tier 2,UK,300+,1,91.75047549,80.56401944,Cloud,Tech,3.195888931,Placed,93986.93436,2,1
7.63669105,1,Tier 2,Germany,Top 100,3,56.81493391,88.11165609,Core CS,Healthcare,5.265858418,Placed,89211.75962,2,3
7.523510507,1,Tier 2,Germany,300+,3,72.60534541,83.00174982,Core CS,Tech,4.068836365,Placed,99357.39693,2,1
7.231928939,0,Tier 2,India,300+,2,66.88177433,46.82271,Cloud,Tech,5.83066224,Placed,43709.98961,2,1
8.052805936,4,Tier 1,India,100-300,3,62.87477894,63.33169558,Data Science,Tech,5.259266345,Placed,74975.46558,3,2
7.076369633,1,Tier 2,UK,100-300,1,64.48672503,63.52240381,Cloud,Manufacturing,8.059897479,Placed,93965.62028,2,2
7.181545555,1,Tier 2,USA,100-300,1,73.71273404,44.66205333,Core CS,Finance,2.963866876,Placed,109177.5147,2,2
7.837563628,1,Tier 2,Germany,300+,1,64.08523816,77.42392429,Cybersecurity,Tech,4.235491973,Placed,101198.5435,2,1
7.037309893,0,Tier 1,India,Top 100,0,67.71433721,79.94624492,AI/ML,Tech,5.377539901,Placed,78624.50002,3,3
6.583285677,2,Tier 1,UK,100-300,4,55.89174338,55.7289824,Cybersecurity,Tech,7.05752106,Placed,120000.0,3,2
6.812336776,0,Tier 1,UK,100-300,3,74.58536155,48.21081605,Cloud,Other,3.772534809,Placed,109423.1465,3,2
7.438191183,0,Tier 2,India,100-300,2,80.72080307,43.19330204,Cybersecurity,Healthcare,4.821168345,Placed,46050.9125,2,2
6.323168262,3,Tier 1,India,Top 100,3,79.32614981,90.86579908,Data Science,Other,4.192753437,Placed,63436.66971,3,3
7.525518965,0,Tier 3,Germany,300+,2,88.05338904,48.87126107,Cybersecurity,Tech,6.117998014,Placed,84832.1468,1,1
6.422122076,1,Tier 2,India,Top 100,1,69.69861742,72.20868977,Data Science,Consulting,3.412047074,Placed,54224.69412,2,3
7.099003714,1,Tier 3,UK,100-300,0,66.82036229,71.85238258,Core CS,Tech,5.459336029,Placed,82694.08157,1,2
7.249649705,1,Tier 3,USA,300+,4,66.86312646,58.52850245,Core CS,Consulting,2.724128447,Placed,81576.33487,1,1
7.686616344,0,Tier 2,Germany,300+,0,65.06867897,54.27468064,Core CS,Manufacturing,5.685682316,Placed,83114.72483,2,1
6.546042175,0,Tier 1,UK,Top 100,2,65.79269073,56.00278376,Data Science,Other,4.824453543,Placed,120000.0,3,3
8.441222726,0,Tier 2,Germany,100-300,1,75.86571331,52.7039068,Cybersecurity,Tech,3.776539069,Placed,102774.0041,2,2
8.61773928,0,Tier 3,India,300+,2,84.07643632,61.46520276,Core CS,Manufacturing,4.179610386,Placed,47381.04883,1,1
8.464941708,0,Tier 2,India,300+,1,64.94120727,76.72554379,Data Science,Tech,5.124151292,Placed,65291.14144,2,1
6.845614906,1,Tier 2,Canada,100-300,1,84.89128148,69.04132746,Data Science,Other,5.180923184,Placed,97348.29436,2,2
8.040500321,0,Tier 1,Canada,300+,3,32.879271,54.7720306,Cloud,Consulting,6.296321137,Placed,105569.4259,3,1
7.694244368,1,Tier 3,USA,100-300,2,90.86275252,84.85134144,Cybersecurity,Other,1.508141905,Placed,87797.71182,1,2
6.288124183,1,Tier 2,Germany,100-300,0,56.71151105,56.60254396,Core CS,Finance,4.436538219,Placed,89825.42425,2,2
7.20330215,0,Tier 3,UK,100-300,1,46.61834453,54.79653695,Cloud,Consulting,7.868851778,Placed,83510.99662,1,2
7.557640783,0,Tier 3,UK,100-300,0,80.25709415,73.71508841,Core CS,Healthcare,3.579305265,Placed,80349.7894,1,2
7.31350501,2,Tier 1,USA,300+,1,77.66686203,43.62898077,Data Science,Finance,6.268350399,Placed,120000.0,3,1
7.520534103,0,Tier 1,Canada,Top 100,1,66.56622796,70.50415903,Core CS,Other,5.72048795,Placed,106898.6534,3,3
7.340728774,1,Tier 1,UK,100-300,1,61.40616057,60.68343692,Cloud,Manufacturing,3.43692649,Placed,108602.2398,3,2
6.143466875,2,Tier 3,USA,Top 100,1,71.69991443,30.0,Core CS,Other,5.8413081,Placed,89201.33171,1,3
6.812393972,2,Tier 1,Germany,300+,1,78.99443157,60.30533727,Cloud,Manufacturing,4.802229582,Placed,95295.21167,3,1
8.271317841,0,Tier 2,India,100-300,3,71.03587455,80.79623438,Cybersecurity,Manufacturing,5.576958399,Placed,47349.21869,2,2
6.99183552,2,Tier 2,India,Top 100,0,52.86530662,39.20665829,Core CS,Consulting,7.74097479,Placed,45556.29221,2,3
6.417287749,1,Tier 2,USA,Top 100,2,76.47149268,85.02050073,Data Science,Consulting,6.234083496,Placed,120000.0,2,3
6.269929441,2,Tier 2,UK,Top 100,1,77.67372731,48.8100542,Cloud,Consulting,5.829079794,Placed,93294.17369,2,3
7.561111915,1,Tier 2,USA,300+,2,65.74566862,60.82071762,Core CS,Other,5.893474299,Placed,99860.98563,2,1
7.483025176,2,Tier 3,USA,Top 100,2,96.61333658,80.27093824,Core CS,Healthcare,4.779121881,Placed,91898.93202,1,3
8.212254475,0,Tier 1,USA,Top 100,1,62.32284361,53.34676578,Cloud,Finance,6.21970066,Placed,120000.0,3,3
6.566581411,1,Tier 1,Germany,100-300,1,96.69521418,84.73903118,Cloud,Manufacturing,4.752248576,Placed,92564.1008,3,2
8.339416613,0,Tier 3,USA,300+,3,62.03730732,50.16080685,Cybersecurity,Tech,5.272032534,Placed,96886.28188,1,1
6.189851549,1,Tier 3,USA,300+,0,70.40420432,73.90123476,Core CS,Healthcare,4.648629773,Placed,88422.05154,1,1
5.592032894,2,Tier 2,Germany,300+,3,87.138141,53.47795594,Core CS,Finance,6.619105624,Placed,90756.0305,2,1
6.643363749,1,Tier 2,UK,100-300,0,76.77574054,59.38107998,Cloud,Tech,5.901745605,Placed,103754.9777,2,2
6.597022131,0,Tier 2,Canada,100-300,1,64.33282325,74.47714893,Core CS,Consulting,5.522328125,Placed,85109.52814,2,2
7.420749824,1,Tier 1,UK,100-300,3,66.96666786,56.91683944,Cloud,Healthcare,4.218090955,Placed,112640.8625,3,2
7.195112753,0,Tier 3,Germany,300+,1,64.04575677,60.54327807,AI/ML,Other,4.12442891,Placed,86331.19003,1,1
6.045621303,1,Tier 2,Germany,300+,0,87.71947681,78.89677524,Cybersecurity,Finance,3.584192437,Placed,73555.6842,2,1
6.702830383,3,Tier 2,Canada,Top 100,5,79.12419343,72.06507833,Data Science,Finance,6.200220687,Placed,113136.9107,2,3
5.579214202,1,Tier 1,USA,Top 100,2,86.83549861,56.50500758,AI/ML,Other,2.271649532,Placed,120000.0,3,3
6.215242618,1,Tier 2,Germany,100-300,2,73.345063,55.24108941,Cybersecurity,Other,6.211247388,Placed,83018.16676,2,2
8.146900016,0,Tier 3,India,300+,0,88.27615145,69.72344903,Core CS,Tech,5.693423262,Placed,37782.18675,1,1
7.529735003,1,Tier 2,UK,Top 100,0,83.17735056,69.70742599,Core CS,Manufacturing,3.587961194,Placed,101129.4241,2,3
7.955371586,1,Tier 3,USA,Top 100,2,85.53099154,52.41974654,Data Science,Manufacturing,7.375851823,Placed,119948.8988,1,3
8.04088165,0,Tier 3,USA,100-300,2,98.1204492,80.86621331,Data Science,Manufacturing,6.298524098,Placed,109831.5843,1,2
6.435746621,0,Tier 3,UK,300+,2,69.06777291,50.99274511,Core CS,Other,3.871204864,Placed,69818.81935,1,1
7.396612458,1,Tier 3,Germany,100-300,3,45.0504631,86.80788171,Cloud,Finance,3.687730571,Placed,82797.57742,1,2
7.515510763,3,Tier 2,UK,300+,4,66.94723236,46.38584304,AI/ML,Manufacturing,4.181388756,Placed,105387.8591,2,1
